bound,gain,quantile,acoh,correct,n_obs,rt_obs,p_obs,rt_pred,p_pred,n_datasets
1.5,0.8,0.25,0.0,False,1713,98.0,0.5154980439362022,98.21968749999999,0.5005484121157098,80
1.5,0.8,0.25,0.0,True,1610,103.0,0.4845019560637977,97.550625,0.4994515878842902,80
1.5,0.8,0.25,0.03,False,2039,103.0,0.3042375410325276,93.220625,0.3190742292541763,80
1.5,0.8,0.25,0.03,True,4663,98.0,0.6957624589674724,96.1309375,0.6809257707458236,80
1.5,0.8,0.25,0.06,False,1109,86.0,0.1614264919941775,83.404375,0.1806763952909452,80
1.5,0.8,0.25,0.06,True,5761,93.0,0.8385735080058224,89.095,0.8193236047090547,80
1.5,0.8,0.25,0.09,False,571,76.0,0.078509555891654,72.4040625,0.09529187814474298,80
1.5,0.8,0.25,0.09,True,6702,82.0,0.921490444108346,79.88031249999999,0.9047081218552571,80
1.5,0.8,0.25,0.12,False,269,58.0,0.0374808415772606,62.5,0.048074371443517096,80
1.5,0.8,0.25,0.12,True,6908,71.0,0.9625191584227392,70.358125,0.9519256285564829,80
1.5,0.8,0.25,0.15,False,106,43.5,0.0145305003427004,53.686249999999994,0.024401974900919353,80
1.5,0.8,0.25,0.15,True,7189,61.0,0.9854694996572996,62.3715625,0.9755980250990806,80
1.5,0.8,0.5,0.0,False,1713,194.0,0.5154980439362022,186.4075,0.5005484121157098,80
1.5,0.8,0.5,0.0,True,1610,191.0,0.4845019560637977,186.06187500000001,0.4994515878842902,80
1.5,0.8,0.5,0.03,False,2039,200.0,0.3042375410325276,176.62125,0.3190742292541763,80
1.5,0.8,0.5,0.03,True,4663,190.0,0.6957624589674724,180.47875000000002,0.6809257707458236,80
1.5,0.8,0.5,0.06,False,1109,167.0,0.1614264919941775,155.39249999999998,0.1806763952909452,80
1.5,0.8,0.5,0.06,True,5761,178.0,0.8385735080058224,163.53812499999998,0.8193236047090547,80
1.5,0.8,0.5,0.09,False,571,143.0,0.078509555891654,131.25124999999997,0.09529187814474298,80
1.5,0.8,0.5,0.09,True,6702,150.0,0.921490444108346,141.726875,0.9047081218552571,80
1.5,0.8,0.5,0.12,False,269,96.0,0.0374808415772606,108.39874999999999,0.048074371443517096,80
1.5,0.8,0.5,0.12,True,6908,126.0,0.9625191584227392,120.13624999999999,0.9519256285564829,80
1.5,0.8,0.5,0.15,False,106,81.5,0.0145305003427004,88.5925,0.024401974900919353,80
1.5,0.8,0.5,0.15,True,7189,102.0,0.9854694996572996,101.96687499999999,0.9755980250990806,80
1.5,0.8,0.75,0.0,False,1713,356.0,0.5154980439362022,327.56968750000004,0.5005484121157098,80
1.5,0.8,0.75,0.0,True,1610,352.0,0.4845019560637977,327.00250000000005,0.4994515878842902,80
1.5,0.8,0.75,0.03,False,2039,343.5,0.3042375410325276,314.70093750000007,0.3190742292541763,80
1.5,0.8,0.75,0.03,True,4663,335.0,0.6957624589674724,317.76750000000004,0.6809257707458236,80
1.5,0.8,0.75,0.06,False,1109,318.0,0.1614264919941775,278.20125,0.1806763952909452,80
1.5,0.8,0.75,0.06,True,5761,318.0,0.8385735080058224,286.01531250000005,0.8193236047090547,80
1.5,0.8,0.75,0.09,False,571,240.0,0.078509555891654,232.8765625,0.09529187814474298,80
1.5,0.8,0.75,0.09,True,6702,263.0,0.921490444108346,243.63406250000003,0.9047081218552571,80
1.5,0.8,0.75,0.12,False,269,200.0,0.0374808415772606,189.1078125,0.048074371443517096,80
1.5,0.8,0.75,0.12,True,6908,217.0,0.9625191584227392,202.18250000000003,0.9519256285564829,80
1.5,0.8,0.75,0.15,False,106,134.0,0.0145305003427004,150.32718749999998,0.024401974900919353,80
1.5,0.8,0.75,0.15,True,7189,172.0,0.9854694996572996,166.443125,0.9755980250990806,80
1.5,1.0,0.25,0.0,False,1834,66.0,0.5078925505400166,66.5309375,0.5005418834053929,80
1.5,1.0,0.25,0.0,True,1777,69.0,0.4921074494599833,66.63718750000001,0.49945811659460715,80
1.5,1.0,0.25,0.03,False,2398,64.25,0.3336579935995547,63.985,0.34302818847339694,80
1.5,1.0,0.25,0.03,True,4789,66.0,0.6663420064004453,65.43843749999999,0.656971811526603,80
1.5,1.0,0.25,0.06,False,1509,58.0,0.2106071179344033,58.88343749999999,0.2149838913049488,80
1.5,1.0,0.25,0.06,True,5656,62.0,0.7893928820655967,61.502187500000005,0.7850161086950511,80
1.5,1.0,0.25,0.09,False,881,53.0,0.1192474282620465,52.9046875,0.12599997798427848,80
1.5,1.0,0.25,0.09,True,6507,56.5,0.8807525717379534,56.175,0.8740000220157214,80
1.5,1.0,0.25,0.12,False,467,46.5,0.0645919778699861,46.115625,0.0707247589945195,80
1.5,1.0,0.25,0.12,True,6763,51.0,0.9354080221300138,50.754062499999996,0.9292752410054806,80
1.5,1.0,0.25,0.15,False,250,41.0,0.0342465753424657,42.021249999999995,0.03902807993964265,80
1.5,1.0,0.25,0.15,True,7050,45.0,0.9657534246575342,45.8084375,0.9609719200603573,80
1.5,1.0,0.5,0.0,False,1834,120.0,0.5078925505400166,122.87125,0.5005418834053929,80
1.5,1.0,0.5,0.0,True,1777,126.0,0.4921074494599833,122.95437499999998,0.49945811659460715,80
1.5,1.0,0.5,0.03,False,2398,124.0,0.3336579935995547,118.16375000000001,0.34302818847339694,80
1.5,1.0,0.5,0.03,True,4789,121.0,0.6663420064004453,119.904375,0.656971811526603,80
1.5,1.0,0.5,0.06,False,1509,108.0,0.2106071179344033,106.334375,0.2149838913049488,80
1.5,1.0,0.5,0.06,True,5656,115.0,0.7893928820655967,110.01124999999999,0.7850161086950511,80
1.5,1.0,0.5,0.09,False,881,100.0,0.1192474282620465,92.76312499999999,0.12599997798427848,80
1.5,1.0,0.5,0.09,True,6507,102.0,0.8807525717379534,97.59562500000001,0.8740000220157214,80
1.5,1.0,0.5,0.12,False,467,81.0,0.0645919778699861,78.69874999999999,0.0707247589945195,80
1.5,1.0,0.5,0.12,True,6763,87.0,0.9354080221300138,85.223125,0.9292752410054806,80
1.5,1.0,0.5,0.15,False,250,62.5,0.0342465753424657,68.260625,0.03902807993964265,80
1.5,1.0,0.5,0.15,True,7050,74.0,0.9657534246575342,74.33,0.9609719200603573,80
1.5,1.0,0.75,0.0,False,1834,216.0,0.5078925505400166,217.61999999999998,0.5005418834053929,80
1.5,1.0,0.75,0.0,True,1777,213.0,0.4921074494599833,218.37843750000002,0.49945811659460715,80
1.5,1.0,0.75,0.03,False,2398,221.0,0.3336579935995547,209.940625,0.34302818847339694,80
1.5,1.0,0.75,0.03,True,4789,216.0,0.6663420064004453,212.32156249999997,0.656971811526603,80
1.5,1.0,0.75,0.06,False,1509,192.0,0.2106071179344033,187.39124999999999,0.2149838913049488,80
1.5,1.0,0.75,0.06,True,5656,202.0,0.7893928820655967,191.93687500000001,0.7850161086950511,80
1.5,1.0,0.75,0.09,False,881,170.0,0.1192474282620465,162.393125,0.12599997798427848,80
1.5,1.0,0.75,0.09,True,6507,169.0,0.8807525717379534,166.938125,0.8740000220157214,80
1.5,1.0,0.75,0.12,False,467,137.5,0.0645919778699861,134.35343749999998,0.0707247589945195,80
1.5,1.0,0.75,0.12,True,6763,146.0,0.9354080221300138,142.3371875,0.9292752410054806,80
1.5,1.0,0.75,0.15,False,250,107.5,0.0342465753424657,112.84593749999999,0.03902807993964265,80
1.5,1.0,0.75,0.15,True,7050,121.0,0.9657534246575342,120.89406249999998,0.9609719200603573,80
1.5,1.2,0.25,0.0,False,1815,51.5,0.4995871180842279,50.435625,0.49919086902890236,80
1.5,1.2,0.25,0.0,True,1818,50.0,0.500412881915772,50.534687500000004,0.5008091309710976,80
1.5,1.2,0.25,0.03,False,2543,50.0,0.3512430939226519,48.9271875,0.36274407179835516,80
1.5,1.2,0.25,0.03,True,4697,50.0,0.648756906077348,49.681875000000005,0.6372559282016448,80
1.5,1.2,0.25,0.06,False,1767,46.0,0.2457921825010432,45.92125,0.24425193528145242,80
1.5,1.2,0.25,0.06,True,5422,49.0,0.7542078174989567,47.449374999999996,0.7557480647185475,80
1.5,1.2,0.25,0.09,False,1128,44.0,0.1525354969574036,42.2896875,0.1562677722732503,80
1.5,1.2,0.25,0.09,True,6267,45.0,0.8474645030425964,44.12375000000001,0.8437322277267496,80
1.5,1.2,0.25,0.12,False,691,39.0,0.0955607799751071,38.51375,0.09587721046850663,80
1.5,1.2,0.25,0.12,True,6540,42.0,0.9044392200248929,40.619375000000005,0.9041227895314933,80
1.5,1.2,0.25,0.15,False,415,36.0,0.0568493150684931,34.893437500000005,0.05785958904109585,80
1.5,1.2,0.25,0.15,True,6885,37.0,0.9431506849315068,37.27218750000001,0.9421404109589041,80
1.5,1.2,0.5,0.0,False,1815,90.0,0.4995871180842279,91.19500000000001,0.49919086902890236,80
1.5,1.2,0.5,0.0,True,1818,92.0,0.500412881915772,91.41,0.5008091309710976,80
1.5,1.2,0.5,0.03,False,2543,89.0,0.3512430939226519,88.540625,0.36274407179835516,80
1.5,1.2,0.5,0.03,True,4697,89.0,0.648756906077348,89.576875,0.6372559282016448,80
1.5,1.2,0.5,0.06,False,1767,82.0,0.2457921825010432,82.22999999999999,0.24425193528145242,80
1.5,1.2,0.5,0.06,True,5422,86.0,0.7542078174989567,83.98499999999999,0.7557480647185475,80
1.5,1.2,0.5,0.09,False,1128,80.5,0.1525354969574036,73.555625,0.1562677722732503,80
1.5,1.2,0.5,0.09,True,6267,78.0,0.8474645030425964,76.29312499999999,0.8437322277267496,80
1.5,1.2,0.5,0.12,False,691,67.0,0.0955607799751071,64.71437499999999,0.09587721046850663,80
1.5,1.2,0.5,0.12,True,6540,68.0,0.9044392200248929,68.081875,0.9041227895314933,80
1.5,1.2,0.5,0.15,False,415,63.0,0.0568493150684931,57.4875,0.05785958904109585,80
1.5,1.2,0.5,0.15,True,6885,60.0,0.9431506849315068,60.728750000000005,0.9421404109589041,80
1.5,1.2,0.75,0.0,False,1815,155.0,0.4995871180842279,160.83125,0.49919086902890236,80
1.5,1.2,0.75,0.0,True,1818,156.0,0.500412881915772,161.71625,0.5008091309710976,80
1.5,1.2,0.75,0.03,False,2543,158.5,0.3512430939226519,155.865625,0.36274407179835516,80
1.5,1.2,0.75,0.03,True,4697,158.0,0.648756906077348,157.2603125,0.6372559282016448,80
1.5,1.2,0.75,0.06,False,1767,139.0,0.2457921825010432,143.7975,0.24425193528145242,80
1.5,1.2,0.75,0.06,True,5422,146.0,0.7542078174989567,145.50656250000003,0.7557480647185475,80
1.5,1.2,0.75,0.09,False,1128,131.0,0.1525354969574036,126.49968750000001,0.1562677722732503,80
1.5,1.2,0.75,0.09,True,6267,130.0,0.8474645030425964,130.15968750000002,0.8437322277267496,80
1.5,1.2,0.75,0.12,False,691,116.0,0.0955607799751071,109.7725,0.09587721046850663,80
1.5,1.2,0.75,0.12,True,6540,114.0,0.9044392200248929,113.7665625,0.9041227895314933,80
1.5,1.2,0.75,0.15,False,415,102.0,0.0568493150684931,94.958125,0.05785958904109585,80
1.5,1.2,0.75,0.15,True,6885,98.0,0.9431506849315068,99.21124999999999,0.9421404109589041,80
2.5,0.8,0.25,0.0,False,812,188.0,0.5062344139650873,173.20875,0.5001533729113098,80
2.5,0.8,0.25,0.0,True,792,196.0,0.4937655860349127,172.76062499999998,0.4998466270886901,80
2.5,0.8,0.25,0.03,False,798,190.5,0.2183908045977011,163.5284375,0.265934809669289,80
2.5,0.8,0.25,0.03,True,2856,195.0,0.7816091954022989,171.1896875,0.734065190330711,80
2.5,0.8,0.25,0.06,False,298,154.25,0.0669362084456424,145.50687499999998,0.11602712262287358,80
2.5,0.8,0.25,0.06,True,4154,185.0,0.9330637915543576,158.9453125,0.8839728773771263,80
2.5,0.8,0.25,0.09,False,117,130.0,0.0211038961038961,124.121875,0.047589886905674894,80
2.5,0.8,0.25,0.09,True,5427,165.0,0.978896103896104,141.70499999999998,0.9524101130943251,80
2.5,0.8,0.25,0.12,False,28,109.75,0.0046388336646785,105.0484375,0.0190005320245843,80
2.5,0.8,0.25,0.12,True,6008,141.0,0.9953611663353216,124.0625,0.9809994679754157,80
2.5,0.8,0.25,0.15,False,11,77.0,0.0017101990049751,93.08,0.00757410777813676,80
2.5,0.8,0.25,0.15,True,6421,120.0,0.9982898009950248,108.96031249999999,0.9924258922218632,80
2.5,0.8,0.5,0.0,False,812,342.0,0.5062344139650873,303.65875000000005,0.5001533729113098,80
2.5,0.8,0.5,0.0,True,792,345.0,0.4937655860349127,304.609375,0.4998466270886901,80
2.5,0.8,0.5,0.03,False,798,328.5,0.2183908045977011,289.938125,0.265934809669289,80
2.5,0.8,0.5,0.03,True,2856,333.5,0.7816091954022989,296.93125000000003,0.734065190330711,80
2.5,0.8,0.5,0.06,False,298,299.0,0.0669362084456424,256.95625000000007,0.11602712262287358,80
2.5,0.8,0.5,0.06,True,4154,313.5,0.9330637915543576,273.053125,0.8839728773771263,80
2.5,0.8,0.5,0.09,False,117,256.0,0.0211038961038961,214.32750000000001,0.047589886905674894,80
2.5,0.8,0.5,0.09,True,5427,273.0,0.978896103896104,237.26000000000005,0.9524101130943251,80
2.5,0.8,0.5,0.12,False,28,185.5,0.0046388336646785,169.85,0.0190005320245843,80
2.5,0.8,0.5,0.12,True,6008,236.0,0.9953611663353216,199.70125000000002,0.9809994679754157,80
2.5,0.8,0.5,0.15,False,11,153.0,0.0017101990049751,139.59312500000001,0.00757410777813676,80
2.5,0.8,0.5,0.15,True,6421,191.0,0.9982898009950248,168.52375,0.9924258922218632,80
2.5,0.8,0.75,0.0,False,812,527.0,0.5062344139650873,479.176875,0.5001533729113098,80
2.5,0.8,0.75,0.0,True,792,523.75,0.4937655860349127,477.6996875000001,0.4998466270886901,80
2.5,0.8,0.75,0.03,False,798,513.75,0.2183908045977011,464.9468750000001,0.265934809669289,80
2.5,0.8,0.75,0.03,True,2856,515.0,0.7816091954022989,471.12062500000013,0.734065190330711,80
2.5,0.8,0.75,0.06,False,298,479.75,0.0669362084456424,424.5243750000001,0.11602712262287358,80
2.5,0.8,0.75,0.06,True,4154,492.0,0.9330637915543576,437.68218750000005,0.8839728773771263,80
2.5,0.8,0.75,0.09,False,117,403.0,0.0211038961038961,359.91437500000006,0.047589886905674894,80
2.5,0.8,0.75,0.09,True,5427,436.0,0.978896103896104,383.6875,0.9524101130943251,80
2.5,0.8,0.75,0.12,False,28,289.75,0.0046388336646785,285.4809375000001,0.0190005320245843,80
2.5,0.8,0.75,0.12,True,6008,375.0,0.9953611663353216,319.46000000000004,0.9809994679754157,80
2.5,0.8,0.75,0.15,False,11,311.0,0.0017101990049751,223.76781250000005,0.00757410777813676,80
2.5,0.8,0.75,0.15,True,6421,301.0,0.9982898009950248,262.1181250000001,0.9924258922218632,80
2.5,1.0,0.25,0.0,False,1521,130.0,0.501318391562294,125.024375,0.5000101887810673,80
2.5,1.0,0.25,0.0,True,1513,140.0,0.498681608437706,124.55437499999998,0.4999898112189326,80
2.5,1.0,0.25,0.03,False,1669,136.0,0.2728907782864617,118.99875000000002,0.295404113278728,80
2.5,1.0,0.25,0.03,True,4447,130.0,0.7271092217135383,122.391875,0.704595886721272,80
2.5,1.0,0.25,0.06,False,839,118.0,0.1308484092326887,106.24343749999998,0.1495123823130687,80
2.5,1.0,0.25,0.06,True,5573,121.0,0.8691515907673113,112.288125,0.8504876176869312,80
2.5,1.0,0.25,0.09,False,367,101.5,0.0537020778460637,92.754375,0.06963955752217887,80
2.5,1.0,0.25,0.09,True,6467,109.0,0.9462979221539362,100.18499999999999,0.9303604424778211,80
2.5,1.0,0.25,0.12,False,144,77.75,0.0212860310421286,80.875625,0.03159986403157876,80
2.5,1.0,0.25,0.12,True,6621,93.0,0.9787139689578714,88.45374999999999,0.9684001359684213,80
2.5,1.0,0.25,0.15,False,62,81.5,0.0090949097843626,70.82562499999999,0.014454421935892376,80
2.5,1.0,0.25,0.15,True,6755,81.0,0.9909050902156372,78.6603125,0.9855455780641076,80
2.5,1.0,0.5,0.0,False,1521,227.0,0.501318391562294,223.14687500000005,0.5000101887810673,80
2.5,1.0,0.5,0.0,True,1513,236.0,0.498681608437706,221.29937500000005,0.4999898112189326,80
2.5,1.0,0.5,0.03,False,1669,232.0,0.2728907782864617,211.28187500000004,0.295404113278728,80
2.5,1.0,0.5,0.03,True,4447,222.0,0.7271092217135383,216.12625000000003,0.704595886721272,80
2.5,1.0,0.5,0.06,False,839,201.0,0.1308484092326887,184.556875,0.1495123823130687,80
2.5,1.0,0.5,0.06,True,5573,211.0,0.8691515907673113,193.325625,0.8504876176869312,80
2.5,1.0,0.5,0.09,False,367,165.0,0.0537020778460637,154.50437499999998,0.06963955752217887,80
2.5,1.0,0.5,0.09,True,6467,177.0,0.9462979221539362,165.864375,0.9303604424778211,80
2.5,1.0,0.5,0.12,False,144,126.5,0.0212860310421286,127.03562499999998,0.03159986403157876,80
2.5,1.0,0.5,0.12,True,6621,149.0,0.9787139689578714,139.95499999999998,0.9684001359684213,80
2.5,1.0,0.5,0.15,False,62,129.5,0.0090949097843626,106.12437500000001,0.014454421935892376,80
2.5,1.0,0.5,0.15,True,6755,121.0,0.9909050902156372,119.51749999999997,0.9855455780641076,80
2.5,1.0,0.75,0.0,False,1521,395.0,0.501318391562294,375.82750000000004,0.5000101887810673,80
2.5,1.0,0.75,0.0,True,1513,401.0,0.498681608437706,373.8475000000001,0.4999898112189326,80
2.5,1.0,0.75,0.03,False,1669,380.0,0.2728907782864617,359.08875,0.295404113278728,80
2.5,1.0,0.75,0.03,True,4447,370.5,0.7271092217135383,362.88531250000005,0.704595886721272,80
2.5,1.0,0.75,0.06,False,839,347.5,0.1308484092326887,314.33281250000005,0.1495123823130687,80
2.5,1.0,0.75,0.06,True,5573,346.0,0.8691515907673113,324.47093750000005,0.8504876176869312,80
2.5,1.0,0.75,0.09,False,367,257.5,0.0537020778460637,260.35437500000006,0.06963955752217887,80
2.5,1.0,0.75,0.09,True,6467,289.0,0.9462979221539362,273.01187500000003,0.9303604424778211,80
2.5,1.0,0.75,0.12,False,144,215.0,0.0212860310421286,207.2696875,0.03159986403157876,80
2.5,1.0,0.75,0.12,True,6621,236.0,0.9787139689578714,223.1540625,0.9684001359684213,80
2.5,1.0,0.75,0.15,False,62,193.5,0.0090949097843626,166.3075,0.014454421935892376,80
2.5,1.0,0.75,0.15,True,6755,189.0,0.9909050902156372,184.02406249999999,0.9855455780641076,80
2.5,1.2,0.25,0.0,False,1698,92.0,0.5014766686355582,91.3496875,0.4991825293723995,80
2.5,1.2,0.25,0.0,True,1688,102.0,0.4985233313644418,91.706875,0.5008174706276005,80
2.5,1.2,0.25,0.03,False,2126,101.0,0.3167933243927879,88.6603125,0.3278627920487911,80
2.5,1.2,0.25,0.03,True,4585,92.0,0.683206675607212,90.0196875,0.6721372079512089,80
2.5,1.2,0.25,0.06,False,1257,92.0,0.1857543963351559,81.56593749999999,0.1929218197501453,80
2.5,1.2,0.25,0.06,True,5510,89.0,0.8142456036648441,84.07874999999999,0.8070781802498546,80
2.5,1.2,0.25,0.09,False,675,83.0,0.0959079283887468,73.146875,0.10500299046541199,80
2.5,1.2,0.25,0.09,True,6363,80.0,0.9040920716112532,76.76656249999999,0.8949970095345879,80
2.5,1.2,0.25,0.12,False,320,66.75,0.0463096960926193,65.81781249999999,0.056049504144404974,80
2.5,1.2,0.25,0.12,True,6590,72.0,0.9536903039073806,69.18031249999999,0.9439504958555951,80
2.5,1.2,0.25,0.15,False,153,73.0,0.0219827586206896,59.22125,0.028389489597532812,80
2.5,1.2,0.25,0.15,True,6807,64.0,0.9780172413793105,62.88656249999999,0.9716105104024673,80
2.5,1.2,0.5,0.0,False,1698,155.0,0.5014766686355582,160.77375,0.4991825293723995,80
2.5,1.2,0.5,0.0,True,1688,162.5,0.4985233313644418,161.73625,0.5008174706276005,80
2.5,1.2,0.5,0.03,False,2126,162.0,0.3167933243927879,154.90187499999996,0.3278627920487911,80
2.5,1.2,0.5,0.03,True,4585,156.0,0.683206675607212,156.9625,0.6721372079512089,80
2.5,1.2,0.5,0.06,False,1257,147.0,0.1857543963351559,139.95437499999997,0.1929218197501453,80
2.5,1.2,0.5,0.06,True,5510,146.0,0.8142456036648441,142.929375,0.8070781802498546,80
2.5,1.2,0.5,0.09,False,675,131.0,0.0959079283887468,120.93812499999999,0.10500299046541199,80
2.5,1.2,0.5,0.09,True,6363,129.0,0.9040920716112532,126.02374999999999,0.8949970095345879,80
2.5,1.2,0.5,0.12,False,320,114.5,0.0463096960926193,104.45500000000001,0.056049504144404974,80
2.5,1.2,0.5,0.12,True,6590,113.0,0.9536903039073806,109.45500000000001,0.9439504958555951,80
2.5,1.2,0.5,0.15,False,153,105.0,0.0219827586206896,89.70875,0.028389489597532812,80
2.5,1.2,0.5,0.15,True,6807,95.0,0.9780172413793105,95.82874999999999,0.9716105104024673,80
2.5,1.2,0.75,0.0,False,1698,255.75,0.5014766686355582,277.59875,0.4991825293723995,80
2.5,1.2,0.75,0.0,True,1688,257.25,0.4985233313644418,278.2690625000001,0.5008174706276005,80
2.5,1.2,0.75,0.03,False,2126,262.75,0.3167933243927879,265.769375,0.3278627920487911,80
2.5,1.2,0.75,0.03,True,4585,261.0,0.683206675607212,267.81437500000004,0.6721372079512089,80
2.5,1.2,0.75,0.06,False,1257,240.0,0.1857543963351559,238.86000000000004,0.1929218197501453,80
2.5,1.2,0.75,0.06,True,5510,242.0,0.8142456036648441,241.98781250000002,0.8070781802498546,80
2.5,1.2,0.75,0.09,False,675,208.0,0.0959079283887468,202.82187500000003,0.10500299046541199,80
2.5,1.2,0.75,0.09,True,6363,207.0,0.9040920716112532,207.668125,0.8949970095345879,80
2.5,1.2,0.75,0.12,False,320,180.5,0.0463096960926193,169.12593750000002,0.056049504144404974,80
2.5,1.2,0.75,0.12,True,6590,175.0,0.9536903039073806,175.17593749999997,0.9439504958555951,80
2.5,1.2,0.75,0.15,False,153,163.0,0.0219827586206896,141.53125,0.028389489597532812,80
2.5,1.2,0.75,0.15,True,6807,147.0,0.9780172413793105,148.65843750000002,0.9716105104024673,80
2.94,0.8,0.25,0.0,False,247,214.5,0.4871794871794871,208.75,0.5096825556820447,80
2.94,0.8,0.25,0.0,True,260,237.0,0.5128205128205128,212.35281250000003,0.4903174443179553,80
2.94,0.8,0.25,0.03,False,197,261.0,0.1655462184873949,201.96187500000002,0.25288343063889973,80
2.94,0.8,0.25,0.03,True,993,242.0,0.8344537815126051,208.43625000000003,0.7471165693611003,80
2.94,0.8,0.25,0.06,False,86,191.75,0.0484234234234234,178.106875,0.10566196420644407,80
2.94,0.8,0.25,0.06,True,1690,241.25,0.9515765765765766,197.21812500000001,0.894338035793556,80
2.94,0.8,0.25,0.09,False,27,147.0,0.0102234002271866,156.69531250000003,0.04087823204763883,80
2.94,0.8,0.25,0.09,True,2614,222.0,0.9897765997728132,180.573125,0.9591217679523611,80
2.94,0.8,0.25,0.12,False,7,146.5,0.0021868166198063,138.980625,0.015613387218187221,80
2.94,0.8,0.25,0.12,True,3194,198.0,0.9978131833801936,162.7053125,0.9843866127818128,80
2.94,0.8,0.25,0.15,False,3,177.5,0.000764331210191,124.1609375,0.006023754934862432,80
2.94,0.8,0.25,0.15,True,3922,174.0,0.999235668789809,145.25656250000003,0.9939762450651376,80
2.94,0.8,0.5,0.0,False,247,361.0,0.4871794871794871,347.8950000000001,0.5096825556820447,80
2.94,0.8,0.5,0.0,True,260,385.5,0.5128205128205128,350.65375000000006,0.4903174443179553,80
2.94,0.8,0.5,0.03,False,197,387.0,0.1655462184873949,338.59749999999997,0.25288343063889973,80
2.94,0.8,0.5,0.03,True,993,375.0,0.8344537815126051,347.34625,0.7471165693611003,80
2.94,0.8,0.5,0.06,False,86,326.5,0.0484234234234234,303.505,0.10566196420644407,80
2.94,0.8,0.5,0.06,True,1690,381.0,0.9515765765765766,324.405625,0.894338035793556,80
2.94,0.8,0.5,0.09,False,27,246.0,0.0102234002271866,263.124375,0.04087823204763883,80
2.94,0.8,0.5,0.09,True,2614,344.0,0.9897765997728132,293.370625,0.9591217679523611,80
2.94,0.8,0.5,0.12,False,7,263.0,0.0021868166198063,221.59187500000002,0.015613387218187221,80
2.94,0.8,0.5,0.12,True,3194,309.5,0.9978131833801936,256.01937499999997,0.9843866127818128,80
2.94,0.8,0.5,0.15,False,3,265.0,0.000764331210191,186.1875,0.006023754934862432,80
2.94,0.8,0.5,0.15,True,3922,273.0,0.999235668789809,219.59250000000003,0.9939762450651376,80
2.94,0.8,0.75,0.0,False,247,560.5,0.4871794871794871,519.0875,0.5096825556820447,80
2.94,0.8,0.75,0.0,True,260,565.5,0.5128205128205128,524.931875,0.4903174443179553,80
2.94,0.8,0.75,0.03,False,197,542.0,0.1655462184873949,515.4593750000001,0.25288343063889973,80
2.94,0.8,0.75,0.03,True,993,532.0,0.8344537815126051,520.5046875,0.7471165693611003,80
2.94,0.8,0.75,0.06,False,86,529.0,0.0484234234234234,474.13125,0.10566196420644407,80
2.94,0.8,0.75,0.06,True,1690,551.0,0.9515765765765766,493.46343750000005,0.894338035793556,80
2.94,0.8,0.75,0.09,False,27,437.5,0.0102234002271866,429.13187500000004,0.04087823204763883,80
2.94,0.8,0.75,0.09,True,2614,502.0,0.9897765997728132,452.9690625,0.9591217679523611,80
2.94,0.8,0.75,0.12,False,7,444.5,0.0021868166198063,365.05437500000005,0.015613387218187221,80
2.94,0.8,0.75,0.12,True,3194,478.0,0.9978131833801936,397.24156250000004,0.9843866127818128,80
2.94,0.8,0.75,0.15,False,3,372.5,0.000764331210191,283.5746875,0.006023754934862432,80
2.94,0.8,0.75,0.15,True,3922,421.75,0.999235668789809,337.0828125,0.9939762450651376,80
2.94,1.0,0.25,0.0,False,1032,177.0,0.5007278020378457,167.08875,0.4987681200566768,80
2.94,1.0,0.25,0.0,True,1029,191.0,0.4992721979621543,165.4109375,0.5012318799433232,80
2.94,1.0,0.25,0.03,False,1060,183.0,0.2418986764034687,160.50062499999999,0.2804077047411063,80
2.94,1.0,0.25,0.03,True,3322,181.0,0.7581013235965313,163.11656250000001,0.7195922952588936,80
2.94,1.0,0.25,0.06,False,479,160.0,0.0992951907131011,144.6796875,0.1319160944072454,80
2.94,1.0,0.25,0.06,True,4345,172.0,0.9007048092868989,151.451875,0.8680839055927546,80
2.94,1.0,0.25,0.09,False,177,153.0,0.0329854640327991,129.3540625,0.057446775953562935,80
2.94,1.0,0.25,0.09,True,5189,148.0,0.9670145359672008,135.61281250000002,0.942553224046437,80
2.94,1.0,0.25,0.12,False,63,132.5,0.0114275349174678,113.0978125,0.02432952181569657,80
2.94,1.0,0.25,0.12,True,5450,129.0,0.9885724650825322,119.94625,0.9756704781843032,80
2.94,1.0,0.25,0.15,False,23,98.5,0.0040287265720791,101.09968749999999,0.01018526653690391,80
2.94,1.0,0.25,0.15,True,5686,110.0,0.9959712734279208,106.91281250000002,0.9898147334630961,80
2.94,1.0,0.5,0.0,False,1032,317.5,0.5007278020378457,278.9,0.4987681200566768,80
2.94,1.0,0.5,0.0,True,1029,313.0,0.4992721979621543,278.83625,0.5012318799433232,80
2.94,1.0,0.5,0.03,False,1060,308.0,0.2418986764034687,269.66375,0.2804077047411063,80
2.94,1.0,0.5,0.03,True,3322,302.5,0.7581013235965313,272.57000000000005,0.7195922952588936,80
2.94,1.0,0.5,0.06,False,479,272.0,0.0992951907131011,238.70625,0.1319160944072454,80
2.94,1.0,0.5,0.06,True,4345,278.0,0.9007048092868989,247.62625000000003,0.8680839055927546,80
2.94,1.0,0.5,0.09,False,177,239.0,0.0329854640327991,206.44750000000005,0.057446775953562935,80
2.94,1.0,0.5,0.09,True,5189,232.0,0.9670145359672008,215.525,0.942553224046437,80
2.94,1.0,0.5,0.12,False,63,182.0,0.0114275349174678,171.71875,0.02432952181569657,80
2.94,1.0,0.5,0.12,True,5450,200.0,0.9885724650825322,183.24625,0.9756704781843032,80
2.94,1.0,0.5,0.15,False,23,162.0,0.0040287265720791,146.44812499999998,0.01018526653690391,80
2.94,1.0,0.5,0.15,True,5686,167.0,0.9959712734279208,156.93125,0.9898147334630961,80
2.94,1.0,0.75,0.0,False,1032,478.5,0.5007278020378457,444.750625,0.4987681200566768,80
2.94,1.0,0.75,0.0,True,1029,474.0,0.4992721979621543,443.56374999999997,0.5012318799433232,80
2.94,1.0,0.75,0.03,False,1060,472.25,0.2418986764034687,428.9200000000001,0.2804077047411063,80
2.94,1.0,0.75,0.03,True,3322,461.0,0.7581013235965313,432.9390625,0.7195922952588936,80
2.94,1.0,0.75,0.06,False,479,427.5,0.0992951907131011,386.745625,0.1319160944072454,80
2.94,1.0,0.75,0.06,True,4345,437.0,0.9007048092868989,394.804375,0.8680839055927546,80
2.94,1.0,0.75,0.09,False,177,358.0,0.0329854640327991,333.38218750000004,0.057446775953562935,80
2.94,1.0,0.75,0.09,True,5189,367.0,0.9670145359672008,340.924375,0.942553224046437,80
2.94,1.0,0.75,0.12,False,63,266.5,0.0114275349174678,268.645625,0.02432952181569657,80
2.94,1.0,0.75,0.12,True,5450,315.0,0.9885724650825322,283.4953125,0.9756704781843032,80
2.94,1.0,0.75,0.15,False,23,274.5,0.0040287265720791,223.76968750000006,0.01018526653690391,80
2.94,1.0,0.75,0.15,True,5686,253.0,0.9959712734279208,235.1640625,0.9898147334630961,80
2.94,1.2,0.25,0.0,False,1510,128.0,0.5033333333333333,124.49437499999999,0.4996683555691459,80
2.94,1.2,0.25,0.0,True,1490,137.0,0.4966666666666666,124.39375,0.500331644430854,80
2.94,1.2,0.25,0.03,False,1807,137.0,0.3017198196693939,120.8346875,0.31494032917998976,80
2.94,1.2,0.25,0.03,True,4182,126.0,0.6982801803306061,121.41875,0.6850596708200103,80
2.94,1.2,0.25,0.06,False,994,122.0,0.1620740257622697,112.10437499999998,0.17511939742562807,80
2.94,1.2,0.25,0.06,True,5139,120.0,0.8379259742377303,112.93218750000001,0.8248806025743718,80
2.94,1.2,0.25,0.09,False,494,117.0,0.0769590278859635,101.05218749999999,0.08947926009857414,80
2.94,1.2,0.25,0.09,True,5925,107.0,0.9230409721140364,102.646875,0.9105207399014258,80
2.94,1.2,0.25,0.12,False,212,91.0,0.0333858267716535,91.04937499999998,0.04339635473526294,80
2.94,1.2,0.25,0.12,True,6138,96.0,0.9666141732283464,92.5109375,0.9566036452647371,80
2.94,1.2,0.25,0.15,False,75,85.0,0.0117462803445575,83.39031250000001,0.020787003197357753,80
2.94,1.2,0.25,0.15,True,6310,83.0,0.9882537196554424,83.54249999999999,0.9792129968026423,80
2.94,1.2,0.5,0.0,False,1510,212.0,0.5033333333333333,210.5125,0.4996683555691459,80
2.94,1.2,0.5,0.0,True,1490,216.0,0.4966666666666666,210.52125000000007,0.500331644430854,80
2.94,1.2,0.5,0.03,False,1807,215.0,0.3017198196693939,202.734375,0.31494032917998976,80
2.94,1.2,0.5,0.03,True,4182,202.0,0.6982801803306061,203.14562500000002,0.6850596708200103,80
2.94,1.2,0.5,0.06,False,994,206.5,0.1620740257622697,184.50750000000002,0.17511939742562807,80
2.94,1.2,0.5,0.06,True,5139,193.0,0.8379259742377303,185.91125,0.8248806025743718,80
2.94,1.2,0.5,0.09,False,494,179.5,0.0769590278859635,161.18125,0.08947926009857414,80
2.94,1.2,0.5,0.09,True,5925,167.0,0.9230409721140364,163.54000000000002,0.9105207399014258,80
2.94,1.2,0.5,0.12,False,212,161.5,0.0333858267716535,140.11437499999997,0.04339635473526294,80
2.94,1.2,0.5,0.12,True,6138,146.0,0.9666141732283464,141.59625,0.9566036452647371,80
2.94,1.2,0.5,0.15,False,75,136.0,0.0117462803445575,122.533125,0.020787003197357753,80
2.94,1.2,0.5,0.15,True,6310,122.5,0.9882537196554424,123.51875,0.9792129968026423,80
2.94,1.2,0.75,0.0,False,1510,350.75,0.5033333333333333,346.4125,0.4996683555691459,80
2.94,1.2,0.75,0.0,True,1490,354.0,0.4966666666666666,347.39718750000003,0.500331644430854,80
2.94,1.2,0.75,0.03,False,1807,337.5,0.3017198196693939,336.1803125,0.31494032917998976,80
2.94,1.2,0.75,0.03,True,4182,328.0,0.6982801803306061,335.95062500000006,0.6850596708200103,80
2.94,1.2,0.75,0.06,False,994,330.0,0.1620740257622697,301.80781250000007,0.17511939742562807,80
2.94,1.2,0.75,0.06,True,5139,311.0,0.8379259742377303,303.34781250000003,0.8248806025743718,80
2.94,1.2,0.75,0.09,False,494,271.0,0.0769590278859635,258.12406250000004,0.08947926009857414,80
2.94,1.2,0.75,0.09,True,5925,267.0,0.9230409721140364,262.58093750000006,0.9105207399014258,80
2.94,1.2,0.75,0.12,False,212,248.0,0.0333858267716535,217.97312500000004,0.04339635473526294,80
2.94,1.2,0.75,0.12,True,6138,229.0,0.9666141732283464,220.47218750000002,0.9566036452647371,80
2.94,1.2,0.75,0.15,False,75,192.0,0.0117462803445575,185.42843750000003,0.020787003197357753,80
2.94,1.2,0.75,0.15,True,6310,187.0,0.9882537196554424,186.210625,0.9792129968026423,80
