seed,gain,coh,n,p_net,p_mod
42,0.8,-0.15,214,0.0,0.0013654740320035309
42,0.8,-0.12,168,0.041666666666666664,0.02940883350961661
42,0.8,-0.09,155,0.05806451612903226,0.04663945908191166
42,0.8,-0.06,183,0.15300546448087432,0.1449612532730113
42,0.8,-0.03,187,0.28342245989304815,0.2817835957099997
42,0.8,0.0,180,0.48333333333333334,0.49985601786752654
42,0.8,0.03,186,0.6720430107526881,0.6831554562052767
42,0.8,0.06,177,0.8361581920903954,0.8628414555043127
42,0.8,0.09,163,0.9570552147239264,0.9480156134256843
42,0.8,0.12,191,0.9947643979057592,0.9879594036937358
42,0.8,0.15,196,1.0,0.9989832486004139
42,1.0,-0.15,214,0.0,8.94389755160196e-05
42,1.0,-0.12,168,0.005952380952380952,0.002392896541762019
42,1.0,-0.09,155,0.0,0.007779125357795143
42,1.0,-0.06,183,0.0546448087431694,0.03338738209923607
42,1.0,-0.03,187,0.1657754010695187,0.13912119190142558
42,1.0,0.0,180,0.36666666666666664,0.3641040193747079
42,1.0,0.03,186,0.5913978494623656,0.6133218677832404
42,1.0,0.06,177,0.8192090395480226,0.8449648053923949
42,1.0,0.09,163,0.9570552147239264,0.9577298284383268
42,1.0,0.12,191,0.9947643979057592,0.9943751347538654
42,1.0,0.15,196,1.0,0.9997781829866141
42,1.2,-0.15,214,0.0,0.0002056034577984462
42,1.2,-0.12,168,0.0,0.0034740105317008405
42,1.2,-0.09,155,0.012903225806451613,0.01295902810002456
42,1.2,-0.06,183,0.04371584699453552,0.042783867703180545
42,1.2,-0.03,187,0.15508021390374332,0.15038165672686177
42,1.2,0.0,180,0.39444444444444443,0.3580658064450905
42,1.2,0.03,186,0.553763440860215,0.5861576989473349
42,1.2,0.06,177,0.8418079096045198,0.8176383578697841
42,1.2,0.09,163,0.9325153374233128,0.9379110001183164
42,1.2,0.12,191,0.9790575916230366,0.9877785495228208
42,1.2,0.15,196,0.9948979591836735,0.9969587368319809
43,0.8,-0.15,214,0.0,0.0002226821238273272
43,0.8,-0.12,168,0.011904761904761904,0.00706753374107241
43,0.8,-0.09,155,0.01935483870967742,0.014062550653092283
43,0.8,-0.06,183,0.08196721311475409,0.06311996717842701
43,0.8,-0.03,187,0.15508021390374332,0.18142287137657648
43,0.8,0.0,180,0.4,0.39249869951539407
43,0.8,0.03,186,0.5698924731182796,0.608857895262632
43,0.8,0.06,177,0.8248587570621468,0.8259909977426845
43,0.8,0.09,163,0.9631901840490797,0.9382198908570741
43,0.8,0.12,191,0.9947643979057592,0.9872399553997064
43,0.8,0.15,196,1.0,0.9990297699685811
43,1.0,-0.15,214,0.0,0.0008079439106737147
43,1.0,-0.12,168,0.005952380952380952,0.007383829186806018
43,1.0,-0.09,155,0.025806451612903226,0.0248936440042606
43,1.0,-0.06,183,0.08196721311475409,0.07220678406325778
43,1.0,-0.03,187,0.20855614973262032,0.2217494896772062
43,1.0,0.0,180,0.4388888888888889,0.4519065757996455
43,1.0,0.03,186,0.6559139784946236,0.6773932823772676
43,1.0,0.06,177,0.8926553672316384,0.867409948301108
43,1.0,0.09,163,0.950920245398773,0.9609952059465751
43,1.0,0.12,191,1.0,0.993218921106537
43,1.0,0.15,196,1.0,0.9988804351870746
43,1.2,-0.15,214,0.0,0.006238262753500742
43,1.2,-0.12,168,0.041666666666666664,0.02937370268270268
43,1.2,-0.09,155,0.06451612903225806,0.07123154715227983
43,1.2,-0.06,183,0.08743169398907104,0.12003265160789477
43,1.2,-0.03,187,0.28342245989304815,0.2536186343837548
43,1.2,0.0,180,0.42777777777777776,0.44965511438986916
43,1.2,0.03,186,0.5806451612903226,0.6031030975523188
43,1.2,0.06,177,0.7853107344632768,0.7845393326299321
43,1.2,0.09,163,0.9202453987730062,0.9074233528336716
43,1.2,0.12,191,0.9633507853403142,0.9608706798526078
43,1.2,0.15,196,1.0,0.982750852785363
44,0.8,-0.15,214,0.0,0.0005633729483458162
44,0.8,-0.12,168,0.011904761904761904,0.010384933006210859
44,0.8,-0.09,155,0.01935483870967742,0.01948415518662874
44,0.8,-0.06,183,0.04371584699453552,0.07391890167373857
44,0.8,-0.03,187,0.19786096256684493,0.18991346681405966
44,0.8,0.0,180,0.4222222222222222,0.3850590096577019
44,0.8,0.03,186,0.543010752688172,0.5900430542601337
44,0.8,0.06,177,0.8361581920903954,0.7956898802092819
44,0.8,0.09,163,0.9141104294478528,0.9168009947844559
44,0.8,0.12,191,0.9790575916230366,0.9793558928937615
44,0.8,0.15,196,0.9948979591836735,0.996809999469298
44,1.0,-0.15,214,0.0,0.0002513374686766671
44,1.0,-0.12,168,0.005952380952380952,0.0038864898227224413
44,1.0,-0.09,155,0.0064516129032258064,0.013306081743809314
44,1.0,-0.06,183,0.01639344262295082,0.048563139696379466
44,1.0,-0.03,187,0.20320855614973263,0.17958732086678367
44,1.0,0.0,180,0.4111111111111111,0.4154739413236377
44,1.0,0.03,186,0.6774193548387096,0.6612037583766418
44,1.0,0.06,177,0.8757062146892656,0.8678651426374533
44,1.0,0.09,163,0.9693251533742331,0.9660399801249029
44,1.0,0.12,191,0.9947643979057592,0.9955570470032509
44,1.0,0.15,196,0.9948979591836735,0.9997267008823709
44,1.2,-0.15,214,0.0,0.0004677242424204631
44,1.2,-0.12,168,0.005952380952380952,0.005386884507244253
44,1.2,-0.09,155,0.01935483870967742,0.019105362292144278
44,1.2,-0.06,183,0.04918032786885246,0.057285129426891124
44,1.2,-0.03,187,0.1925133689839572,0.1840579134284169
44,1.2,0.0,180,0.40555555555555556,0.4049324301952142
44,1.2,0.03,186,0.6344086021505376,0.6297366877637143
44,1.2,0.06,177,0.847457627118644,0.8419190118725113
44,1.2,0.09,163,0.9447852760736196,0.9485073280730688
44,1.2,0.12,191,0.9738219895287958,0.990044376948784
44,1.2,0.15,196,0.9948979591836735,0.9975629352089701
45,0.8,-0.15,214,0.0,0.0007610079268694504
45,0.8,-0.12,168,0.005952380952380952,0.01421662803437956
45,0.8,-0.09,155,0.01935483870967742,0.025939217741536492
45,0.8,-0.06,183,0.08743169398907104,0.09719930486700488
45,0.8,-0.03,187,0.25668449197860965,0.23369863994398574
45,0.8,0.0,180,0.45555555555555555,0.45125639265547746
45,0.8,0.03,186,0.6236559139784946,0.6570345471935569
45,0.8,0.06,177,0.8531073446327684,0.8490383864291696
45,0.8,0.09,163,0.9570552147239264,0.9460185472217857
45,0.8,0.12,191,0.9947643979057592,0.9885220995077536
45,0.8,0.15,196,1.0,0.9989145110236958
45,1.0,-0.15,214,0.0,0.00040830964972417023
45,1.0,-0.12,168,0.0,0.005071549932399653
45,1.0,-0.09,155,0.025806451612903226,0.018036867086686857
45,1.0,-0.06,183,0.060109289617486336,0.05768504450377694
45,1.0,-0.03,187,0.18716577540106952,0.19782004562306038
45,1.0,0.0,180,0.42777777777777776,0.4310200572177079
45,1.0,0.03,186,0.6666666666666666,0.6688248119168251
45,1.0,0.06,177,0.8870056497175142,0.8677413783315497
45,1.0,0.09,163,0.9693251533742331,0.9640595492455505
45,1.0,0.12,191,0.9895287958115183,0.9946357647404104
45,1.0,0.15,196,1.0,0.9993629349560654
45,1.2,-0.15,214,0.0,0.006289544303533373
45,1.2,-0.12,168,0.017857142857142856,0.028088988122272656
45,1.2,-0.09,155,0.07096774193548387,0.07336707604262187
45,1.2,-0.06,183,0.12021857923497267,0.13408317774761636
45,1.2,-0.03,187,0.3048128342245989,0.2855656641389644
45,1.2,0.0,180,0.49444444444444446,0.4950451912433356
45,1.2,0.03,186,0.6559139784946236,0.6570722249868006
45,1.2,0.06,177,0.8531073446327684,0.8315139114392986
45,1.2,0.09,163,0.9386503067484663,0.9331440345290161
45,1.2,0.12,191,0.9738219895287958,0.9768867918240378
45,1.2,0.15,196,0.9948979591836735,0.9907239683547218
46,0.8,-0.15,214,0.004672897196261682,0.0006119273763128562
46,0.8,-0.12,168,0.011904761904761904,0.015007556844299148
46,0.8,-0.09,155,0.03870967741935484,0.024421269081879783
46,0.8,-0.06,183,0.0546448087431694,0.0839754527505796
46,0.8,-0.03,187,0.1657754010695187,0.18964103630948698
46,0.8,0.0,180,0.4,0.3644940998062373
46,0.8,0.03,186,0.5483870967741935,0.5552047672305406
46,0.8,0.06,177,0.7401129943502824,0.7482474586773495
46,0.8,0.09,163,0.8834355828220859,0.8817225037267046
46,0.8,0.12,191,0.9685863874345549,0.9643156925249017
46,0.8,0.15,196,0.9948979591836735,0.9919613561099663
46,1.0,-0.15,214,0.0,0.0001943042152391258
46,1.0,-0.12,168,0.0,0.002942865729182128
46,1.0,-0.09,155,0.0064516129032258064,0.010935891165108317
46,1.0,-0.06,183,0.03825136612021858,0.03893468938740239
46,1.0,-0.03,187,0.1443850267379679,0.14884002599968763
46,1.0,0.0,180,0.38333333333333336,0.36163315558212444
46,1.0,0.03,186,0.6075268817204301,0.5996156169682297
46,1.0,0.06,177,0.8418079096045198,0.8272223205171217
46,1.0,0.09,163,0.9325153374233128,0.946846582030154
46,1.0,0.12,191,0.9790575916230366,0.9909743040483104
46,1.0,0.15,196,1.0,0.998908409471685
46,1.2,-0.15,214,0.0,0.0028272403842164455
46,1.2,-0.12,168,0.0,0.015237239364158757
46,1.2,-0.09,155,0.05161290322580645,0.04339063682106572
46,1.2,-0.06,183,0.09836065573770492,0.09068164099702028
46,1.2,-0.03,187,0.20855614973262032,0.21812834427053823
46,1.2,0.0,180,0.43333333333333335,0.41979477838830426
46,1.2,0.03,186,0.6290322580645161,0.5983077230455229
46,1.2,0.06,177,0.8135593220338984,0.7973097418332944
46,1.2,0.09,163,0.901840490797546,0.9173997818546235
46,1.2,0.12,191,0.9685863874345549,0.9720930319424194
46,1.2,0.15,196,0.9846938775510204,0.9890558957941851
47,0.8,-0.15,214,0.0,0.00064236074258403
47,0.8,-0.12,168,0.023809523809523808,0.014282317873341707
47,0.8,-0.09,155,0.012903225806451613,0.025564608480206103
47,0.8,-0.06,183,0.11475409836065574,0.10019741247700278
47,0.8,-0.03,187,0.2192513368983957,0.24047727418592818
47,0.8,0.0,180,0.4444444444444444,0.46485500252313144
47,0.8,0.03,186,0.6989247311827957,0.6711041817923084
47,0.8,0.06,177,0.8813559322033898,0.8622623120825599
47,0.8,0.09,163,0.9447852760736196,0.9531697049299516
47,0.8,0.12,191,0.9842931937172775,0.9906319011808223
47,0.8,0.15,196,1.0,0.9993584165401014
47,1.0,-0.15,214,0.0,0.00034200669712880597
47,1.0,-0.12,168,0.011904761904761904,0.004853201445188468
47,1.0,-0.09,155,0.03225806451612903,0.017300617303951597
47,1.0,-0.06,183,0.07650273224043716,0.0579988178617776
47,1.0,-0.03,187,0.1925133689839572,0.20601913947958606
47,1.0,0.0,180,0.42777777777777776,0.45089831262596064
47,1.0,0.03,186,0.6612903225806451,0.6957733378035682
47,1.0,0.06,177,0.8983050847457628,0.8863606001075217
47,1.0,0.09,163,0.9693251533742331,0.9733662675035044
47,1.0,0.12,191,1.0,0.9968415072924648
47,1.0,0.15,196,1.0,0.9997698835666311
47,1.2,-0.15,214,0.0,0.0030199740072169878
47,1.2,-0.12,168,0.005952380952380952,0.01643447425876432
47,1.2,-0.09,155,0.05161290322580645,0.04921975045530219
47,1.2,-0.06,183,0.10382513661202186,0.10602448372774853
47,1.2,-0.03,187,0.22994652406417113,0.25595906160987736
47,1.2,0.0,180,0.5055555555555555,0.47910543994578725
47,1.2,0.03,186,0.6881720430107527,0.6632141488151284
47,1.2,0.06,177,0.8587570621468926,0.8482867100516069
47,1.2,0.09,163,0.950920245398773,0.9449335278975831
47,1.2,0.12,191,0.9685863874345549,0.9851924504443886
47,1.2,0.15,196,0.9897959183673469,0.9947064971395762
48,0.8,-0.15,214,0.0,0.0010059554672186965
48,0.8,-0.12,168,0.005952380952380952,0.022709328754557185
48,0.8,-0.09,155,0.04516129032258064,0.03613425880556005
48,0.8,-0.06,183,0.08196721311475409,0.11419364444329999
48,0.8,-0.03,187,0.24064171122994651,0.23385914544422523
48,0.8,0.0,180,0.4666666666666667,0.42904608904357366
48,0.8,0.03,186,0.6182795698924731,0.6161208970678957
48,0.8,0.06,177,0.8022598870056498,0.8038637967405552
48,0.8,0.09,163,0.8895705521472392,0.9142247962232328
48,0.8,0.12,191,0.9895287958115183,0.9767279674169042
48,0.8,0.15,196,1.0,0.9960932151778152
48,1.0,-0.15,214,0.0,0.0002953232771589781
48,1.0,-0.12,168,0.011904761904761904,0.0044382210307721505
48,1.0,-0.09,155,0.0064516129032258064,0.014066087101128917
48,1.0,-0.06,183,0.0546448087431694,0.05220534860028266
48,1.0,-0.03,187,0.20320855614973263,0.184685252079674
48,1.0,0.0,180,0.45,0.4205554022246335
48,1.0,0.03,186,0.6236559139784946,0.6625852265299631
48,1.0,0.06,177,0.8587570621468926,0.8674369315149418
48,1.0,0.09,163,0.9570552147239264,0.9646244445773466
48,1.0,0.12,191,0.9947643979057592,0.995136624248587
48,1.0,0.15,196,1.0,0.9997202104852435
48,1.2,-0.15,214,0.0,0.0009349647591249941
48,1.2,-0.12,168,0.011904761904761904,0.007968120763350331
48,1.2,-0.09,155,0.025806451612903226,0.026897982103431767
48,1.2,-0.06,183,0.07650273224043716,0.07370048269598128
48,1.2,-0.03,187,0.2192513368983957,0.21481960168895986
48,1.2,0.0,180,0.5055555555555555,0.4444522648560557
48,1.2,0.03,186,0.6021505376344086,0.6596091270375363
48,1.2,0.06,177,0.8531073446327684,0.8575024048821148
48,1.2,0.09,163,0.950920245398773,0.9539102088285363
48,1.2,0.12,191,0.9895287958115183,0.990774782794903
48,1.2,0.15,196,0.9948979591836735,0.9974541645063325
49,0.8,-0.15,214,0.0,0.0005643194566201546
49,0.8,-0.12,168,0.011904761904761904,0.013553846402956168
49,0.8,-0.09,155,0.025806451612903226,0.025025691293554427
49,0.8,-0.06,183,0.09289617486338798,0.10382435921920634
49,0.8,-0.03,187,0.27807486631016043,0.2547388357810442
49,0.8,0.0,180,0.5,0.49379326830761905
49,0.8,0.03,186,0.6881720430107527,0.7041271084291736
49,0.8,0.06,177,0.8870056497175142,0.887690283492282
49,0.8,0.09,163,0.9754601226993865,0.9664027586781168
49,0.8,0.12,191,0.9947643979057592,0.9943248765707298
49,0.8,0.15,196,1.0,0.9998073422612062
49,1.0,-0.15,214,0.0,0.0005089510933016075
49,1.0,-0.12,168,0.005952380952380952,0.006610837548993818
49,1.0,-0.09,155,0.03225806451612903,0.023317670856117897
49,1.0,-0.06,183,0.08196721311475409,0.07197454403298142
49,1.0,-0.03,187,0.22459893048128343,0.23843898719484788
49,1.0,0.0,180,0.5055555555555555,0.491913946878386
49,1.0,0.03,186,0.7150537634408602,0.7305317842321135
49,1.0,0.06,177,0.8926553672316384,0.9035039158625306
49,1.0,0.09,163,1.0,0.9788107934322338
49,1.0,0.12,191,1.0,0.9976274340548724
49,1.0,0.15,196,1.0,0.9997758201322561
49,1.2,-0.15,214,0.004672897196261682,0.006017773875262286
49,1.2,-0.12,168,0.023809523809523808,0.02873083453295447
49,1.2,-0.09,155,0.09032258064516129,0.07645288963164283
49,1.2,-0.06,183,0.09289617486338798,0.13791969300800072
49,1.2,-0.03,187,0.32620320855614976,0.29701068281925874
49,1.2,0.0,180,0.5388888888888889,0.5182202456830732
49,1.2,0.03,186,0.6559139784946236,0.6784641216748701
49,1.2,0.06,177,0.8531073446327684,0.8499060190076646
49,1.2,0.09,163,0.9447852760736196,0.9435562384555237
49,1.2,0.12,191,0.9738219895287958,0.982110204017588
49,1.2,0.15,196,1.0,0.9929181490020976
50,0.8,-0.15,214,0.0,0.0008101233427658267
50,0.8,-0.12,168,0.03571428571428571,0.019537599678658084
50,0.8,-0.09,155,0.0064516129032258064,0.03123393443527029
50,0.8,-0.06,183,0.10382513661202186,0.10132288557609267
50,0.8,-0.03,187,0.1925133689839572,0.21462712773714976
50,0.8,0.0,180,0.42777777777777776,0.40060864464009144
50,0.8,0.03,186,0.5752688172043011,0.5892574058596501
50,0.8,0.06,177,0.8135593220338984,0.778864115858792
50,0.8,0.09,163,0.8895705521472392,0.8995010607157465
50,0.8,0.12,191,0.9685863874345549,0.9712580638377315
50,0.8,0.15,196,0.9846938775510204,0.9943488943251525
50,1.0,-0.15,214,0.0,0.00015750401730594922
50,1.0,-0.12,168,0.005952380952380952,0.0031609677182115313
50,1.0,-0.09,155,0.0064516129032258064,0.01044313392826233
50,1.0,-0.06,183,0.04918032786885246,0.041859269210953814
50,1.0,-0.03,187,0.15508021390374332,0.16289586328397865
50,1.0,0.0,180,0.4166666666666667,0.3981611613139415
50,1.0,0.03,186,0.5913978494623656,0.6473389382873774
50,1.0,0.06,177,0.903954802259887,0.8634219095405076
50,1.0,0.09,163,0.9570552147239264,0.9649392281344372
50,1.0,0.12,191,0.9947643979057592,0.9956539069366017
50,1.0,0.15,196,1.0,0.9998220653106372
50,1.2,-0.15,214,0.0,0.0009110206962328511
50,1.2,-0.12,168,0.0,0.0077098297465342785
50,1.2,-0.09,155,0.025806451612903226,0.02612561056540817
50,1.2,-0.06,183,0.0546448087431694,0.07192351038529696
50,1.2,-0.03,187,0.2192513368983957,0.21116883099536327
50,1.2,0.0,180,0.4666666666666667,0.43627491760405845
50,1.2,0.03,186,0.6397849462365591,0.6522450924107118
50,1.2,0.06,177,0.8870056497175142,0.8517456746453628
50,1.2,0.09,163,0.9447852760736196,0.9513715210191689
50,1.2,0.12,191,0.9790575916230366,0.9900556819227018
50,1.2,0.15,196,0.9948979591836735,0.9973927335560523
51,0.8,-0.15,214,0.0,0.00010089233169028046
51,0.8,-0.12,168,0.005952380952380952,0.0046018289856508375
51,0.8,-0.09,155,0.012903225806451613,0.009145014747393295
51,0.8,-0.06,183,0.0273224043715847,0.041714302247505594
51,0.8,-0.03,187,0.11229946524064172,0.13147232154766775
51,0.8,0.0,180,0.31666666666666665,0.29989068157912857
51,0.8,0.03,186,0.4731182795698925,0.5059757083272246
51,0.8,0.06,177,0.751412429378531,0.7323669243533658
51,0.8,0.09,163,0.8895705521472392,0.8837263709171052
51,0.8,0.12,191,0.9633507853403142,0.9697351084066694
51,0.8,0.15,196,1.0,0.9951183739688253
51,1.0,-0.15,214,0.0,6.296746082062041e-05
51,1.0,-0.12,168,0.0,0.0015798421714338404
51,1.0,-0.09,155,0.0064516129032258064,0.007219151138821507
51,1.0,-0.06,183,0.03825136612021858,0.027927404226368746
51,1.0,-0.03,187,0.1443850267379679,0.11735612593090734
51,1.0,0.0,180,0.3277777777777778,0.31432849218889447
51,1.0,0.03,186,0.543010752688172,0.5514830833446357
51,1.0,0.06,177,0.807909604519774,0.8006929052375213
51,1.0,0.09,163,0.9141104294478528,0.9357488097147443
51,1.0,0.12,191,0.9738219895287958,0.9888033018627796
51,1.0,0.15,196,0.9948979591836735,0.9982962612081087
51,1.2,-0.15,214,0.0,0.00221239331997161
51,1.2,-0.12,168,0.005952380952380952,0.012203606679020746
51,1.2,-0.09,155,0.025806451612903226,0.0341276331014484
51,1.2,-0.06,183,0.060109289617486336,0.07349306686783161
51,1.2,-0.03,187,0.1925133689839572,0.1810313136149689
51,1.2,0.0,180,0.3611111111111111,0.36070578033093736
51,1.2,0.03,186,0.5591397849462365,0.5370463549201496
51,1.2,0.06,177,0.7909604519774012,0.7450023839167247
51,1.2,0.09,163,0.8773006134969326,0.8877283238983925
51,1.2,0.12,191,0.93717277486911,0.9559791704760497
51,1.2,0.15,196,0.9744897959183674,0.98173851310181
52,0.8,-0.15,214,0.009345794392523364,0.005812650626672963
52,0.8,-0.12,168,0.023809523809523808,0.04803973666429462
52,0.8,-0.09,155,0.10967741935483871,0.0797840535734594
52,0.8,-0.06,183,0.18032786885245902,0.2001984846611624
52,0.8,-0.03,187,0.35294117647058826,0.36056567579539656
52,0.8,0.0,180,0.6333333333333333,0.5791250797342612
52,0.8,0.03,186,0.7634408602150538,0.7516487231016105
52,0.8,0.06,177,0.8700564971751412,0.8945291387003215
52,0.8,0.09,163,0.9447852760736196,0.9623967404092381
52,0.8,0.12,191,0.9947643979057592,0.991687818160083
52,0.8,0.15,196,1.0,0.9990916924713001
52,1.0,-0.15,214,0.0,0.00047620711433322103
52,1.0,-0.12,168,0.005952380952380952,0.006347782280794707
52,1.0,-0.09,155,0.025806451612903226,0.01917907151284697
52,1.0,-0.06,183,0.060109289617486336,0.068408448949526
52,1.0,-0.03,187,0.2192513368983957,0.22188921673691783
52,1.0,0.0,180,0.4888888888888889,0.4693424255092238
52,1.0,0.03,186,0.7150537634408602,0.7071165540345379
52,1.0,0.06,177,0.8870056497175142,0.8912853876889298
52,1.0,0.09,163,0.9754601226993865,0.973442019105567
52,1.0,0.12,191,0.9947643979057592,0.9967521763316943
52,1.0,0.15,196,0.9948979591836735,0.9998515923676113
52,1.2,-0.15,214,0.004672897196261682,0.0014511911717278569
52,1.2,-0.12,168,0.017857142857142856,0.010009257501779428
52,1.2,-0.09,155,0.025806451612903226,0.032666942789310136
52,1.2,-0.06,183,0.08196721311475409,0.08410824284332627
52,1.2,-0.03,187,0.2192513368983957,0.2306190165422922
52,1.2,0.0,180,0.45555555555555555,0.45441063015098554
52,1.2,0.03,186,0.6505376344086021,0.662098166879275
52,1.2,0.06,177,0.8813559322033898,0.8536724216363336
52,1.2,0.09,163,0.9570552147239264,0.9507659046745867
52,1.2,0.12,191,0.9842931937172775,0.989146225008489
52,1.2,0.15,196,0.9897959183673469,0.9970137119820949
53,0.8,-0.15,214,0.0,0.0004681403293243774
53,0.8,-0.12,168,0.023809523809523808,0.017546227993587564
53,0.8,-0.09,155,0.025806451612903226,0.027855814691243562
53,0.8,-0.06,183,0.09836065573770492,0.09431312470116052
53,0.8,-0.03,187,0.20855614973262032,0.20525957460356026
53,0.8,0.0,180,0.4,0.38980490854890254
53,0.8,0.03,186,0.5860215053763441,0.5803693390775005
53,0.8,0.06,177,0.7570621468926554,0.7740721979554928
53,0.8,0.09,163,0.8711656441717791,0.897223240205296
53,0.8,0.12,191,0.9685863874345549,0.9712803941617278
53,0.8,0.15,196,1.0,0.9947904286151403
53,1.0,-0.15,214,0.0,8.515653208145967e-05
53,1.0,-0.12,168,0.0,0.003083489689042868
53,1.0,-0.09,155,0.0064516129032258064,0.008597295003043634
53,1.0,-0.06,183,0.04371584699453552,0.038882156654271006
53,1.0,-0.03,187,0.15508021390374332,0.1486124623107861
53,1.0,0.0,180,0.39444444444444443,0.3776956354063633
53,1.0,0.03,186,0.6075268817204301,0.6202439656210161
53,1.0,0.06,177,0.8418079096045198,0.8497362373533941
53,1.0,0.09,163,0.950920245398773,0.9574398455029092
53,1.0,0.12,191,0.9947643979057592,0.9939427449869663
53,1.0,0.15,196,1.0,0.9998325552253585
53,1.2,-0.15,214,0.0,0.00044922279918782707
53,1.2,-0.12,168,0.0,0.00517356678133894
53,1.2,-0.09,155,0.012903225806451613,0.01862549448792304
53,1.2,-0.06,183,0.07650273224043716,0.0564931808265619
53,1.2,-0.03,187,0.21390374331550802,0.18555481485751754
53,1.2,0.0,180,0.36666666666666664,0.40658989439079646
53,1.2,0.03,186,0.6182795698924731,0.6346528823499563
53,1.2,0.06,177,0.8361581920903954,0.8445412224740428
53,1.2,0.09,163,0.9570552147239264,0.9509263729189584
53,1.2,0.12,191,0.9895287958115183,0.9908993933463158
53,1.2,0.15,196,1.0,0.9981381228632562
54,0.8,-0.15,214,0.004672897196261682,0.0010057273567869872
54,0.8,-0.12,168,0.02976190476190476,0.02386896240745498
54,0.8,-0.09,155,0.04516129032258064,0.03852224857152501
54,0.8,-0.06,183,0.12568306010928962,0.10672305221869252
54,0.8,-0.03,187,0.19786096256684493,0.21025533331005236
54,0.8,0.0,180,0.3888888888888889,0.38292974415302644
54,0.8,0.03,186,0.5376344086021505,0.567056745792701
54,0.8,0.06,177,0.7175141242937854,0.7416608622371389
54,0.8,0.09,163,0.8588957055214724,0.8707135023540225
54,0.8,0.12,191,0.9738219895287958,0.9578459090675708
54,0.8,0.15,196,0.9948979591836735,0.9883005284643932
54,1.0,-0.15,214,0.0,0.00022824758202690345
54,1.0,-0.12,168,0.005952380952380952,0.004534057775251173
54,1.0,-0.09,155,0.0064516129032258064,0.01300967971836504
54,1.0,-0.06,183,0.060109289617486336,0.05358670364691893
54,1.0,-0.03,187,0.18181818181818182,0.18556935110874445
54,1.0,0.0,180,0.4388888888888889,0.42847037534969007
54,1.0,0.03,186,0.6505376344086021,0.6704071536663323
54,1.0,0.06,177,0.8757062146892656,0.875551558908311
54,1.0,0.09,163,0.9693251533742331,0.9674608210279517
54,1.0,0.12,191,1.0,0.9958989608155602
54,1.0,0.15,196,1.0,0.9998710840954202
54,1.2,-0.15,214,0.0,0.0009008257235712934
54,1.2,-0.12,168,0.005952380952380952,0.007860525169606872
54,1.2,-0.09,155,0.03870967741935484,0.02672030398506376
54,1.2,-0.06,183,0.0546448087431694,0.07486596388766302
54,1.2,-0.03,187,0.20855614973262032,0.22343665367559573
54,1.2,0.0,180,0.5,0.45349556195252994
54,1.2,0.03,186,0.6505376344086021,0.6746210946776799
54,1.2,0.06,177,0.8700564971751412,0.8655269755577095
54,1.2,0.09,163,0.9631901840490797,0.959048520452223
54,1.2,0.12,191,1.0,0.9924737143685047
54,1.2,0.15,196,0.9948979591836735,0.9984312944036261
55,0.8,-0.15,214,0.0,0.000922459561224258
55,0.8,-0.12,168,0.041666666666666664,0.02377248340390922
55,0.8,-0.09,155,0.03225806451612903,0.037694208367982984
55,0.8,-0.06,183,0.1366120218579235,0.125463955098648
55,0.8,-0.03,187,0.2727272727272727,0.25700982438487263
55,0.8,0.0,180,0.4222222222222222,0.46939968440325686
55,0.8,0.03,186,0.6397849462365591,0.6576390501085823
55,0.8,0.06,177,0.864406779661017,0.8455909712445349
55,0.8,0.09,163,0.950920245398773,0.9396047466119296
55,0.8,0.12,191,0.9895287958115183,0.9857223239804841
55,0.8,0.15,196,1.0,0.9985998158350132
55,1.0,-0.15,214,0.0,0.0004297963220774436
55,1.0,-0.12,168,0.005952380952380952,0.005505735067964884
55,1.0,-0.09,155,0.03870967741935484,0.01879863009774624
55,1.0,-0.06,183,0.04371584699453552,0.06242308801279167
55,1.0,-0.03,187,0.20855614973262032,0.21372497987923925
55,1.0,0.0,180,0.46111111111111114,0.45802366085675444
55,1.0,0.03,186,0.7043010752688172,0.6992723135173163
55,1.0,0.06,177,0.8813559322033898,0.8868229508868389
55,1.0,0.09,163,0.9631901840490797,0.9728325804053065
55,1.0,0.12,191,1.0,0.9966230167349366
55,1.0,0.15,196,1.0,0.9997601692366969
55,1.2,-0.15,214,0.0,0.002390665355517497
55,1.2,-0.12,168,0.005952380952380952,0.013727227483351721
55,1.2,-0.09,155,0.04516129032258064,0.0423415018147012
55,1.2,-0.06,183,0.08196721311475409,0.09713428672557094
55,1.2,-0.03,187,0.23529411764705882,0.24379791936094916
55,1.2,0.0,180,0.48333333333333334,0.464934580526339
55,1.2,0.03,186,0.6505376344086021,0.6568866815549875
55,1.2,0.06,177,0.8531073446327684,0.8458908813409304
55,1.2,0.09,163,0.950920245398773,0.9445349103564782
55,1.2,0.12,191,0.9790575916230366,0.9857031606413403
55,1.2,0.15,196,0.9897959183673469,0.9951862566240066
56,0.8,-0.15,214,0.004672897196261682,0.0025824313925437007
56,0.8,-0.12,168,0.005952380952380952,0.038405862015647045
56,0.8,-0.09,155,0.06451612903225806,0.061098217703821886
56,0.8,-0.06,183,0.18032786885245902,0.16881791957637532
56,0.8,-0.03,187,0.2994652406417112,0.30711486780609804
56,0.8,0.0,180,0.5222222222222223,0.5245793137192293
56,0.8,0.03,186,0.7365591397849462,0.7003126471258335
56,0.8,0.06,177,0.8587570621468926,0.8693189129845552
56,0.8,0.09,163,0.950920245398773,0.9497240192510761
56,0.8,0.12,191,0.9895287958115183,0.9879518128426166
56,0.8,0.15,196,1.0,0.9988258625229284
56,1.0,-0.15,214,0.0,0.0019389538828301603
56,1.0,-0.12,168,0.005952380952380952,0.018245012184581997
56,1.0,-0.09,155,0.05161290322580645,0.046316378755193136
56,1.0,-0.06,183,0.14207650273224043,0.13938490425566524
56,1.0,-0.03,187,0.32085561497326204,0.3469998678163041
56,1.0,0.0,180,0.5944444444444444,0.5986018990374654
56,1.0,0.03,186,0.8279569892473119,0.8049461255977758
56,1.0,0.06,177,0.9491525423728814,0.9335463564867176
56,1.0,0.09,163,0.9877300613496932,0.9861832943796948
56,1.0,0.12,191,1.0,0.9985483338324418
56,1.0,0.15,196,1.0,0.9999438249563225
56,1.2,-0.15,214,0.0,0.007815988330513295
56,1.2,-0.12,168,0.017857142857142856,0.032864090036331436
56,1.2,-0.09,155,0.07096774193548387,0.08929176497851375
56,1.2,-0.06,183,0.20765027322404372,0.18003832939795608
56,1.2,-0.03,187,0.39572192513368987,0.37918024370342984
56,1.2,0.0,180,0.6,0.607978850854742
56,1.2,0.03,186,0.7688172043010753,0.7754237427049727
56,1.2,0.06,177,0.9096045197740112,0.9107375268269223
56,1.2,0.09,163,0.9877300613496932,0.9731372001651526
56,1.2,0.12,191,0.9842931937172775,0.9940965080373583
56,1.2,0.15,196,1.0,0.9982961991354345
57,0.8,-0.15,214,0.0,0.0012402971320226346
57,0.8,-0.12,168,0.023809523809523808,0.021833405289533554
57,0.8,-0.09,155,0.06451612903225806,0.03610033463865088
57,0.8,-0.06,183,0.11475409836065574,0.11955181963116646
57,0.8,-0.03,187,0.23529411764705882,0.25336773373870697
57,0.8,0.0,180,0.43333333333333335,0.4630742224320615
57,0.8,0.03,186,0.6344086021505376,0.6554272497527794
57,0.8,0.06,177,0.8813559322033898,0.8401254674303607
57,0.8,0.09,163,0.9570552147239264,0.9374746588374717
57,0.8,0.12,191,0.9842931937172775,0.9850204416729766
57,0.8,0.15,196,0.9948979591836735,0.9981432434487996
57,1.0,-0.15,214,0.0,0.0007995868184438616
57,1.0,-0.12,168,0.0,0.00864477374671306
57,1.0,-0.09,155,0.03225806451612903,0.026980542784207348
57,1.0,-0.06,183,0.07103825136612021,0.08570724833394372
57,1.0,-0.03,187,0.26737967914438504,0.2620087372372343
57,1.0,0.0,180,0.5388888888888889,0.5147533823841022
57,1.0,0.03,186,0.7311827956989247,0.7459110901778917
57,1.0,0.06,177,0.9096045197740112,0.9091936795446758
57,1.0,0.09,163,0.9754601226993865,0.9800230334430396
57,1.0,0.12,191,1.0,0.9977382948713261
57,1.0,0.15,196,1.0,0.9998756483975901
57,1.2,-0.15,214,0.0,0.003923265592043708
57,1.2,-0.12,168,0.017857142857142856,0.019460635959397198
57,1.2,-0.09,155,0.0967741935483871,0.05652056827373758
57,1.2,-0.06,183,0.09289617486338798,0.11884658329455293
57,1.2,-0.03,187,0.2727272727272727,0.27557696411685795
57,1.2,0.0,180,0.5111111111111111,0.4952949225086043
57,1.2,0.03,186,0.6129032258064516,0.6760519243237363
57,1.2,0.06,177,0.8587570621468926,0.8529484078407477
57,1.2,0.09,163,0.9631901840490797,0.9464160077804672
57,1.2,0.12,191,0.9895287958115183,0.9851793248654095
57,1.2,0.15,196,1.0,0.9948348493514891
58,0.8,-0.15,214,0.0,0.0020426398272861915
58,0.8,-0.12,168,0.011904761904761904,0.018149896216374785
58,0.8,-0.09,155,0.01935483870967742,0.034571763420016964
58,0.8,-0.06,183,0.08196721311475409,0.1016674039913523
58,0.8,-0.03,187,0.24064171122994651,0.23009361113833218
58,0.8,0.0,180,0.38333333333333336,0.42292006339221394
58,0.8,0.03,186,0.6505376344086021,0.616841154481556
58,0.8,0.06,177,0.8248587570621468,0.8015565246513454
58,0.8,0.09,163,0.901840490797546,0.9142671424820445
58,0.8,0.12,191,0.9738219895287958,0.9761474970314753
58,0.8,0.15,196,0.9948979591836735,0.9948158272081101
58,1.0,-0.15,214,0.0,0.0027131097897515263
58,1.0,-0.12,168,0.03571428571428571,0.01539613876247428
58,1.0,-0.09,155,0.05161290322580645,0.04402567430247978
58,1.0,-0.06,183,0.09836065573770492,0.11050345634772472
58,1.0,-0.03,187,0.26737967914438504,0.27875744626138127
58,1.0,0.0,180,0.4444444444444444,0.4999800763011596
58,1.0,0.03,186,0.7043010752688172,0.702892698217905
58,1.0,0.06,177,0.903954802259887,0.8714820891373284
58,1.0,0.09,163,0.950920245398773,0.957977973997263
58,1.0,0.12,191,0.9842931937172775,0.9909914597652192
58,1.0,0.15,196,1.0,0.9981449099658901
58,1.2,-0.15,214,0.009345794392523364,0.0058825760724423755
58,1.2,-0.12,168,0.05952380952380952,0.02453252327667919
58,1.2,-0.09,155,0.07096774193548387,0.06546211361430115
58,1.2,-0.06,183,0.1092896174863388,0.130080722189789
58,1.2,-0.03,187,0.24064171122994651,0.2827706508078597
58,1.2,0.0,180,0.4388888888888889,0.48640854625878044
58,1.2,0.03,186,0.6666666666666666,0.6580046256202083
58,1.2,0.06,177,0.8700564971751412,0.8321543713171277
58,1.2,0.09,163,0.9325153374233128,0.9329219433787935
58,1.2,0.12,191,0.9738219895287958,0.9778698895321697
58,1.2,0.15,196,1.0,0.9917242242130958
59,0.8,-0.15,214,0.0,0.0004987624647711965
59,0.8,-0.12,168,0.011904761904761904,0.018032066449437535
59,0.8,-0.09,155,0.04516129032258064,0.02853147410954222
59,0.8,-0.06,183,0.09836065573770492,0.10053183921178038
59,0.8,-0.03,187,0.2192513368983957,0.21919259733712732
59,0.8,0.0,180,0.4222222222222222,0.4157266291438196
59,0.8,0.03,186,0.5967741935483871,0.6075355578281055
59,0.8,0.06,177,0.8192090395480226,0.804586412922589
59,0.8,0.09,163,0.901840490797546,0.9168171814825797
59,0.8,0.12,191,0.9842931937172775,0.9786874674620174
59,0.8,0.15,196,0.9948979591836735,0.9970852499070612
59,1.0,-0.15,214,0.0,0.00022468278279130934
59,1.0,-0.12,168,0.005952380952380952,0.0035178715109371863
59,1.0,-0.09,155,0.01935483870967742,0.011777139017637085
59,1.0,-0.06,183,0.03825136612021858,0.04392757894611134
59,1.0,-0.03,187,0.1657754010695187,0.16418977549585748
59,1.0,0.0,180,0.4111111111111111,0.3902507869922834
59,1.0,0.03,186,0.5967741935483871,0.6328324102975167
59,1.0,0.06,177,0.864406779661017,0.8497920948392739
59,1.0,0.09,163,0.950920245398773,0.9576007017048803
59,1.0,0.12,191,0.9895287958115183,0.9936938277030033
59,1.0,0.15,196,1.0,0.9995375146265347
59,1.2,-0.15,214,0.004672897196261682,0.0015492204047936374
59,1.2,-0.12,168,0.023809523809523808,0.009644437665112951
59,1.2,-0.09,155,0.01935483870967742,0.030283783174207338
59,1.2,-0.06,183,0.06557377049180328,0.07455564545830909
59,1.2,-0.03,187,0.18181818181818182,0.19892259987855898
59,1.2,0.0,180,0.4,0.40068214619076614
59,1.2,0.03,186,0.5645161290322581,0.5964397747445606
59,1.2,0.06,177,0.8192090395480226,0.804019852330939
59,1.2,0.09,163,0.9325153374233128,0.9232615277491685
59,1.2,0.12,191,0.9738219895287958,0.9778002068751488
59,1.2,0.15,196,1.0,0.992420141559416
60,0.8,-0.15,214,0.0,0.0003775997678337495
60,0.8,-0.12,168,0.011904761904761904,0.013950715228530551
60,0.8,-0.09,155,0.025806451612903226,0.022515789991950898
60,0.8,-0.06,183,0.08196721311475409,0.08305216265077763
60,0.8,-0.03,187,0.1925133689839572,0.19276847754279344
60,0.8,0.0,180,0.3611111111111111,0.3759884163046492
60,0.8,0.03,186,0.5806451612903226,0.5703523583631458
60,0.8,0.06,177,0.7853107344632768,0.7701898535136537
60,0.8,0.09,163,0.9202453987730062,0.8974468534370229
60,0.8,0.12,191,0.9633507853403142,0.9718932756304332
60,0.8,0.15,196,0.9948979591836735,0.9950767627665953
60,1.0,-0.15,214,0.0,0.00018325813996329537
60,1.0,-0.12,168,0.005952380952380952,0.0034434541199637966
60,1.0,-0.09,155,0.012903225806451613,0.010439401621537583
60,1.0,-0.06,183,0.03278688524590164,0.042083987681994194
60,1.0,-0.03,187,0.1497326203208556,0.15649028140005608
60,1.0,0.0,180,0.37777777777777777,0.3804554933422282
60,1.0,0.03,186,0.6021505376344086,0.6213172513899922
60,1.0,0.06,177,0.864406779661017,0.8436543100577346
60,1.0,0.09,163,0.9754601226993865,0.9541334512259797
60,1.0,0.12,191,0.9895287958115183,0.9929390676637289
60,1.0,0.15,196,1.0,0.9995814771300882
60,1.2,-0.15,214,0.0,0.0007979906038380017
60,1.2,-0.12,168,0.005952380952380952,0.006518241219697489
60,1.2,-0.09,155,0.03225806451612903,0.02212346554612769
60,1.2,-0.06,183,0.060109289617486336,0.061695074203338716
60,1.2,-0.03,187,0.1497326203208556,0.18452496988133277
60,1.2,0.0,180,0.40555555555555556,0.39069073594578035
60,1.2,0.03,186,0.5752688172043011,0.6022555651369417
60,1.2,0.06,177,0.847457627118644,0.8157026757779643
60,1.2,0.09,163,0.9386503067484663,0.9328275750373387
60,1.2,0.12,191,0.9842931937172775,0.9838148045541396
60,1.2,0.15,196,1.0,0.995549628222099
61,0.8,-0.15,214,0.0,0.0017356983697722115
61,0.8,-0.12,168,0.03571428571428571,0.0300846777750362
61,0.8,-0.09,155,0.05806451612903226,0.049539463295385874
61,0.8,-0.06,183,0.13114754098360656,0.15845724726228957
61,0.8,-0.03,187,0.3155080213903743,0.31454230915457165
61,0.8,0.0,180,0.5555555555555556,0.546490561737246
61,0.8,0.03,186,0.7096774193548387,0.7334693021439223
61,0.8,0.06,177,0.903954802259887,0.8963956399948588
61,0.8,0.09,163,0.9938650306748467,0.9665488909465226
61,0.8,0.12,191,0.9947643979057592,0.9934383024138923
61,0.8,0.15,196,1.0,0.9996769011765305
61,1.0,-0.15,214,0.0,0.0009217120445243816
61,1.0,-0.12,168,0.011904761904761904,0.01102242062704983
61,1.0,-0.09,155,0.025806451612903226,0.03084780879414337
61,1.0,-0.06,183,0.08743169398907104,0.10567658681701365
61,1.0,-0.03,187,0.32085561497326204,0.3003584971707449
61,1.0,0.0,180,0.5833333333333334,0.5640777437671284
61,1.0,0.03,186,0.7580645161290323,0.7881403501287744
61,1.0,0.06,177,0.9265536723163842,0.9310675675037234
61,1.0,0.09,163,1.0,0.9868723526681824
61,1.0,0.12,191,1.0,0.9989632603648788
61,1.0,0.15,196,1.0,0.9999798211408967
61,1.2,-0.15,214,0.0,0.0034660240804387293
61,1.2,-0.12,168,0.017857142857142856,0.02077814811600945
61,1.2,-0.09,155,0.06451612903225806,0.061681095483039336
61,1.2,-0.06,183,0.12568306010928962,0.15243716283188766
61,1.2,-0.03,187,0.37433155080213903,0.36983703050089206
61,1.2,0.0,180,0.6111111111111112,0.6171008726588738
61,1.2,0.03,186,0.7849462365591398,0.810497792820825
61,1.2,0.06,177,0.9491525423728814,0.9345141903177596
61,1.2,0.09,163,1.0,0.9859500040236587
61,1.2,0.12,191,1.0,0.9981929551788061
61,1.2,0.15,196,1.0,0.9997659533479099
