param,true,mean,sd,hdi_3%,hdi_97%,mcse_mean,mcse_sd,ess_bulk,ess_tail,r_hat,cell,g_true,a_true,n,variant,n_divergences,total_draws,frac_dropped,sampling_minutes,frac_divergent,covered
v,0.0,-0.032,0.046,-0.113,0.059,0.001,0.001,1664.0,1928.0,1.0,0,-1.0,1.0,1000,nolapse_nodeadline,0,4000,0.0,1.8378873268763225,0.0,True
a,1.0,0.848,0.066,0.745,0.971,0.002,0.001,813.0,1015.0,1.0,0,-1.0,1.0,1000,nolapse_nodeadline,0,4000,0.0,1.8378873268763225,0.0,False
z,0.5,0.509,0.012,0.488,0.53,0.0,0.0,1644.0,2081.0,1.0,0,-1.0,1.0,1000,nolapse_nodeadline,0,4000,0.0,1.8378873268763225,0.0,True
g,-1.0,0.023,0.529,-0.837,1.0,0.018,0.009,807.0,923.0,1.0,0,-1.0,1.0,1000,nolapse_nodeadline,0,4000,0.0,1.8378873268763225,0.0,False
t,0.1,0.125,0.013,0.1,0.148,0.0,0.0,848.0,1111.0,1.0,0,-1.0,1.0,1000,nolapse_nodeadline,0,4000,0.0,1.8378873268763225,0.0,True
v,0.0,-0.032,0.046,-0.122,0.051,0.001,0.001,1768.0,1971.0,1.0,0,-1.0,1.0,1000,nolapse,0,4000,0.0,1.4542749206225076,0.0,True
a,1.0,0.845,0.065,0.739,0.965,0.002,0.001,721.0,1062.0,1.01,0,-1.0,1.0,1000,nolapse,0,4000,0.0,1.4542749206225076,0.0,False
z,0.5,0.509,0.011,0.488,0.53,0.0,0.0,1627.0,1932.0,1.0,0,-1.0,1.0,1000,nolapse,0,4000,0.0,1.4542749206225076,0.0,True
g,-1.0,0.048,0.528,-0.838,0.994,0.02,0.008,702.0,919.0,1.01,0,-1.0,1.0,1000,nolapse,0,4000,0.0,1.4542749206225076,0.0,False
t,0.1,0.126,0.013,0.1,0.147,0.0,0.0,856.0,1219.0,1.01,0,-1.0,1.0,1000,nolapse,0,4000,0.0,1.4542749206225076,0.0,True
v,0.0,-0.036,0.048,-0.124,0.053,0.001,0.001,1581.0,1880.0,1.0,0,-1.0,1.0,1000,default,0,4000,0.0,1.7817126035690307,0.0,True
a,1.0,0.851,0.071,0.736,0.975,0.003,0.001,672.0,1222.0,1.01,0,-1.0,1.0,1000,default,0,4000,0.0,1.7817126035690307,0.0,False
z,0.5,0.509,0.012,0.487,0.531,0.0,0.0,1478.0,2082.0,1.0,0,-1.0,1.0,1000,default,0,4000,0.0,1.7817126035690307,0.0,True
g,-1.0,-0.092,0.575,-1.0,0.837,0.022,0.008,667.0,971.0,1.0,0,-1.0,1.0,1000,default,0,4000,0.0,1.7817126035690307,0.0,True
t,0.1,0.126,0.014,0.101,0.151,0.001,0.0,763.0,1155.0,1.01,0,-1.0,1.0,1000,default,0,4000,0.0,1.7817126035690307,0.0,False
v,0.0,-0.003,0.024,-0.048,0.042,0.001,0.0,1635.0,1958.0,1.0,1,-1.0,1.0,3700,nolapse_nodeadline,0,4000,0.0,7.104227121671041,0.0,True
a,1.0,0.839,0.039,0.766,0.899,0.001,0.001,849.0,1606.0,1.01,1,-1.0,1.0,3700,nolapse_nodeadline,0,4000,0.0,7.104227121671041,0.0,False
z,0.5,0.495,0.006,0.484,0.507,0.0,0.0,1378.0,1874.0,1.0,1,-1.0,1.0,3700,nolapse_nodeadline,0,4000,0.0,7.104227121671041,0.0,True
g,-1.0,0.037,0.352,-0.433,0.741,0.013,0.006,847.0,1725.0,1.01,1,-1.0,1.0,3700,nolapse_nodeadline,0,4000,0.0,7.104227121671041,0.0,False
t,0.1,0.131,0.008,0.118,0.145,0.0,0.0,885.0,1803.0,1.01,1,-1.0,1.0,3700,nolapse_nodeadline,0,4000,0.0,7.104227121671041,0.0,False
v,0.0,-0.003,0.024,-0.048,0.042,0.001,0.0,1635.0,1958.0,1.0,1,-1.0,1.0,3700,nolapse,0,4000,0.0,6.794058628877004,0.0,True
a,1.0,0.839,0.039,0.766,0.899,0.001,0.001,849.0,1606.0,1.01,1,-1.0,1.0,3700,nolapse,0,4000,0.0,6.794058628877004,0.0,False
z,0.5,0.495,0.006,0.484,0.507,0.0,0.0,1378.0,1874.0,1.0,1,-1.0,1.0,3700,nolapse,0,4000,0.0,6.794058628877004,0.0,True
g,-1.0,0.037,0.352,-0.433,0.741,0.013,0.006,847.0,1725.0,1.01,1,-1.0,1.0,3700,nolapse,0,4000,0.0,6.794058628877004,0.0,False
t,0.1,0.131,0.008,0.118,0.145,0.0,0.0,885.0,1803.0,1.01,1,-1.0,1.0,3700,nolapse,0,4000,0.0,6.794058628877004,0.0,False
v,0.0,-0.007,0.025,-0.056,0.039,0.001,0.001,777.0,1435.0,1.01,1,-1.0,1.0,3700,default,1,4000,0.0,8.922850326697032,0.00025,True
a,1.0,0.874,0.076,0.754,0.989,0.013,0.004,52.0,393.0,1.08,1,-1.0,1.0,3700,default,1,4000,0.0,8.922850326697032,0.00025,False
z,0.5,0.497,0.006,0.485,0.509,0.0,0.0,365.0,1341.0,1.02,1,-1.0,1.0,3700,default,1,4000,0.0,8.922850326697032,0.00025,True
g,-1.0,-0.287,0.575,-1.0,0.681,0.088,0.016,50.0,487.0,1.06,1,-1.0,1.0,3700,default,1,4000,0.0,8.922850326697032,0.00025,True
t,0.1,0.126,0.014,0.102,0.149,0.002,0.001,50.0,361.0,1.07,1,-1.0,1.0,3700,default,1,4000,0.0,8.922850326697032,0.00025,False
v,0.0,-0.019,0.039,-0.091,0.058,0.001,0.001,1383.0,1760.0,1.0,2,-1.0,1.5,1000,nolapse_nodeadline,0,4000,0.0,1.3351367314656575,0.0,True
a,1.5,1.146,0.071,1.013,1.269,0.003,0.004,1038.0,555.0,1.0,2,-1.0,1.5,1000,nolapse_nodeadline,0,4000,0.0,1.3351367314656575,0.0,False
z,0.5,0.508,0.011,0.487,0.527,0.0,0.0,1418.0,1964.0,1.0,2,-1.0,1.5,1000,nolapse_nodeadline,0,4000,0.0,1.3351367314656575,0.0,True
g,-1.0,-0.327,0.203,-0.697,0.103,0.007,0.007,1154.0,543.0,1.0,2,-1.0,1.5,1000,nolapse_nodeadline,0,4000,0.0,1.3351367314656575,0.0,False
t,0.1,0.193,0.019,0.158,0.225,0.001,0.001,1142.0,682.0,1.0,2,-1.0,1.5,1000,nolapse_nodeadline,0,4000,0.0,1.3351367314656575,0.0,False
v,0.0,-0.019,0.04,-0.095,0.054,0.001,0.001,1295.0,1589.0,1.0,2,-1.0,1.5,1000,nolapse,0,4000,0.008000000000000007,2.6922930121421813,0.0,True
a,1.5,1.176,0.1,1.033,1.396,0.005,0.003,683.0,935.0,1.0,2,-1.0,1.5,1000,nolapse,0,4000,0.008000000000000007,2.6922930121421813,0.0,False
z,0.5,0.507,0.01,0.488,0.527,0.0,0.0,1320.0,1728.0,1.0,2,-1.0,1.5,1000,nolapse,0,4000,0.008000000000000007,2.6922930121421813,0.0,True
g,-1.0,-0.471,0.264,-1.0,-0.109,0.011,0.007,660.0,812.0,1.0,2,-1.0,1.5,1000,nolapse,0,4000,0.008000000000000007,2.6922930121421813,0.0,True
t,0.1,0.189,0.024,0.139,0.227,0.001,0.001,718.0,967.0,1.0,2,-1.0,1.5,1000,nolapse,0,4000,0.008000000000000007,2.6922930121421813,0.0,False
v,0.0,-0.023,0.041,-0.1,0.054,0.001,0.001,1369.0,1510.0,1.0,2,-1.0,1.5,1000,default,0,4000,0.008000000000000007,1.7984931906064352,0.0,True
a,1.5,1.111,0.084,0.982,1.317,0.003,0.004,866.0,629.0,1.01,2,-1.0,1.5,1000,default,0,4000,0.008000000000000007,1.7984931906064352,0.0,False
z,0.5,0.511,0.011,0.49,0.531,0.0,0.0,1460.0,1659.0,1.01,2,-1.0,1.5,1000,default,0,4000,0.008000000000000007,1.7984931906064352,0.0,True
g,-1.0,-0.354,0.26,-0.999,0.004,0.009,0.009,907.0,592.0,1.01,2,-1.0,1.5,1000,default,0,4000,0.008000000000000007,1.7984931906064352,0.0,False
t,0.1,0.215,0.022,0.17,0.254,0.001,0.001,960.0,666.0,1.0,2,-1.0,1.5,1000,default,0,4000,0.008000000000000007,1.7984931906064352,0.0,False
v,0.0,-0.001,0.02,-0.037,0.037,0.0,0.0,1986.0,2248.0,1.0,3,-1.0,1.5,3700,nolapse_nodeadline,0,4000,0.0,3.7369797229766846,0.0,True
a,1.5,1.167,0.029,1.114,1.221,0.001,0.001,1277.0,1663.0,1.0,3,-1.0,1.5,3700,nolapse_nodeadline,0,4000,0.0,3.7369797229766846,0.0,False
z,0.5,0.502,0.006,0.492,0.512,0.0,0.0,2179.0,2102.0,1.0,3,-1.0,1.5,3700,nolapse_nodeadline,0,4000,0.0,3.7369797229766846,0.0,True
g,-1.0,-0.331,0.083,-0.48,-0.175,0.002,0.002,1393.0,1727.0,1.0,3,-1.0,1.5,3700,nolapse_nodeadline,0,4000,0.0,3.7369797229766846,0.0,False
t,0.1,0.172,0.008,0.155,0.187,0.0,0.0,1444.0,1680.0,1.0,3,-1.0,1.5,3700,nolapse_nodeadline,0,4000,0.0,3.7369797229766846,0.0,False
v,0.0,-0.005,0.02,-0.042,0.03,0.0,0.0,1557.0,2368.0,1.0,3,-1.0,1.5,3700,nolapse,0,4000,0.007567567567567601,5.778297690550486,0.0,True
a,1.5,1.173,0.047,1.103,1.241,0.004,0.013,523.0,185.0,1.01,3,-1.0,1.5,3700,nolapse,0,4000,0.007567567567567601,5.778297690550486,0.0,False
z,0.5,0.502,0.005,0.492,0.512,0.0,0.0,1678.0,2173.0,1.0,3,-1.0,1.5,3700,nolapse,0,4000,0.007567567567567601,5.778297690550486,0.0,True
g,-1.0,-0.399,0.118,-0.606,-0.217,0.009,0.022,506.0,185.0,1.01,3,-1.0,1.5,3700,nolapse,0,4000,0.007567567567567601,5.778297690550486,0.0,False
t,0.1,0.172,0.012,0.154,0.192,0.001,0.002,547.0,183.0,1.01,3,-1.0,1.5,3700,nolapse,0,4000,0.007567567567567601,5.778297690550486,0.0,False
v,0.0,-0.004,0.023,-0.048,0.04,0.002,0.0,238.0,1535.0,1.03,3,-1.0,1.5,3700,default,1,4000,0.007567567567567601,6.4495314955711365,0.00025,True
a,1.5,1.235,0.135,1.088,1.447,0.057,0.017,9.0,110.0,1.4,3,-1.0,1.5,3700,default,1,4000,0.007567567567567601,6.4495314955711365,0.00025,False
z,0.5,0.501,0.006,0.49,0.511,0.0,0.0,1780.0,2166.0,1.0,3,-1.0,1.5,3700,default,1,4000,0.007567567567567601,6.4495314955711365,0.00025,True
g,-1.0,-0.579,0.305,-1.0,-0.234,0.129,0.035,8.0,126.0,1.41,3,-1.0,1.5,3700,default,1,4000,0.007567567567567601,6.4495314955711365,0.00025,True
t,0.1,0.166,0.031,0.113,0.204,0.013,0.004,8.0,104.0,1.41,3,-1.0,1.5,3700,default,1,4000,0.007567567567567601,6.4495314955711365,0.00025,False
v,0.0,-0.013,0.041,-0.094,0.062,0.001,0.001,1863.0,2153.0,1.0,4,-0.5,1.0,1000,nolapse_nodeadline,0,4000,0.0,2.0834469278653462,0.0,True
a,1.0,0.875,0.049,0.792,0.959,0.001,0.001,1249.0,1871.0,1.0,4,-0.5,1.0,1000,nolapse_nodeadline,0,4000,0.0,2.0834469278653462,0.0,False
z,0.5,0.501,0.011,0.479,0.521,0.0,0.0,1591.0,2010.0,1.0,4,-0.5,1.0,1000,nolapse_nodeadline,0,4000,0.0,2.0834469278653462,0.0,True
g,-0.5,0.265,0.373,-0.339,0.929,0.011,0.005,1247.0,1684.0,1.0,4,-0.5,1.0,1000,nolapse_nodeadline,0,4000,0.0,2.0834469278653462,0.0,False
t,0.1,0.132,0.012,0.112,0.154,0.0,0.0,1523.0,2079.0,1.0,4,-0.5,1.0,1000,nolapse_nodeadline,0,4000,0.0,2.0834469278653462,0.0,False
v,0.0,-0.015,0.042,-0.095,0.061,0.001,0.001,1697.0,1983.0,1.0,4,-0.5,1.0,1000,nolapse,0,4000,0.0030000000000000027,2.1614490310351053,0.0,True
a,1.0,0.872,0.051,0.787,0.957,0.002,0.001,1065.0,1256.0,1.0,4,-0.5,1.0,1000,nolapse,0,4000,0.0030000000000000027,2.1614490310351053,0.0,False
z,0.5,0.501,0.011,0.478,0.521,0.0,0.0,1700.0,1876.0,1.0,4,-0.5,1.0,1000,nolapse,0,4000,0.0030000000000000027,2.1614490310351053,0.0,True
g,-0.5,0.227,0.385,-0.387,0.91,0.012,0.005,1048.0,1260.0,1.0,4,-0.5,1.0,1000,nolapse,0,4000,0.0030000000000000027,2.1614490310351053,0.0,False
t,0.1,0.134,0.012,0.112,0.154,0.0,0.0,1196.0,1770.0,1.0,4,-0.5,1.0,1000,nolapse,0,4000,0.0030000000000000027,2.1614490310351053,0.0,False
v,0.0,-0.022,0.043,-0.099,0.06,0.001,0.001,1957.0,2044.0,1.0,4,-0.5,1.0,1000,default,0,4000,0.0030000000000000027,1.480462869008382,0.0,True
a,1.0,0.858,0.054,0.768,0.949,0.002,0.001,1118.0,1895.0,1.0,4,-0.5,1.0,1000,default,0,4000,0.0030000000000000027,1.480462869008382,0.0,False
z,0.5,0.503,0.012,0.48,0.524,0.0,0.0,1864.0,2217.0,1.0,4,-0.5,1.0,1000,default,0,4000,0.0030000000000000027,1.480462869008382,0.0,True
g,-0.5,0.203,0.423,-0.484,0.927,0.013,0.006,1112.0,1718.0,1.0,4,-0.5,1.0,1000,default,0,4000,0.0030000000000000027,1.480462869008382,0.0,False
t,0.1,0.14,0.013,0.116,0.162,0.0,0.0,1268.0,1902.0,1.0,4,-0.5,1.0,1000,default,0,4000,0.0030000000000000027,1.480462869008382,0.0,False
v,0.0,-0.012,0.021,-0.05,0.029,0.001,0.0,1684.0,1720.0,1.0,5,-0.5,1.0,3700,nolapse_nodeadline,0,4000,0.0,6.524209098021189,0.0,True
a,1.0,0.879,0.038,0.815,0.943,0.001,0.0,819.0,1782.0,1.0,5,-0.5,1.0,3700,nolapse_nodeadline,0,4000,0.0,6.524209098021189,0.0,False
z,0.5,0.505,0.006,0.494,0.516,0.0,0.0,1454.0,2004.0,1.0,5,-0.5,1.0,3700,nolapse_nodeadline,0,4000,0.0,6.524209098021189,0.0,True
g,-0.5,0.275,0.297,-0.219,0.772,0.011,0.004,811.0,1713.0,1.0,5,-0.5,1.0,3700,nolapse_nodeadline,0,4000,0.0,6.524209098021189,0.0,False
t,0.1,0.124,0.008,0.109,0.138,0.0,0.0,929.0,1845.0,1.0,5,-0.5,1.0,3700,nolapse_nodeadline,0,4000,0.0,6.524209098021189,0.0,False
v,0.0,-0.013,0.021,-0.054,0.025,0.0,0.0,1825.0,2306.0,1.0,5,-0.5,1.0,3700,nolapse,0,4000,0.001621621621621605,6.1775992035865785,0.0,True
a,1.0,0.881,0.039,0.813,0.944,0.001,0.0,951.0,1837.0,1.01,5,-0.5,1.0,3700,nolapse,0,4000,0.001621621621621605,6.1775992035865785,0.0,False
z,0.5,0.505,0.006,0.494,0.516,0.0,0.0,1835.0,2281.0,1.0,5,-0.5,1.0,3700,nolapse,0,4000,0.001621621621621605,6.1775992035865785,0.0,True
g,-0.5,0.235,0.299,-0.228,0.772,0.01,0.004,968.0,1728.0,1.01,5,-0.5,1.0,3700,nolapse,0,4000,0.001621621621621605,6.1775992035865785,0.0,False
t,0.1,0.124,0.008,0.11,0.139,0.0,0.0,989.0,2268.0,1.01,5,-0.5,1.0,3700,nolapse,0,4000,0.001621621621621605,6.1775992035865785,0.0,False
v,0.0,-0.012,0.022,-0.053,0.029,0.001,0.0,1739.0,1977.0,1.0,5,-0.5,1.0,3700,default,0,4000,0.001621621621621605,6.200819416840871,0.0,True
a,1.0,0.86,0.043,0.791,0.93,0.002,0.0,684.0,1590.0,1.0,5,-0.5,1.0,3700,default,0,4000,0.001621621621621605,6.200819416840871,0.0,False
z,0.5,0.505,0.006,0.493,0.516,0.0,0.0,1717.0,2011.0,1.0,5,-0.5,1.0,3700,default,0,4000,0.001621621621621605,6.200819416840871,0.0,True
g,-0.5,0.287,0.345,-0.262,0.857,0.014,0.004,684.0,1613.0,1.01,5,-0.5,1.0,3700,default,0,4000,0.001621621621621605,6.200819416840871,0.0,False
t,0.1,0.131,0.009,0.115,0.148,0.0,0.0,735.0,1638.0,1.0,5,-0.5,1.0,3700,default,0,4000,0.001621621621621605,6.200819416840871,0.0,False
v,0.0,0.009,0.038,-0.064,0.078,0.001,0.001,1397.0,1505.0,1.0,6,-0.5,1.5,1000,nolapse_nodeadline,0,4000,0.0,1.9135539174079894,0.0,True
a,1.5,1.597,0.138,1.368,1.865,0.005,0.003,833.0,1109.0,1.0,6,-0.5,1.5,1000,nolapse_nodeadline,0,4000,0.0,1.9135539174079894,0.0,True
z,0.5,0.491,0.01,0.472,0.509,0.0,0.0,1287.0,1484.0,1.0,6,-0.5,1.5,1000,nolapse_nodeadline,0,4000,0.0,1.9135539174079894,0.0,True
g,-0.5,-0.594,0.14,-0.829,-0.317,0.005,0.002,869.0,1388.0,1.0,6,-0.5,1.5,1000,nolapse_nodeadline,0,4000,0.0,1.9135539174079894,0.0,True
t,0.1,0.089,0.039,0.018,0.159,0.001,0.001,835.0,954.0,1.0,6,-0.5,1.5,1000,nolapse_nodeadline,0,4000,0.0,1.9135539174079894,0.0,True
v,0.0,0.05,0.052,-0.041,0.151,0.002,0.001,1159.0,1769.0,1.0,6,-0.5,1.5,1000,nolapse,0,4000,0.03200000000000003,2.8927342573801678,0.0,True
a,1.5,1.872,0.089,1.708,2.03,0.003,0.002,883.0,1315.0,1.01,6,-0.5,1.5,1000,nolapse,0,4000,0.03200000000000003,2.8927342573801678,0.0,False
z,0.5,0.484,0.01,0.465,0.504,0.0,0.0,1132.0,1708.0,1.0,6,-0.5,1.5,1000,nolapse,0,4000,0.03200000000000003,2.8927342573801678,0.0,True
g,-0.5,-0.937,0.049,-1.0,-0.849,0.002,0.002,855.0,1062.0,1.01,6,-0.5,1.5,1000,nolapse,0,4000,0.03200000000000003,2.8927342573801678,0.0,False
t,0.1,0.036,0.024,0.001,0.079,0.001,0.001,908.0,977.0,1.01,6,-0.5,1.5,1000,nolapse,0,4000,0.03200000000000003,2.8927342573801678,0.0,False
v,0.0,0.051,0.057,-0.054,0.157,0.001,0.001,1605.0,2020.0,1.0,6,-0.5,1.5,1000,default,0,4000,0.03200000000000003,1.2108842611312867,0.0,True
a,1.5,1.855,0.089,1.687,2.007,0.003,0.002,1079.0,1362.0,1.0,6,-0.5,1.5,1000,default,0,4000,0.03200000000000003,1.2108842611312867,0.0,False
z,0.5,0.484,0.011,0.462,0.503,0.0,0.0,1545.0,1745.0,1.0,6,-0.5,1.5,1000,default,0,4000,0.03200000000000003,1.2108842611312867,0.0,True
g,-0.5,-0.947,0.044,-1.0,-0.872,0.001,0.002,1364.0,1583.0,1.0,6,-0.5,1.5,1000,default,0,4000,0.03200000000000003,1.2108842611312867,0.0,False
t,0.1,0.043,0.026,0.001,0.088,0.001,0.001,1041.0,939.0,1.0,6,-0.5,1.5,1000,default,0,4000,0.03200000000000003,1.2108842611312867,0.0,False
v,0.0,-0.004,0.017,-0.034,0.028,0.0,0.0,1747.0,2173.0,1.0,7,-0.5,1.5,3700,nolapse_nodeadline,0,4000,0.0,4.768695425987244,0.0,True
a,1.5,1.363,0.04,1.287,1.438,0.001,0.001,1131.0,1089.0,1.0,7,-0.5,1.5,3700,nolapse_nodeadline,0,4000,0.0,4.768695425987244,0.0,False
z,0.5,0.507,0.005,0.496,0.516,0.0,0.0,1873.0,2120.0,1.0,7,-0.5,1.5,3700,nolapse_nodeadline,0,4000,0.0,4.768695425987244,0.0,True
g,-0.5,-0.284,0.071,-0.417,-0.147,0.002,0.001,1191.0,1402.0,1.0,7,-0.5,1.5,3700,nolapse_nodeadline,0,4000,0.0,4.768695425987244,0.0,False
t,0.1,0.147,0.013,0.123,0.172,0.0,0.0,1222.0,1211.0,1.0,7,-0.5,1.5,3700,nolapse_nodeadline,0,4000,0.0,4.768695425987244,0.0,False
v,0.0,-0.015,0.018,-0.051,0.019,0.0,0.0,1711.0,2061.0,1.0,7,-0.5,1.5,3700,nolapse,0,4000,0.03702702702702698,5.5609658320744835,0.0,True
a,1.5,1.365,0.061,1.263,1.466,0.002,0.004,1015.0,777.0,1.01,7,-0.5,1.5,3700,nolapse,0,4000,0.03702702702702698,5.5609658320744835,0.0,False
z,0.5,0.508,0.005,0.498,0.518,0.0,0.0,1651.0,1703.0,1.0,7,-0.5,1.5,3700,nolapse,0,4000,0.03702702702702698,5.5609658320744835,0.0,True
g,-0.5,-0.457,0.094,-0.626,-0.286,0.003,0.004,1042.0,830.0,1.01,7,-0.5,1.5,3700,nolapse,0,4000,0.03702702702702698,5.5609658320744835,0.0,True
t,0.1,0.155,0.017,0.127,0.185,0.001,0.001,1094.0,797.0,1.0,7,-0.5,1.5,3700,nolapse,0,4000,0.03702702702702698,5.5609658320744835,0.0,False
v,0.0,-0.013,0.02,-0.049,0.024,0.001,0.0,1536.0,1914.0,1.0,7,-0.5,1.5,3700,default,0,4000,0.03702702702702698,5.845538755257924,0.0,True
a,1.5,1.343,0.06,1.237,1.452,0.002,0.003,1210.0,773.0,1.0,7,-0.5,1.5,3700,default,0,4000,0.03702702702702698,5.845538755257924,0.0,False
z,0.5,0.508,0.005,0.498,0.518,0.0,0.0,1409.0,2000.0,1.0,7,-0.5,1.5,3700,default,0,4000,0.03702702702702698,5.845538755257924,0.0,True
g,-0.5,-0.452,0.1,-0.651,-0.275,0.003,0.003,1221.0,787.0,1.0,7,-0.5,1.5,3700,default,0,4000,0.03702702702702698,5.845538755257924,0.0,True
t,0.1,0.166,0.017,0.134,0.197,0.001,0.001,1286.0,815.0,1.0,7,-0.5,1.5,3700,default,0,4000,0.03702702702702698,5.845538755257924,0.0,False
v,0.0,0.086,0.037,0.017,0.151,0.001,0.001,1950.0,2219.0,1.0,8,0.0,1.0,1000,nolapse_nodeadline,0,4000,0.0,2.2217494169871013,0.0,False
a,1.0,0.981,0.051,0.885,1.072,0.001,0.001,1285.0,1584.0,1.0,8,0.0,1.0,1000,nolapse_nodeadline,0,4000,0.0,2.2217494169871013,0.0,True
z,0.5,0.482,0.011,0.462,0.504,0.0,0.0,1767.0,1979.0,1.0,8,0.0,1.0,1000,nolapse_nodeadline,0,4000,0.0,2.2217494169871013,0.0,True
g,0.0,0.196,0.287,-0.279,0.76,0.008,0.005,1297.0,1518.0,1.0,8,0.0,1.0,1000,nolapse_nodeadline,0,4000,0.0,2.2217494169871013,0.0,True
t,0.1,0.1,0.014,0.074,0.125,0.0,0.0,1367.0,1948.0,1.0,8,0.0,1.0,1000,nolapse_nodeadline,0,4000,0.0,2.2217494169871013,0.0,True
v,0.0,0.09,0.039,0.014,0.158,0.001,0.001,1621.0,1979.0,1.0,8,0.0,1.0,1000,nolapse,0,4000,0.010000000000000009,1.1666007161140441,0.0,False
a,1.0,0.979,0.051,0.875,1.067,0.001,0.001,1173.0,1585.0,1.0,8,0.0,1.0,1000,nolapse,0,4000,0.010000000000000009,1.1666007161140441,0.0,True
z,0.5,0.482,0.012,0.46,0.504,0.0,0.0,1825.0,1736.0,1.0,8,0.0,1.0,1000,nolapse,0,4000,0.010000000000000009,1.1666007161140441,0.0,True
g,0.0,0.097,0.284,-0.404,0.662,0.008,0.006,1195.0,1498.0,1.0,8,0.0,1.0,1000,nolapse,0,4000,0.010000000000000009,1.1666007161140441,0.0,True
t,0.1,0.102,0.013,0.079,0.13,0.0,0.0,1298.0,1441.0,1.0,8,0.0,1.0,1000,nolapse,0,4000,0.010000000000000009,1.1666007161140441,0.0,True
v,0.0,0.092,0.04,0.014,0.167,0.001,0.001,1616.0,1723.0,1.0,8,0.0,1.0,1000,default,0,4000,0.010000000000000009,1.872418514887492,0.0,False
a,1.0,0.969,0.052,0.866,1.059,0.002,0.001,1032.0,982.0,1.0,8,0.0,1.0,1000,default,0,4000,0.010000000000000009,1.872418514887492,0.0,True
z,0.5,0.482,0.012,0.46,0.504,0.0,0.0,1709.0,1983.0,1.0,8,0.0,1.0,1000,default,0,4000,0.010000000000000009,1.872418514887492,0.0,True
g,0.0,0.069,0.302,-0.453,0.661,0.01,0.008,1022.0,927.0,1.0,8,0.0,1.0,1000,default,0,4000,0.010000000000000009,1.872418514887492,0.0,True
t,0.1,0.107,0.014,0.082,0.133,0.0,0.0,1279.0,1274.0,1.0,8,0.0,1.0,1000,default,0,4000,0.010000000000000009,1.872418514887492,0.0,True
v,0.0,-0.012,0.019,-0.049,0.022,0.0,0.0,1904.0,2248.0,1.0,9,0.0,1.0,3700,nolapse_nodeadline,0,4000,0.0,7.159852993488312,0.0,True
a,1.0,0.947,0.04,0.882,1.02,0.001,0.001,983.0,1490.0,1.0,9,0.0,1.0,3700,nolapse_nodeadline,0,4000,0.0,7.159852993488312,0.0,True
z,0.5,0.497,0.006,0.486,0.507,0.0,0.0,1926.0,1979.0,1.0,9,0.0,1.0,3700,nolapse_nodeadline,0,4000,0.0,7.159852993488312,0.0,True
g,0.0,0.367,0.249,-0.079,0.774,0.008,0.004,988.0,1552.0,1.0,9,0.0,1.0,3700,nolapse_nodeadline,0,4000,0.0,7.159852993488312,0.0,True
t,0.1,0.111,0.009,0.093,0.127,0.0,0.0,1076.0,1644.0,1.0,9,0.0,1.0,3700,nolapse_nodeadline,0,4000,0.0,7.159852993488312,0.0,True
v,0.0,-0.013,0.02,-0.051,0.023,0.0,0.0,1709.0,1818.0,1.0,9,0.0,1.0,3700,nolapse,0,4000,0.006486486486486531,7.541693381468455,0.0,True
a,1.0,0.96,0.039,0.885,1.024,0.001,0.001,1036.0,1507.0,1.01,9,0.0,1.0,3700,nolapse,0,4000,0.006486486486486531,7.541693381468455,0.0,True
z,0.5,0.497,0.006,0.486,0.509,0.0,0.0,1392.0,2193.0,1.0,9,0.0,1.0,3700,nolapse,0,4000,0.006486486486486531,7.541693381468455,0.0,True
g,0.0,0.205,0.235,-0.163,0.664,0.007,0.004,1056.0,1374.0,1.01,9,0.0,1.0,3700,nolapse,0,4000,0.006486486486486531,7.541693381468455,0.0,True
t,0.1,0.11,0.009,0.094,0.128,0.0,0.0,1112.0,1729.0,1.01,9,0.0,1.0,3700,nolapse,0,4000,0.006486486486486531,7.541693381468455,0.0,True
v,0.0,-0.014,0.02,-0.052,0.023,0.0,0.0,1717.0,2148.0,1.0,9,0.0,1.0,3700,default,0,4000,0.006486486486486531,7.686219811439514,0.0,True
a,1.0,0.95,0.039,0.875,1.014,0.001,0.001,967.0,1184.0,1.0,9,0.0,1.0,3700,default,0,4000,0.006486486486486531,7.686219811439514,0.0,True
z,0.5,0.498,0.006,0.486,0.509,0.0,0.0,1757.0,1973.0,1.0,9,0.0,1.0,3700,default,0,4000,0.006486486486486531,7.686219811439514,0.0,True
g,0.0,0.186,0.246,-0.196,0.678,0.008,0.005,990.0,1163.0,1.0,9,0.0,1.0,3700,default,0,4000,0.006486486486486531,7.686219811439514,0.0,True
t,0.1,0.114,0.009,0.098,0.131,0.0,0.0,1005.0,1562.0,1.0,9,0.0,1.0,3700,default,0,4000,0.006486486486486531,7.686219811439514,0.0,True
v,0.0,-0.014,0.026,-0.063,0.034,0.001,0.0,1450.0,1912.0,1.0,10,0.0,1.5,1000,nolapse_nodeadline,0,4000,0.0,2.143957575162252,0.0,True
a,1.5,1.603,0.079,1.458,1.748,0.002,0.002,1159.0,1451.0,1.0,10,0.0,1.5,1000,nolapse_nodeadline,0,4000,0.0,2.143957575162252,0.0,True
z,0.5,0.506,0.011,0.486,0.527,0.0,0.0,1600.0,1987.0,1.0,10,0.0,1.5,1000,nolapse_nodeadline,0,4000,0.0,2.143957575162252,0.0,True
g,0.0,-0.077,0.111,-0.264,0.13,0.003,0.003,1258.0,1402.0,1.0,10,0.0,1.5,1000,nolapse_nodeadline,0,4000,0.0,2.143957575162252,0.0,True
t,0.1,0.052,0.028,0.001,0.097,0.001,0.0,1197.0,1237.0,1.0,10,0.0,1.5,1000,nolapse_nodeadline,0,4000,0.0,2.143957575162252,0.0,False
v,0.0,-0.033,0.04,-0.108,0.042,0.001,0.001,1541.0,1993.0,1.0,10,0.0,1.5,1000,nolapse,2,4000,0.131,1.736112101872762,0.0005,True
a,1.5,1.934,0.088,1.781,2.099,0.003,0.003,1071.0,715.0,1.0,10,0.0,1.5,1000,nolapse,2,4000,0.131,1.736112101872762,0.0005,False
z,0.5,0.507,0.01,0.489,0.526,0.0,0.0,1505.0,1884.0,1.0,10,0.0,1.5,1000,nolapse,2,4000,0.131,1.736112101872762,0.0005,True
g,0.0,-0.703,0.063,-0.816,-0.589,0.002,0.003,1072.0,819.0,1.0,10,0.0,1.5,1000,nolapse,2,4000,0.131,1.736112101872762,0.0005,False
t,0.1,0.016,0.015,0.001,0.043,0.0,0.001,1192.0,1036.0,1.0,10,0.0,1.5,1000,nolapse,2,4000,0.131,1.736112101872762,0.0005,False
v,0.0,-0.03,0.044,-0.113,0.052,0.001,0.001,1528.0,1827.0,1.0,10,0.0,1.5,1000,default,0,4000,0.131,1.0594582160313923,0.0,True
a,1.5,1.945,0.089,1.778,2.111,0.002,0.002,1411.0,1341.0,1.0,10,0.0,1.5,1000,default,0,4000,0.131,1.0594582160313923,0.0,False
z,0.5,0.506,0.011,0.485,0.525,0.0,0.0,1434.0,2055.0,1.0,10,0.0,1.5,1000,default,0,4000,0.131,1.0594582160313923,0.0,True
g,0.0,-0.726,0.061,-0.836,-0.612,0.002,0.001,1491.0,1269.0,1.0,10,0.0,1.5,1000,default,0,4000,0.131,1.0594582160313923,0.0,False
t,0.1,0.019,0.017,0.001,0.05,0.0,0.0,1303.0,1257.0,1.01,10,0.0,1.5,1000,default,0,4000,0.131,1.0594582160313923,0.0,False
v,0.0,0.005,0.013,-0.02,0.031,0.0,0.0,1747.0,1929.0,1.0,11,0.0,1.5,3700,nolapse_nodeadline,0,4000,0.0,4.302190697193145,0.0,True
a,1.5,1.575,0.045,1.49,1.662,0.001,0.001,1184.0,1025.0,1.0,11,0.0,1.5,3700,nolapse_nodeadline,0,4000,0.0,4.302190697193145,0.0,True
z,0.5,0.503,0.005,0.492,0.513,0.0,0.0,1640.0,1980.0,1.0,11,0.0,1.5,3700,nolapse_nodeadline,0,4000,0.0,4.302190697193145,0.0,True
g,0.0,-0.108,0.06,-0.221,0.003,0.002,0.001,1319.0,1573.0,1.0,11,0.0,1.5,3700,nolapse_nodeadline,0,4000,0.0,4.302190697193145,0.0,True
t,0.1,0.083,0.017,0.053,0.118,0.0,0.0,1221.0,1418.0,1.0,11,0.0,1.5,3700,nolapse_nodeadline,0,4000,0.0,4.302190697193145,0.0,True
v,0.0,0.003,0.022,-0.039,0.045,0.001,0.0,1723.0,2162.0,1.0,11,0.0,1.5,3700,nolapse,0,4000,0.11567567567567572,2.89207702477773,0.0,True
a,1.5,2.018,0.035,1.951,2.082,0.001,0.001,1974.0,2269.0,1.0,11,0.0,1.5,3700,nolapse,0,4000,0.11567567567567572,2.89207702477773,0.0,False
z,0.5,0.5,0.005,0.49,0.509,0.0,0.0,1748.0,2112.0,1.0,11,0.0,1.5,3700,nolapse,0,4000,0.11567567567567572,2.89207702477773,0.0,True
g,0.0,-0.767,0.023,-0.811,-0.726,0.001,0.0,2018.0,2503.0,1.0,11,0.0,1.5,3700,nolapse,0,4000,0.11567567567567572,2.89207702477773,0.0,False
t,0.1,0.007,0.006,0.001,0.017,0.0,0.0,1675.0,1392.0,1.0,11,0.0,1.5,3700,nolapse,0,4000,0.11567567567567572,2.89207702477773,0.0,False
v,0.0,0.007,0.024,-0.04,0.05,0.001,0.0,1760.0,2082.0,1.0,11,0.0,1.5,3700,default,1,4000,0.11567567567567572,2.8084685762723285,0.00025,True
a,1.5,2.024,0.035,1.956,2.089,0.001,0.001,1654.0,1961.0,1.0,11,0.0,1.5,3700,default,1,4000,0.11567567567567572,2.8084685762723285,0.00025,False
z,0.5,0.499,0.005,0.489,0.509,0.0,0.0,1635.0,1919.0,1.0,11,0.0,1.5,3700,default,1,4000,0.11567567567567572,2.8084685762723285,0.00025,True
g,0.0,-0.785,0.023,-0.826,-0.741,0.001,0.0,1946.0,2344.0,1.0,11,0.0,1.5,3700,default,1,4000,0.11567567567567572,2.8084685762723285,0.00025,False
t,0.1,0.008,0.007,0.001,0.02,0.0,0.0,1267.0,1025.0,1.0,11,0.0,1.5,3700,default,1,4000,0.11567567567567572,2.8084685762723285,0.00025,False
v,0.0,0.081,0.034,0.013,0.141,0.001,0.001,1640.0,2403.0,1.0,12,0.5,1.0,1000,nolapse_nodeadline,0,4000,0.0,1.8226475318272908,0.0,False
a,1.0,1.031,0.055,0.936,1.129,0.002,0.001,1083.0,1727.0,1.0,12,0.5,1.0,1000,nolapse_nodeadline,0,4000,0.0,1.8226475318272908,0.0,True
z,0.5,0.486,0.012,0.466,0.509,0.0,0.0,1858.0,2080.0,1.0,12,0.5,1.0,1000,nolapse_nodeadline,0,4000,0.0,1.8226475318272908,0.0,True
g,0.5,0.327,0.267,-0.124,0.82,0.008,0.004,1125.0,1473.0,1.0,12,0.5,1.0,1000,nolapse_nodeadline,0,4000,0.0,1.8226475318272908,0.0,True
t,0.1,0.096,0.016,0.066,0.124,0.0,0.0,1165.0,1521.0,1.0,12,0.5,1.0,1000,nolapse_nodeadline,0,4000,0.0,1.8226475318272908,0.0,True
v,0.0,0.078,0.035,0.009,0.142,0.001,0.001,1853.0,2385.0,1.0,12,0.5,1.0,1000,nolapse,0,4000,0.020000000000000018,1.2031883597373962,0.0,False
a,1.0,1.029,0.054,0.923,1.125,0.002,0.001,1068.0,984.0,1.0,12,0.5,1.0,1000,nolapse,0,4000,0.020000000000000018,1.2031883597373962,0.0,True
z,0.5,0.488,0.011,0.467,0.51,0.0,0.0,1871.0,2057.0,1.0,12,0.5,1.0,1000,nolapse,0,4000,0.020000000000000018,1.2031883597373962,0.0,True
g,0.5,0.134,0.262,-0.322,0.636,0.008,0.006,1117.0,1050.0,1.0,12,0.5,1.0,1000,nolapse,0,4000,0.020000000000000018,1.2031883597373962,0.0,True
t,0.1,0.101,0.015,0.073,0.129,0.0,0.0,1256.0,1390.0,1.0,12,0.5,1.0,1000,nolapse,0,4000,0.020000000000000018,1.2031883597373962,0.0,True
v,0.0,0.08,0.037,0.011,0.148,0.001,0.001,1905.0,2025.0,1.0,12,0.5,1.0,1000,default,0,4000,0.020000000000000018,1.728269894917806,0.0,False
a,1.0,1.026,0.052,0.927,1.124,0.002,0.001,1193.0,1652.0,1.0,12,0.5,1.0,1000,default,0,4000,0.020000000000000018,1.728269894917806,0.0,True
z,0.5,0.488,0.012,0.467,0.51,0.0,0.0,1799.0,2339.0,1.0,12,0.5,1.0,1000,default,0,4000,0.020000000000000018,1.728269894917806,0.0,True
g,0.5,0.065,0.25,-0.389,0.535,0.007,0.005,1266.0,1465.0,1.0,12,0.5,1.0,1000,default,0,4000,0.020000000000000018,1.728269894917806,0.0,True
t,0.1,0.104,0.015,0.077,0.132,0.0,0.0,1466.0,1558.0,1.0,12,0.5,1.0,1000,default,0,4000,0.020000000000000018,1.728269894917806,0.0,True
v,0.0,0.031,0.018,-0.0,0.065,0.0,0.0,1597.0,1692.0,1.0,13,0.5,1.0,3700,nolapse_nodeadline,0,4000,0.0,7.343472341696422,0.0,True
a,1.0,1.065,0.039,0.987,1.135,0.001,0.001,1208.0,1293.0,1.0,13,0.5,1.0,3700,nolapse_nodeadline,0,4000,0.0,7.343472341696422,0.0,True
z,0.5,0.498,0.006,0.486,0.509,0.0,0.0,1509.0,2093.0,1.0,13,0.5,1.0,3700,nolapse_nodeadline,0,4000,0.0,7.343472341696422,0.0,True
g,0.5,0.187,0.18,-0.115,0.539,0.005,0.004,1225.0,1436.0,1.0,13,0.5,1.0,3700,nolapse_nodeadline,0,4000,0.0,7.343472341696422,0.0,True
t,0.1,0.089,0.011,0.069,0.11,0.0,0.0,1275.0,1676.0,1.0,13,0.5,1.0,3700,nolapse_nodeadline,0,4000,0.0,7.343472341696422,0.0,True
v,0.0,0.026,0.019,-0.01,0.059,0.0,0.0,1532.0,1979.0,1.0,13,0.5,1.0,3700,nolapse,0,4000,0.01864864864864868,4.924115701516469,0.0,True
a,1.0,1.068,0.029,1.015,1.125,0.001,0.001,1171.0,1266.0,1.0,13,0.5,1.0,3700,nolapse,0,4000,0.01864864864864868,4.924115701516469,0.0,False
z,0.5,0.5,0.006,0.489,0.511,0.0,0.0,1616.0,2143.0,1.0,13,0.5,1.0,3700,nolapse,0,4000,0.01864864864864868,4.924115701516469,0.0,True
g,0.5,0.002,0.123,-0.205,0.236,0.004,0.004,1243.0,1255.0,1.0,13,0.5,1.0,3700,nolapse,0,4000,0.01864864864864868,4.924115701516469,0.0,False
t,0.1,0.092,0.008,0.077,0.109,0.0,0.0,1230.0,1232.0,1.0,13,0.5,1.0,3700,nolapse,0,4000,0.01864864864864868,4.924115701516469,0.0,True
v,0.0,0.026,0.019,-0.01,0.06,0.0,0.0,2057.0,2236.0,1.0,13,0.5,1.0,3700,default,0,4000,0.01864864864864868,4.484588472048442,0.0,True
a,1.0,1.057,0.03,1.001,1.113,0.001,0.001,1045.0,1140.0,1.0,13,0.5,1.0,3700,default,0,4000,0.01864864864864868,4.484588472048442,0.0,False
z,0.5,0.5,0.006,0.489,0.511,0.0,0.0,1889.0,2261.0,1.0,13,0.5,1.0,3700,default,0,4000,0.01864864864864868,4.484588472048442,0.0,True
g,0.5,-0.015,0.13,-0.238,0.23,0.004,0.004,1097.0,1135.0,1.0,13,0.5,1.0,3700,default,0,4000,0.01864864864864868,4.484588472048442,0.0,False
t,0.1,0.097,0.008,0.082,0.114,0.0,0.0,1200.0,1526.0,1.0,13,0.5,1.0,3700,default,0,4000,0.01864864864864868,4.484588472048442,0.0,True
v,0.0,0.01,0.018,-0.023,0.045,0.0,0.0,2687.0,2507.0,1.0,14,0.5,1.5,1000,nolapse_nodeadline,0,4000,0.0,1.3902667999267577,0.0,True
a,1.5,1.383,0.018,1.35,1.416,0.0,0.001,2203.0,1396.0,1.0,14,0.5,1.5,1000,nolapse_nodeadline,0,4000,0.0,1.3902667999267577,0.0,False
z,0.5,0.499,0.015,0.471,0.526,0.0,0.0,2859.0,2530.0,1.0,14,0.5,1.5,1000,nolapse_nodeadline,0,4000,0.0,1.3902667999267577,0.0,True
g,0.5,0.965,0.037,0.899,1.0,0.001,0.002,1573.0,1375.0,1.0,14,0.5,1.5,1000,nolapse_nodeadline,0,4000,0.0,1.3902667999267577,0.0,False
t,0.1,0.123,0.023,0.081,0.165,0.0,0.0,2569.0,1771.0,1.0,14,0.5,1.5,1000,nolapse_nodeadline,0,4000,0.0,1.3902667999267577,0.0,True
v,0.0,-0.019,0.046,-0.107,0.066,0.001,0.001,2097.0,2314.0,1.0,14,0.5,1.5,1000,nolapse,0,4000,0.31000000000000005,1.3087519963582357,0.0,True
a,1.5,2.136,0.064,2.008,2.247,0.002,0.002,1840.0,1387.0,1.0,14,0.5,1.5,1000,nolapse,0,4000,0.31000000000000005,1.3087519963582357,0.0,False
z,0.5,0.506,0.011,0.486,0.526,0.0,0.0,2081.0,2126.0,1.0,14,0.5,1.5,1000,nolapse,0,4000,0.31000000000000005,1.3087519963582357,0.0,True
g,0.5,-0.698,0.039,-0.771,-0.626,0.001,0.001,1873.0,1511.0,1.0,14,0.5,1.5,1000,nolapse,0,4000,0.31000000000000005,1.3087519963582357,0.0,False
t,0.1,0.014,0.011,0.001,0.035,0.0,0.0,1679.0,1392.0,1.0,14,0.5,1.5,1000,nolapse,0,4000,0.31000000000000005,1.3087519963582357,0.0,False
v,0.0,-0.024,0.05,-0.116,0.072,0.001,0.001,1689.0,1851.0,1.01,14,0.5,1.5,1000,default,0,4000,0.31000000000000005,1.38462176322937,0.0,True
a,1.5,2.146,0.063,2.028,2.254,0.002,0.002,1879.0,1264.0,1.0,14,0.5,1.5,1000,default,0,4000,0.31000000000000005,1.38462176322937,0.0,False
z,0.5,0.507,0.012,0.484,0.529,0.0,0.0,1765.0,2082.0,1.01,14,0.5,1.5,1000,default,0,4000,0.31000000000000005,1.38462176322937,0.0,True
g,0.5,-0.712,0.04,-0.786,-0.636,0.001,0.001,1823.0,1322.0,1.0,14,0.5,1.5,1000,default,0,4000,0.31000000000000005,1.38462176322937,0.0,False
t,0.1,0.017,0.014,0.001,0.043,0.0,0.0,1060.0,875.0,1.0,14,0.5,1.5,1000,default,0,4000,0.31000000000000005,1.38462176322937,0.0,False
v,0.0,-0.017,0.01,-0.036,0.002,0.0,0.0,3192.0,2654.0,1.0,15,0.5,1.5,3700,nolapse_nodeadline,0,4000,0.0035135135135134776,2.968256111939748,0.0,True
a,1.5,1.341,0.007,1.329,1.355,0.0,0.0,3057.0,2987.0,1.0,15,0.5,1.5,3700,nolapse_nodeadline,0,4000,0.0035135135135134776,2.968256111939748,0.0,False
z,0.5,0.497,0.008,0.483,0.512,0.0,0.0,2844.0,2957.0,1.0,15,0.5,1.5,3700,nolapse_nodeadline,0,4000,0.0035135135135134776,2.968256111939748,0.0,True
g,0.5,0.993,0.007,0.98,1.0,0.0,0.0,2333.0,1814.0,1.0,15,0.5,1.5,3700,nolapse_nodeadline,0,4000,0.0035135135135134776,2.968256111939748,0.0,False
t,0.1,0.144,0.012,0.122,0.167,0.0,0.0,3103.0,2559.0,1.0,15,0.5,1.5,3700,nolapse_nodeadline,0,4000,0.0035135135135134776,2.968256111939748,0.0,False
v,0.0,-0.075,0.024,-0.121,-0.032,0.001,0.0,1616.0,2264.0,1.0,15,0.5,1.5,3700,nolapse,0,4000,0.26972972972972975,3.186867328484853,0.0,False
a,1.5,2.163,0.029,2.111,2.217,0.001,0.001,2221.0,2165.0,1.0,15,0.5,1.5,3700,nolapse,0,4000,0.26972972972972975,3.186867328484853,0.0,False
z,0.5,0.509,0.005,0.499,0.518,0.0,0.0,1870.0,2356.0,1.0,15,0.5,1.5,3700,nolapse,0,4000,0.26972972972972975,3.186867328484853,0.0,True
g,0.5,-0.71,0.018,-0.745,-0.678,0.0,0.0,2375.0,2387.0,1.0,15,0.5,1.5,3700,nolapse,0,4000,0.26972972972972975,3.186867328484853,0.0,False
t,0.1,0.005,0.004,0.001,0.012,0.0,0.0,1242.0,1028.0,1.01,15,0.5,1.5,3700,nolapse,0,4000,0.26972972972972975,3.186867328484853,0.0,False
v,0.0,-0.078,0.026,-0.121,-0.028,0.001,0.0,1954.0,2025.0,1.0,15,0.5,1.5,3700,default,0,4000,0.26972972972972975,2.1720597624778746,0.0,False
a,1.5,2.169,0.031,2.114,2.227,0.001,0.001,1782.0,1740.0,1.0,15,0.5,1.5,3700,default,0,4000,0.26972972972972975,2.1720597624778746,0.0,False
z,0.5,0.509,0.006,0.497,0.519,0.0,0.0,1994.0,2225.0,1.0,15,0.5,1.5,3700,default,0,4000,0.26972972972972975,2.1720597624778746,0.0,True
g,0.5,-0.721,0.019,-0.755,-0.687,0.0,0.0,1932.0,1999.0,1.0,15,0.5,1.5,3700,default,0,4000,0.26972972972972975,2.1720597624778746,0.0,False
t,0.1,0.006,0.004,0.001,0.013,0.0,0.0,1888.0,1458.0,1.0,15,0.5,1.5,3700,default,0,4000,0.26972972972972975,2.1720597624778746,0.0,False
v,0.0,0.042,0.032,-0.013,0.103,0.001,0.001,1686.0,1932.0,1.0,16,1.0,1.0,1000,nolapse_nodeadline,0,4000,0.0,2.2028523524602255,0.0,True
a,1.0,1.138,0.083,0.989,1.276,0.003,0.002,847.0,939.0,1.0,16,1.0,1.0,1000,nolapse_nodeadline,0,4000,0.0,2.2028523524602255,0.0,True
z,0.5,0.489,0.012,0.467,0.51,0.0,0.0,1643.0,1719.0,1.0,16,1.0,1.0,1000,nolapse_nodeadline,0,4000,0.0,2.2028523524602255,0.0,True
g,1.0,0.279,0.313,-0.202,0.899,0.011,0.006,860.0,1161.0,1.0,16,1.0,1.0,1000,nolapse_nodeadline,0,4000,0.0,2.2028523524602255,0.0,False
t,0.1,0.087,0.025,0.041,0.132,0.001,0.001,881.0,767.0,1.01,16,1.0,1.0,1000,nolapse_nodeadline,0,4000,0.0,2.2028523524602255,0.0,True
v,0.0,0.038,0.034,-0.022,0.106,0.001,0.001,1981.0,2180.0,1.0,16,1.0,1.0,1000,nolapse,0,4000,0.040000000000000036,1.1934364318847657,0.0,True
a,1.0,1.15,0.068,1.021,1.288,0.002,0.002,953.0,1174.0,1.0,16,1.0,1.0,1000,nolapse,0,4000,0.040000000000000036,1.1934364318847657,0.0,False
z,0.5,0.493,0.011,0.472,0.514,0.0,0.0,1904.0,2146.0,1.0,16,1.0,1.0,1000,nolapse,0,4000,0.040000000000000036,1.1934364318847657,0.0,True
g,1.0,-0.062,0.232,-0.477,0.4,0.007,0.007,1010.0,1134.0,1.0,16,1.0,1.0,1000,nolapse,0,4000,0.040000000000000036,1.1934364318847657,0.0,False
t,0.1,0.094,0.02,0.054,0.131,0.001,0.0,1004.0,1215.0,1.0,16,1.0,1.0,1000,nolapse,0,4000,0.040000000000000036,1.1934364318847657,0.0,True
v,0.0,0.04,0.036,-0.028,0.108,0.001,0.001,1901.0,2139.0,1.0,16,1.0,1.0,1000,default,0,4000,0.040000000000000036,1.3922189474105835,0.0,True
a,1.0,1.137,0.064,1.013,1.257,0.002,0.002,1077.0,986.0,1.0,16,1.0,1.0,1000,default,0,4000,0.040000000000000036,1.3922189474105835,0.0,False
z,0.5,0.492,0.011,0.471,0.514,0.0,0.0,1688.0,1755.0,1.0,16,1.0,1.0,1000,default,0,4000,0.040000000000000036,1.3922189474105835,0.0,True
g,1.0,-0.064,0.229,-0.427,0.415,0.007,0.007,1113.0,963.0,1.0,16,1.0,1.0,1000,default,0,4000,0.040000000000000036,1.3922189474105835,0.0,False
t,0.1,0.099,0.019,0.062,0.133,0.001,0.0,1222.0,1243.0,1.0,16,1.0,1.0,1000,default,0,4000,0.040000000000000036,1.3922189474105835,0.0,True
v,0.0,0.019,0.016,-0.012,0.049,0.0,0.0,1676.0,1776.0,1.0,17,1.0,1.0,3700,nolapse_nodeadline,0,4000,0.0,9.053964749972026,0.0,True
a,1.0,1.161,0.061,1.033,1.258,0.002,0.001,897.0,1304.0,1.0,17,1.0,1.0,3700,nolapse_nodeadline,0,4000,0.0,9.053964749972026,0.0,False
z,0.5,0.492,0.006,0.481,0.504,0.0,0.0,1561.0,1794.0,1.0,17,1.0,1.0,3700,nolapse_nodeadline,0,4000,0.0,9.053964749972026,0.0,True
g,1.0,0.264,0.233,-0.084,0.747,0.008,0.006,926.0,1373.0,1.0,17,1.0,1.0,3700,nolapse_nodeadline,0,4000,0.0,9.053964749972026,0.0,False
t,0.1,0.058,0.017,0.028,0.093,0.001,0.0,877.0,984.0,1.0,17,1.0,1.0,3700,nolapse_nodeadline,0,4000,0.0,9.053964749972026,0.0,False
v,0.0,0.02,0.018,-0.013,0.054,0.0,0.0,1940.0,2273.0,1.0,17,1.0,1.0,3700,nolapse,0,4000,0.04189189189189191,4.635887038707733,0.0,True
a,1.0,1.167,0.032,1.104,1.224,0.001,0.001,1063.0,1245.0,1.01,17,1.0,1.0,3700,nolapse,0,4000,0.04189189189189191,4.635887038707733,0.0,False
z,0.5,0.493,0.006,0.482,0.504,0.0,0.0,1822.0,2393.0,1.0,17,1.0,1.0,3700,nolapse,0,4000,0.04189189189189191,4.635887038707733,0.0,True
g,1.0,-0.035,0.099,-0.223,0.147,0.003,0.002,1144.0,1315.0,1.01,17,1.0,1.0,3700,nolapse,0,4000,0.04189189189189191,4.635887038707733,0.0,False
t,0.1,0.066,0.01,0.047,0.085,0.0,0.0,1098.0,1624.0,1.01,17,1.0,1.0,3700,nolapse,0,4000,0.04189189189189191,4.635887038707733,0.0,False
v,0.0,0.02,0.018,-0.013,0.054,0.0,0.0,1851.0,2293.0,1.0,17,1.0,1.0,3700,default,0,4000,0.04189189189189191,4.805328087011973,0.0,True
a,1.0,1.156,0.032,1.094,1.213,0.001,0.001,1271.0,1448.0,1.0,17,1.0,1.0,3700,default,0,4000,0.04189189189189191,4.805328087011973,0.0,False
z,0.5,0.494,0.006,0.483,0.505,0.0,0.0,1786.0,2181.0,1.0,17,1.0,1.0,3700,default,0,4000,0.04189189189189191,4.805328087011973,0.0,True
g,1.0,-0.043,0.103,-0.221,0.159,0.003,0.002,1297.0,1460.0,1.0,17,1.0,1.0,3700,default,0,4000,0.04189189189189191,4.805328087011973,0.0,False
t,0.1,0.07,0.01,0.052,0.089,0.0,0.0,1430.0,1788.0,1.0,17,1.0,1.0,3700,default,0,4000,0.04189189189189191,4.805328087011973,0.0,False
v,0.0,-0.022,0.015,-0.048,0.007,0.0,0.0,3240.0,2889.0,1.0,18,1.0,1.5,1000,nolapse_nodeadline,0,4000,0.039000000000000035,0.9763441642125448,0.0,True
a,1.5,1.575,0.014,1.547,1.601,0.0,0.0,3306.0,2554.0,1.0,18,1.0,1.5,1000,nolapse_nodeadline,0,4000,0.039000000000000035,0.9763441642125448,0.0,False
z,0.5,0.471,0.016,0.44,0.499,0.0,0.0,3461.0,2819.0,1.0,18,1.0,1.5,1000,nolapse_nodeadline,0,4000,0.039000000000000035,0.9763441642125448,0.0,False
g,1.0,0.992,0.008,0.977,1.0,0.0,0.0,2398.0,1285.0,1.0,18,1.0,1.5,1000,nolapse_nodeadline,0,4000,0.039000000000000035,0.9763441642125448,0.0,True
t,0.1,0.054,0.03,0.001,0.102,0.001,0.0,1738.0,1097.0,1.0,18,1.0,1.5,1000,nolapse_nodeadline,0,4000,0.039000000000000035,0.9763441642125448,0.0,True
v,0.0,-0.075,0.054,-0.177,0.028,0.001,0.001,1800.0,2119.0,1.0,18,1.0,1.5,1000,nolapse,0,4000,0.512,1.317457417647044,0.0,True
a,1.5,2.151,0.096,1.954,2.306,0.003,0.003,1414.0,1196.0,1.0,18,1.0,1.5,1000,nolapse,0,4000,0.512,1.317457417647044,0.0,False
z,0.5,0.5,0.013,0.475,0.524,0.0,0.0,1720.0,2179.0,1.0,18,1.0,1.5,1000,nolapse,0,4000,0.512,1.317457417647044,0.0,True
g,1.0,-0.655,0.055,-0.745,-0.55,0.002,0.002,1588.0,1239.0,1.0,18,1.0,1.5,1000,nolapse,0,4000,0.512,1.317457417647044,0.0,False
t,0.1,0.021,0.019,0.001,0.055,0.001,0.001,1197.0,1152.0,1.0,18,1.0,1.5,1000,nolapse,0,4000,0.512,1.317457417647044,0.0,False
v,0.0,-0.079,0.056,-0.185,0.023,0.001,0.001,1810.0,2109.0,1.0,18,1.0,1.5,1000,default,0,4000,0.512,1.634281333287557,0.0,True
a,1.5,2.157,0.096,1.979,2.312,0.003,0.004,1286.0,942.0,1.0,18,1.0,1.5,1000,default,0,4000,0.512,1.634281333287557,0.0,False
z,0.5,0.499,0.013,0.473,0.524,0.0,0.0,1874.0,2178.0,1.0,18,1.0,1.5,1000,default,0,4000,0.512,1.634281333287557,0.0,True
g,1.0,-0.668,0.055,-0.755,-0.56,0.002,0.003,1277.0,960.0,1.0,18,1.0,1.5,1000,default,0,4000,0.512,1.634281333287557,0.0,False
t,0.1,0.023,0.02,0.001,0.057,0.001,0.001,1288.0,1191.0,1.0,18,1.0,1.5,1000,default,0,4000,0.512,1.634281333287557,0.0,False
v,0.0,-0.015,0.008,-0.031,-0.0,0.0,0.0,2948.0,2735.0,1.0,19,1.0,1.5,3700,nolapse_nodeadline,0,4000,0.028918918918918957,3.0946263511975607,0.0,True
a,1.5,1.544,0.007,1.531,1.558,0.0,0.0,3031.0,2751.0,1.0,19,1.0,1.5,3700,nolapse_nodeadline,0,4000,0.028918918918918957,3.0946263511975607,0.0,False
z,0.5,0.492,0.008,0.477,0.507,0.0,0.0,2811.0,2881.0,1.0,19,1.0,1.5,3700,nolapse_nodeadline,0,4000,0.028918918918918957,3.0946263511975607,0.0,True
g,1.0,0.997,0.003,0.992,1.0,0.0,0.0,2592.0,1782.0,1.0,19,1.0,1.5,3700,nolapse_nodeadline,0,4000,0.028918918918918957,3.0946263511975607,0.0,True
t,0.1,0.063,0.018,0.03,0.097,0.0,0.0,3013.0,1738.0,1.0,19,1.0,1.5,3700,nolapse_nodeadline,0,4000,0.028918918918918957,3.0946263511975607,0.0,False
v,0.0,-0.049,0.027,-0.098,0.004,0.001,0.0,1860.0,2076.0,1.0,19,1.0,1.5,3700,nolapse,0,4000,0.4824324324324324,2.358674891789754,0.0,True
a,1.5,2.213,0.03,2.154,2.269,0.001,0.0,2323.0,2477.0,1.0,19,1.0,1.5,3700,nolapse,0,4000,0.4824324324324324,2.358674891789754,0.0,False
z,0.5,0.508,0.007,0.496,0.52,0.0,0.0,1905.0,2340.0,1.0,19,1.0,1.5,3700,nolapse,0,4000,0.4824324324324324,2.358674891789754,0.0,True
g,1.0,-0.636,0.019,-0.67,-0.599,0.0,0.0,2390.0,2729.0,1.0,19,1.0,1.5,3700,nolapse,0,4000,0.4824324324324324,2.358674891789754,0.0,False
t,0.1,0.006,0.005,0.001,0.015,0.0,0.0,2068.0,1528.0,1.0,19,1.0,1.5,3700,nolapse,0,4000,0.4824324324324324,2.358674891789754,0.0,False
v,0.0,-0.048,0.028,-0.101,0.007,0.001,0.001,2066.0,2207.0,1.0,19,1.0,1.5,3700,default,0,4000,0.4824324324324324,2.0423767805099486,0.0,True
a,1.5,2.219,0.03,2.161,2.274,0.001,0.0,2153.0,2731.0,1.0,19,1.0,1.5,3700,default,0,4000,0.4824324324324324,2.0423767805099486,0.0,False
z,0.5,0.506,0.007,0.494,0.519,0.0,0.0,2175.0,2325.0,1.0,19,1.0,1.5,3700,default,0,4000,0.4824324324324324,2.0423767805099486,0.0,True
g,1.0,-0.646,0.019,-0.681,-0.611,0.0,0.0,2451.0,2464.0,1.0,19,1.0,1.5,3700,default,0,4000,0.4824324324324324,2.0423767805099486,0.0,False
t,0.1,0.007,0.006,0.001,0.018,0.0,0.0,1848.0,1264.0,1.0,19,1.0,1.5,3700,default,0,4000,0.4824324324324324,2.0423767805099486,0.0,False
