tag,kind,gain,k,bound,seed,n,n_seeds,subsample,t_fixed,t_native_ms,omission_frac,rt_min_native_ms,rt_median_native_ms,accuracy,p_choice_plus,draws,tune,chains,total_draws,divergences,divergence_frac,r_hat_max,ess_bulk_min,minutes,priors,edge_a,edge_g,edge_v0p15,edge_z,v_Intercept_mean,v_Intercept_sd,v_Intercept_hdi3,v_Intercept_hdi97,v_Intercept_r_hat,v_Intercept_ess_bulk,v_coherence_signed_mean,v_coherence_signed_sd,v_coherence_signed_hdi3,v_coherence_signed_hdi97,v_coherence_signed_r_hat,v_coherence_signed_ess_bulk,a_mean,a_sd,a_hdi3,a_hdi97,a_r_hat,a_ess_bulk,z_mean,z_sd,z_hdi3,z_hdi97,z_r_hat,z_ess_bulk,g_mean,g_sd,g_hdi3,g_hdi97,g_r_hat,g_ess_bulk,v0p15_mean,v0p15_sd,v0p15_hdi3,v0p15_hdi97,v0p15_r_hat,v0p15_ess_bulk,v0_mean,v0_sd,v0_hdi3,v0_hdi97,v0_r_hat,v0_ess_bulk,vm0p15_mean,vm0p15_sd,vm0p15_hdi3,vm0p15_hdi97,vm0p15_r_hat,vm0p15_ess_bulk,g_nat_mean,g_nat_sd,g_nat_hdi3,g_nat_hdi97,g_nat_r_hat,g_nat_ess_bulk,a_nat_mean,a_nat_sd,a_nat_hdi3,a_nat_hdi97,a_nat_r_hat,a_nat_ess_bulk,v_nat0p15_mean,v_nat0p15_sd,v_nat0p15_hdi3,v_nat0p15_hdi97,v_nat0p15_r_hat,v_nat0p15_ess_bulk
appendix_weibull_g1.0_k4_s42,appendix_weibull,1.0,4.0,1.5,,2000,1,all,0.436,34.0,0.0,35.0,285.0,0.87,0.523,1000,1000,4,4000,0,0.0,1.0,1742.0,2.3006749073664348,box uniform (explicit),0.0,0.0,0.0,0.0,0.039,0.03,-0.016,0.098,1.0,2515.0,11.619,0.288,11.083,12.166,1.0,2371.0,1.206,0.037,1.133,1.273,1.0,1742.0,0.49,0.008,0.475,0.505,1.0,2309.0,-0.106,0.142,-0.367,0.16,1.0,1767.0,1.782,0.052,1.692,1.884,1.0,2532.0,0.039,0.03,-0.016,0.098,1.0,2515.0,-1.704,0.053,-1.81,-1.608,1.0,2159.0,-0.425,0.568,-1.468,0.64,1.0,1767.0,0.603,0.019,0.566,0.637,1.0,1742.0,3.563,0.104,3.383,3.768,1.0,2532.0
appendix_weibull_g1.0_k10_s42,appendix_weibull,1.0,10.0,1.5,,2000,1,all,0.64,34.0,0.0,35.0,285.0,0.87,0.523,1000,1000,4,4000,0,0.0,1.0,1778.0,1.6606584350268045,box uniform (explicit),0.0,0.0,0.0,0.0,0.03,0.021,-0.008,0.069,1.0,2200.0,7.623,0.188,7.274,7.984,1.0,2591.0,2.193,0.045,2.109,2.276,1.0,1778.0,0.486,0.007,0.473,0.499,1.0,2041.0,-0.219,0.034,-0.278,-0.154,1.0,1820.0,1.173,0.034,1.103,1.232,1.0,2381.0,0.03,0.021,-0.008,0.069,1.0,2200.0,-1.114,0.035,-1.183,-1.05,1.0,2414.0,-2.188,0.337,-2.777,-1.535,1.0,1820.0,0.694,0.014,0.667,0.72,1.0,1778.0,3.71,0.109,3.488,3.897,1.0,2381.0
g1.0_k10_b1.5_pooled_hier_n2000_smoke,hierarchical,1.0,10.0,1.5,,2000,20,stratified 100/seed -> 2000,0.35,4.999999999999999,0.00297499999999995,6.0,96.0,0.8305,0.5005,20,20,1,20,0,0.0,,8.0,1.07473091284434,"hierarchical, link_settings=log_logit, explicit wide normals on the logit scale",0.0,0.0,0.0,0.0,-0.055,0.036,-0.093,0.021,,26.0,9.868,0.291,9.272,10.27,,26.0,,,,,,,0.51,0.006,0.497,0.516,,26.0,,,,,,,1.224,0.033,1.169,1.274,,26.0,-0.055,0.036,-0.093,0.021,,26.0,-1.29,0.036,-1.341,-1.225,,23.0,9.164,0.441,8.547,9.676,,8.0,0.326,0.003,0.321,0.332,,11.0,3.871,0.104,3.698,4.027,,26.0
g0.8_k10_b1.5_s42,per_network,0.8,10.0,1.5,42.0,1926,1,all,0.4,10.000000000000004,0.03700000000000003,11.0,153.0,0.8400830737279336,0.5711318795430945,1000,1000,4,4000,0,0.0,1.0,2082.0,2.6297375321388246,box uniform (explicit),0.0,0.5285,0.0,0.0,0.171,0.02,0.134,0.207,1.0,2280.0,8.347,0.225,7.91,8.761,1.0,2794.0,1.216,0.011,1.195,1.238,1.0,2458.0,0.566,0.009,0.548,0.583,1.0,2179.0,0.974,0.024,0.93,1.0,1.0,2082.0,1.423,0.042,1.347,1.501,1.0,2430.0,0.171,0.02,0.134,0.207,1.0,2280.0,-1.081,0.036,-1.147,-1.012,1.0,2988.0,9.745,0.239,9.3,10.0,1.0,2082.0,0.385,0.004,0.378,0.392,1.0,2458.0,4.501,0.132,4.258,4.747,1.0,2430.0
g0.8_k10_b1.5_s43,per_network,0.8,10.0,1.5,43.0,1916,1,all,0.4,10.000000000000004,0.04200000000000004,11.0,150.0,0.860125260960334,0.4394572025052192,1000,1000,4,4000,0,0.0,1.0,2813.0,2.631678553422292,box uniform (explicit),0.0,0.79475,0.0,0.0,-0.103,0.019,-0.139,-0.066,1.0,2813.0,8.183,0.22,7.785,8.611,1.0,3080.0,1.187,0.01,1.168,1.205,1.0,3127.0,0.467,0.009,0.449,0.482,1.0,3007.0,0.987,0.013,0.964,1.0,1.0,2888.0,1.125,0.037,1.056,1.196,1.0,3061.0,-0.103,0.019,-0.139,-0.066,1.0,2813.0,-1.33,0.039,-1.402,-1.256,1.0,2994.0,9.872,0.127,9.641,10.0,1.0,2888.0,0.375,0.003,0.369,0.381,1.0,3127.0,3.557,0.117,3.341,3.782,1.0,3061.0
g0.8_k10_b1.5_s44,per_network,0.8,10.0,1.5,44.0,1920,1,all,0.4,10.000000000000004,0.040000000000000036,11.0,160.0,0.8635416666666667,0.4765625,1000,1000,4,4000,0,0.0,1.0,2264.0,2.0535622358322145,box uniform (explicit),0.0,0.68,0.0,0.0,-0.043,0.019,-0.079,-0.009,1.0,3053.0,8.307,0.218,7.913,8.718,1.0,2425.0,1.238,0.011,1.219,1.258,1.0,2718.0,0.456,0.009,0.438,0.472,1.0,3026.0,0.983,0.017,0.952,1.0,1.0,2264.0,1.203,0.037,1.13,1.266,1.0,2529.0,-0.043,0.019,-0.079,-0.009,1.0,3053.0,-1.289,0.039,-1.363,-1.217,1.0,2583.0,9.826,0.171,9.518,10.0,1.0,2264.0,0.392,0.003,0.385,0.398,1.0,2718.0,3.805,0.116,3.573,4.003,1.0,2529.0
g0.8_k10_b1.5_s45,per_network,0.8,10.0,1.5,45.0,1893,1,all,0.37,7.000000000000001,0.05349999999999999,8.0,150.0,0.8526148969889065,0.4664553618594823,1000,1000,4,4000,0,0.0,1.0,2233.0,1.6431435585021972,box uniform (explicit),0.0,0.64525,0.0,0.0,-0.025,0.019,-0.06,0.012,1.0,2888.0,8.259,0.222,7.863,8.682,1.0,2831.0,1.216,0.011,1.198,1.238,1.0,2633.0,0.444,0.009,0.428,0.461,1.0,2975.0,0.981,0.018,0.948,1.0,1.0,2233.0,1.214,0.037,1.142,1.283,1.0,2816.0,-0.025,0.019,-0.06,0.012,1.0,2888.0,-1.263,0.039,-1.339,-1.192,1.0,2844.0,9.809,0.185,9.477,10.0,1.0,2233.0,0.385,0.003,0.379,0.391,1.0,2633.0,3.84,0.119,3.612,4.057,1.0,2816.0
g0.8_k10_b1.5_s46,per_network,0.8,10.0,1.5,46.0,1935,1,all,0.37,7.000000000000001,0.03249999999999997,8.0,145.0,0.834625322997416,0.45891472868217054,1000,1000,4,4000,0,0.0,1.0,2025.0,1.388555367787679,box uniform (explicit),0.0,0.49275,0.0,0.0,-0.066,0.02,-0.104,-0.029,1.0,2636.0,8.003,0.225,7.597,8.438,1.0,2693.0,1.184,0.011,1.165,1.205,1.0,2544.0,0.497,0.009,0.48,0.515,1.0,2473.0,0.971,0.028,0.922,1.0,1.0,2025.0,1.135,0.039,1.061,1.206,1.0,2753.0,-0.066,0.02,-0.104,-0.029,1.0,2636.0,-1.266,0.04,-1.345,-1.197,1.0,2692.0,9.713,0.276,9.22,10.0,1.0,2025.0,0.375,0.004,0.368,0.381,1.0,2544.0,3.588,0.123,3.356,3.812,1.0,2753.0
g0.8_k10_b1.5_s47,per_network,0.8,10.0,1.5,47.0,1943,1,all,0.39,9.000000000000004,0.02849999999999997,10.0,141.0,0.8481729284611426,0.471950591868245,1000,1000,4,4000,0,0.0,1.0,2128.0,2.446922067801158,box uniform (explicit),0.0,0.612,0.0,0.0,-0.101,0.02,-0.141,-0.066,1.0,2656.0,8.315,0.232,7.909,8.779,1.0,2881.0,1.161,0.01,1.144,1.181,1.0,2554.0,0.475,0.009,0.458,0.493,1.0,2536.0,0.979,0.02,0.942,1.0,1.0,2128.0,1.146,0.038,1.071,1.213,1.0,2986.0,-0.101,0.02,-0.141,-0.066,1.0,2656.0,-1.349,0.042,-1.422,-1.264,1.0,2700.0,9.793,0.201,9.419,10.0,1.0,2128.0,0.367,0.003,0.362,0.373,1.0,2554.0,3.624,0.12,3.387,3.836,1.0,2986.0
g0.8_k10_b1.5_s48,per_network,0.8,10.0,1.5,48.0,1951,1,all,0.43,13.000000000000002,0.024499999999999966,14.0,134.0,0.8457201435161456,0.5638134290107637,1000,1000,4,4000,0,0.0,1.0,2732.0,2.817137877146403,box uniform (explicit),0.0,0.83725,0.0,0.0,0.139,0.02,0.1,0.177,1.0,2949.0,8.316,0.227,7.893,8.74,1.0,2961.0,1.142,0.009,1.124,1.159,1.0,3244.0,0.56,0.009,0.544,0.577,1.0,2963.0,0.989,0.011,0.97,1.0,1.0,2732.0,1.387,0.042,1.304,1.463,1.0,2788.0,0.139,0.02,0.1,0.177,1.0,2949.0,-1.108,0.037,-1.179,-1.042,1.0,3231.0,9.89,0.107,9.699,10.0,1.0,2732.0,0.361,0.003,0.355,0.366,1.0,3244.0,4.386,0.134,4.124,4.626,1.0,2788.0
g0.8_k10_b1.5_s49,per_network,0.8,10.0,1.5,49.0,1919,1,all,0.4,10.000000000000004,0.04049999999999998,11.0,156.0,0.8577384054194893,0.42574257425742573,1000,1000,4,4000,0,0.0,1.0,2513.0,1.7250753839810689,box uniform (explicit),0.0,0.70275,0.0,0.0,-0.154,0.019,-0.19,-0.117,1.0,3132.0,8.6,0.221,8.199,9.019,1.0,2702.0,1.224,0.011,1.205,1.245,1.0,2629.0,0.449,0.009,0.431,0.464,1.0,3327.0,0.983,0.017,0.954,1.0,1.0,2513.0,1.136,0.037,1.069,1.205,1.0,3015.0,-0.154,0.019,-0.19,-0.117,1.0,3132.0,-1.444,0.04,-1.518,-1.37,1.0,2625.0,9.835,0.167,9.54,10.0,1.0,2513.0,0.387,0.003,0.381,0.394,1.0,2629.0,3.592,0.116,3.381,3.81,1.0,3015.0
g0.8_k10_b1.5_s50,per_network,0.8,10.0,1.5,50.0,1969,1,all,0.37,7.000000000000001,0.015499999999999958,8.0,125.0,0.8288471305231082,0.48857287963433216,1000,1000,4,4000,0,0.0,1.0,2281.0,1.640371076265971,box uniform (explicit),0.0,0.647,0.0,0.0,0.008,0.021,-0.033,0.046,1.0,3195.0,8.283,0.231,7.843,8.71,1.0,3119.0,1.123,0.009,1.105,1.139,1.0,3043.0,0.512,0.009,0.496,0.529,1.0,3138.0,0.981,0.018,0.948,1.0,1.0,2281.0,1.25,0.041,1.169,1.323,1.0,2963.0,0.008,0.021,-0.033,0.046,1.0,3195.0,-1.234,0.039,-1.306,-1.159,1.0,3308.0,9.811,0.184,9.483,10.0,1.0,2281.0,0.355,0.003,0.349,0.36,1.0,3043.0,3.954,0.131,3.697,4.182,1.0,2963.0
g0.8_k10_b1.5_s51,per_network,0.8,10.0,1.5,51.0,1885,1,all,0.38,8.000000000000002,0.057499999999999996,9.0,167.0,0.8588859416445623,0.5437665782493368,1000,1000,4,4000,0,0.0,1.0,2196.0,2.6733609636624656,box uniform (explicit),0.0,0.57175,0.0,0.0,0.106,0.019,0.071,0.141,1.0,2572.0,8.415,0.218,7.973,8.802,1.0,3038.0,1.266,0.012,1.244,1.288,1.0,2685.0,0.564,0.009,0.548,0.582,1.0,3131.0,0.977,0.021,0.938,1.0,1.0,2196.0,1.368,0.04,1.295,1.443,1.0,2826.0,0.106,0.019,0.071,0.141,1.0,2572.0,-1.156,0.035,-1.222,-1.09,1.0,3285.0,9.772,0.215,9.381,10.0,1.0,2196.0,0.4,0.004,0.393,0.407,1.0,2685.0,4.327,0.126,4.094,4.564,1.0,2826.0
g0.8_k10_b1.5_s52,per_network,0.8,10.0,1.5,52.0,1935,1,all,0.35,4.999999999999999,0.03249999999999997,6.0,152.0,0.8532299741602067,0.5343669250645995,1000,1000,4,4000,0,0.0,1.0,1990.0,2.0327523787816366,box uniform (explicit),0.0,0.4405,0.0,0.0,0.131,0.02,0.095,0.171,1.0,2656.0,8.191,0.217,7.794,8.613,1.0,2989.0,1.224,0.012,1.201,1.245,1.0,2723.0,0.521,0.009,0.503,0.537,1.0,2603.0,0.968,0.029,0.913,1.0,1.0,1990.0,1.36,0.04,1.287,1.437,1.0,2699.0,0.131,0.02,0.095,0.171,1.0,2656.0,-1.097,0.036,-1.166,-1.031,1.0,3141.0,9.68,0.291,9.134,10.0,1.0,1990.0,0.387,0.004,0.38,0.394,1.0,2723.0,4.301,0.126,4.07,4.544,1.0,2699.0
g0.8_k10_b1.5_s53,per_network,0.8,10.0,1.5,53.0,1944,1,all,0.38,8.000000000000002,0.028000000000000025,9.0,141.0,0.8549382716049383,0.4783950617283951,1000,1000,4,4000,0,0.0,1.0,2374.0,2.5782530625661213,box uniform (explicit),0.0,0.69225,0.0,0.0,-0.085,0.019,-0.122,-0.049,1.0,3155.0,8.403,0.223,7.98,8.816,1.0,2901.0,1.171,0.01,1.152,1.189,1.0,2790.0,0.528,0.009,0.51,0.543,1.0,2836.0,0.983,0.016,0.954,1.0,1.0,2374.0,1.175,0.038,1.109,1.251,1.0,2842.0,-0.085,0.019,-0.122,-0.049,1.0,3155.0,-1.346,0.039,-1.42,-1.274,1.0,2996.0,9.834,0.161,9.544,10.0,1.0,2374.0,0.37,0.003,0.364,0.376,1.0,2790.0,3.717,0.12,3.506,3.955,1.0,2842.0
g0.8_k10_b1.5_s54,per_network,0.8,10.0,1.5,54.0,1941,1,all,0.38,8.000000000000002,0.02949999999999997,9.0,135.0,0.8119526017516744,0.4327666151468315,1000,1000,4,4000,0,0.0,1.0,2428.0,1.638361930847168,box uniform (explicit),0.0,0.69275,0.0,0.0,-0.139,0.019,-0.175,-0.103,1.0,2916.0,8.116,0.232,7.692,8.557,1.0,2793.0,1.149,0.01,1.13,1.166,1.0,2844.0,0.45,0.008,0.435,0.466,1.0,2825.0,0.983,0.016,0.954,1.0,1.0,2428.0,1.078,0.038,1.002,1.143,1.0,3050.0,-0.139,0.019,-0.175,-0.103,1.0,2916.0,-1.356,0.041,-1.433,-1.278,1.0,2560.0,9.833,0.162,9.539,10.0,1.0,2428.0,0.363,0.003,0.357,0.369,1.0,2844.0,3.41,0.121,3.168,3.616,1.0,3050.0
g0.8_k10_b1.5_s55,per_network,0.8,10.0,1.5,55.0,1928,1,all,0.38,8.000000000000002,0.03600000000000003,9.0,152.0,0.8547717842323651,0.4636929460580913,1000,1000,4,4000,0,0.0,1.0,2351.0,2.4532122055689496,box uniform (explicit),0.0,0.61175,0.0,0.0,-0.134,0.019,-0.17,-0.098,1.0,3027.0,8.472,0.223,8.05,8.879,1.0,2561.0,1.214,0.011,1.194,1.235,1.0,2741.0,0.468,0.009,0.451,0.484,1.0,3171.0,0.979,0.02,0.941,1.0,1.0,2351.0,1.137,0.036,1.063,1.199,1.0,2736.0,-0.134,0.019,-0.17,-0.098,1.0,3027.0,-1.404,0.041,-1.481,-1.326,1.0,2725.0,9.791,0.204,9.413,10.0,1.0,2351.0,0.384,0.003,0.378,0.391,1.0,2741.0,3.597,0.114,3.361,3.793,1.0,2736.0
g0.8_k10_b1.5_s56,per_network,0.8,10.0,1.5,56.0,1952,1,all,0.41,11.0,0.02400000000000002,12.0,136.0,0.8632172131147541,0.5076844262295082,1000,1000,4,4000,0,0.0,1.0,2158.0,1.989894946416219,box uniform (explicit),0.0,0.75025,0.0,0.0,0.04,0.02,0.004,0.078,1.0,2883.0,9.055,0.238,8.61,9.492,1.0,2672.0,1.152,0.01,1.134,1.171,1.0,2834.0,0.459,0.009,0.442,0.475,1.0,2837.0,0.986,0.014,0.96,1.0,1.0,2158.0,1.398,0.041,1.317,1.47,1.0,2588.0,0.04,0.02,0.004,0.078,1.0,2883.0,-1.318,0.04,-1.393,-1.243,1.0,2884.0,9.856,0.139,9.603,10.0,1.0,2158.0,0.364,0.003,0.359,0.37,1.0,2834.0,4.421,0.131,4.163,4.649,1.0,2588.0
g0.8_k10_b1.5_s57,per_network,0.8,10.0,1.5,57.0,1869,1,all,0.44,14.000000000000002,0.0655,15.0,176.0,0.8871054039593366,0.49812734082397003,1000,1000,4,4000,0,0.0,1.0,2635.0,2.302771067619324,box uniform (explicit),0.0,0.88375,0.0,0.0,-0.033,0.019,-0.065,0.004,1.0,3125.0,8.138,0.209,7.744,8.525,1.0,3331.0,1.249,0.01,1.231,1.269,1.0,3134.0,0.471,0.009,0.455,0.488,1.0,3597.0,0.991,0.009,0.974,1.0,1.0,2635.0,1.188,0.035,1.124,1.256,1.0,3408.0,-0.033,0.019,-0.065,0.004,1.0,3125.0,-1.254,0.038,-1.325,-1.184,1.0,3286.0,9.907,0.094,9.736,10.0,1.0,2635.0,0.395,0.003,0.389,0.401,1.0,3134.0,3.756,0.11,3.554,3.97,1.0,3408.0
g0.8_k10_b1.5_s58,per_network,0.8,10.0,1.5,58.0,1961,1,all,0.35,4.999999999999999,0.019499999999999962,6.0,137.0,0.8500764915859256,0.534931157572667,1000,1000,4,4000,0,0.0,1.0,2368.0,3.031811515490214,box uniform (explicit),0.0,0.485,0.0,0.0,0.004,0.02,-0.031,0.042,1.0,2885.0,8.518,0.227,8.095,8.935,1.0,3048.0,1.19,0.011,1.17,1.211,1.0,2990.0,0.544,0.009,0.527,0.56,1.0,2983.0,0.972,0.026,0.926,1.0,1.0,2368.0,1.282,0.039,1.209,1.353,1.0,2965.0,0.004,0.02,-0.031,0.042,1.0,2885.0,-1.273,0.04,-1.347,-1.198,1.0,3035.0,9.72,0.256,9.258,10.0,1.0,2368.0,0.376,0.003,0.37,0.383,1.0,2990.0,4.054,0.122,3.822,4.279,1.0,2965.0
g0.8_k10_b1.5_s59,per_network,0.8,10.0,1.5,59.0,1938,1,all,0.43,13.000000000000002,0.031000000000000028,14.0,156.5,0.8648090815273478,0.5490196078431373,1000,1000,4,4000,0,0.0,1.0,1848.0,3.1662519296010334,box uniform (explicit),0.0,0.33575,0.0,0.0,0.028,0.02,-0.006,0.068,1.0,2515.0,8.781,0.228,8.354,9.215,1.0,2777.0,1.242,0.013,1.217,1.267,1.0,2324.0,0.609,0.009,0.593,0.625,1.0,2496.0,0.958,0.036,0.89,1.0,1.0,1848.0,1.345,0.041,1.264,1.418,1.0,2628.0,0.028,0.02,-0.006,0.068,1.0,2515.0,-1.289,0.038,-1.363,-1.219,1.0,2783.0,9.58,0.361,8.903,10.0,1.0,1848.0,0.393,0.004,0.385,0.401,1.0,2324.0,4.252,0.129,3.997,4.483,1.0,2628.0
g0.8_k10_b1.5_s60,per_network,0.8,10.0,1.5,60.0,1961,1,all,0.41,11.0,0.019499999999999962,12.0,135.0,0.8306986231514534,0.4553799082100969,1000,1000,4,4000,0,0.0,1.0,2463.0,2.108402307828267,box uniform (explicit),0.0,0.73775,0.0,0.0,-0.15,0.02,-0.188,-0.114,1.0,3420.0,8.27,0.231,7.824,8.683,1.0,2911.0,1.143,0.009,1.126,1.16,1.0,2695.0,0.487,0.009,0.469,0.502,1.0,3315.0,0.985,0.015,0.959,1.0,1.0,2463.0,1.09,0.038,1.021,1.162,1.0,3123.0,-0.15,0.02,-0.188,-0.114,1.0,3420.0,-1.391,0.042,-1.468,-1.31,1.0,2966.0,9.852,0.145,9.592,10.0,1.0,2463.0,0.361,0.003,0.356,0.367,1.0,2695.0,3.447,0.119,3.23,3.674,1.0,3123.0
g0.8_k10_b1.5_s61,per_network,0.8,10.0,1.5,61.0,1954,1,all,0.39,9.000000000000004,0.02300000000000002,10.0,130.0,0.8357215967246674,0.39508700102354144,1000,1000,4,4000,0,0.0,1.0,2132.0,2.0453373193740845,box uniform (explicit),0.0,0.5525,0.0,0.0,-0.192,0.021,-0.23,-0.152,1.0,2784.0,8.631,0.229,8.221,9.09,1.0,2565.0,1.176,0.011,1.155,1.197,1.0,2658.0,0.418,0.009,0.402,0.434,1.0,2971.0,0.976,0.023,0.932,1.0,1.0,2132.0,1.102,0.037,1.033,1.172,1.0,3024.0,-0.192,0.021,-0.23,-0.152,1.0,2784.0,-1.487,0.043,-1.564,-1.406,1.0,2480.0,9.759,0.234,9.321,10.0,1.0,2132.0,0.372,0.003,0.365,0.378,1.0,2658.0,3.486,0.116,3.267,3.705,1.0,3024.0
g1.0_k10_b1.5_s42,per_network,1.0,10.0,1.5,42.0,1996,1,all,0.39,9.000000000000004,0.0020000000000000018,10.0,103.0,0.8166332665330661,0.5490981963927856,1000,1000,4,4000,0,0.0,1.0,2020.0,1.6488304495811463,box uniform (explicit),0.0,0.5085,0.0,0.0,0.112,0.023,0.069,0.156,1.0,2645.0,8.944,0.26,8.461,9.426,1.0,2522.0,1.027,0.009,1.01,1.043,1.0,2820.0,0.56,0.008,0.543,0.574,1.0,2603.0,0.973,0.025,0.925,1.0,1.0,2020.0,1.454,0.048,1.361,1.54,1.0,2348.0,0.112,0.023,0.069,0.156,1.0,2645.0,-1.23,0.042,-1.309,-1.15,1.0,2781.0,9.726,0.254,9.251,10.0,1.0,2020.0,0.325,0.003,0.319,0.33,1.0,2820.0,4.596,0.152,4.305,4.87,1.0,2348.0
g1.0_k10_b1.5_s43,per_network,1.0,10.0,1.5,43.0,1993,1,all,0.38,8.000000000000002,0.0034999999999999476,9.0,100.0,0.831409934771701,0.45559458103361766,1000,1000,4,4000,0,0.0,1.0,2560.0,2.134721084435781,box uniform (explicit),0.0,0.59025,0.0,0.0,-0.052,0.023,-0.094,-0.009,1.0,3226.0,8.958,0.249,8.499,9.437,1.0,3115.0,1.029,0.009,1.014,1.046,1.0,3352.0,0.462,0.008,0.447,0.478,1.0,3213.0,0.978,0.021,0.939,1.0,1.0,2560.0,1.292,0.044,1.207,1.372,1.0,2900.0,-0.052,0.023,-0.094,-0.009,1.0,3226.0,-1.396,0.044,-1.476,-1.315,1.0,3290.0,9.781,0.213,9.392,10.0,1.0,2560.0,0.326,0.003,0.321,0.331,1.0,3352.0,4.085,0.138,3.818,4.34,1.0,2900.0
g1.0_k10_b1.5_s44,per_network,1.0,10.0,1.5,44.0,1990,1,all,0.39,9.000000000000004,0.0050000000000000044,10.0,106.0,0.8185929648241206,0.4829145728643216,1000,1000,4,4000,0,0.0,1.0,2102.0,2.8623388449350995,box uniform (explicit),0.0,0.617,0.0,0.0,-0.021,0.022,-0.065,0.017,1.0,2671.0,8.606,0.245,8.126,9.045,1.0,2907.0,1.045,0.009,1.028,1.061,1.0,2785.0,0.461,0.008,0.445,0.477,1.0,3109.0,0.98,0.019,0.945,1.0,1.0,2102.0,1.269,0.042,1.186,1.344,1.0,2873.0,-0.021,0.022,-0.065,0.017,1.0,2671.0,-1.312,0.044,-1.395,-1.23,1.0,2919.0,9.799,0.191,9.451,10.0,1.0,2102.0,0.33,0.003,0.325,0.335,1.0,2785.0,4.014,0.132,3.75,4.249,1.0,2873.0
g1.0_k10_b1.5_s45,per_network,1.0,10.0,1.5,45.0,1989,1,all,0.36,6.0,0.005499999999999949,7.0,105.0,0.8275515334338863,0.4685771744595274,1000,1000,4,4000,0,0.0,1.0,2602.0,2.369070065021515,box uniform (explicit),0.0,0.54525,0.0,0.0,-0.022,0.023,-0.064,0.02,1.0,2811.0,9.041,0.255,8.56,9.511,1.0,2678.0,1.049,0.009,1.031,1.065,1.0,2695.0,0.456,0.008,0.44,0.471,1.0,2736.0,0.976,0.023,0.935,1.0,1.0,2663.0,1.334,0.044,1.257,1.42,1.0,2848.0,-0.022,0.023,-0.064,0.02,1.0,2811.0,-1.378,0.045,-1.468,-1.299,1.0,2602.0,9.756,0.226,9.351,10.0,1.0,2663.0,0.332,0.003,0.326,0.337,1.0,2695.0,4.219,0.139,3.973,4.49,1.0,2848.0
g1.0_k10_b1.5_s46,per_network,1.0,10.0,1.5,46.0,1992,1,all,0.36,6.0,0.0040000000000000036,7.0,98.0,0.8062248995983936,0.47740963855421686,1000,1000,4,4000,0,0.0,1.0,1638.0,2.494123915831248,box uniform (explicit),0.0,0.3145,0.0,0.0,-0.038,0.023,-0.081,0.003,1.0,3135.0,8.69,0.258,8.194,9.168,1.0,2902.0,1.022,0.01,1.004,1.041,1.0,2485.0,0.485,0.009,0.468,0.5,1.0,2836.0,0.954,0.039,0.884,1.0,1.0,1638.0,1.265,0.044,1.182,1.347,1.0,2878.0,-0.038,0.023,-0.081,0.003,1.0,3135.0,-1.342,0.046,-1.427,-1.255,1.0,3037.0,9.545,0.392,8.838,10.0,1.0,1638.0,0.323,0.003,0.317,0.329,1.0,2485.0,4.001,0.14,3.738,4.259,1.0,2878.0
g1.0_k10_b1.5_s47,per_network,1.0,10.0,1.5,47.0,1995,1,all,0.39,9.000000000000004,0.0024999999999999467,10.0,92.0,0.8165413533834587,0.4842105263157895,1000,1000,4,4000,0,0.0,1.0,2283.0,1.2322155952453613,box uniform (explicit),0.0,0.55475,0.0,0.0,-0.075,0.024,-0.12,-0.03,1.0,2460.0,8.837,0.261,8.355,9.33,1.0,2668.0,0.971,0.008,0.957,0.988,1.0,3061.0,0.472,0.008,0.455,0.487,1.0,2761.0,0.976,0.023,0.932,1.0,1.0,2283.0,1.251,0.043,1.169,1.331,1.0,2715.0,-0.075,0.024,-0.12,-0.03,1.0,2460.0,-1.401,0.048,-1.487,-1.306,1.0,2486.0,9.76,0.233,9.325,10.0,1.0,2283.0,0.307,0.003,0.303,0.312,1.0,3061.0,3.955,0.138,3.696,4.209,1.0,2715.0
g1.0_k10_b1.5_s48,per_network,1.0,10.0,1.5,48.0,1995,1,all,0.38,8.000000000000002,0.0024999999999999467,9.0,91.0,0.8070175438596491,0.543859649122807,1000,1000,4,4000,0,0.0,1.0,1937.0,1.478448478380839,box uniform (explicit),0.0,0.38225,0.0,0.0,0.074,0.024,0.027,0.119,1.0,2613.0,8.764,0.261,8.284,9.273,1.0,2884.0,0.982,0.009,0.966,0.999,1.0,2616.0,0.552,0.008,0.536,0.567,1.0,2692.0,0.962,0.034,0.899,1.0,1.0,1937.0,1.389,0.047,1.3,1.474,1.0,2651.0,0.074,0.024,0.027,0.119,1.0,2613.0,-1.24,0.045,-1.317,-1.151,1.0,2992.0,9.621,0.345,8.987,10.0,1.0,1937.0,0.311,0.003,0.305,0.316,1.0,2616.0,4.392,0.149,4.11,4.662,1.0,2651.0
g1.0_k10_b1.5_s49,per_network,1.0,10.0,1.5,49.0,1989,1,all,0.4,10.000000000000004,0.005499999999999949,11.0,105.0,0.8240321769733534,0.42936148818501757,1000,1000,4,4000,0,0.0,1.0,2189.0,1.265252129236857,box uniform (explicit),0.0,0.605,0.0,0.0,-0.169,0.023,-0.21,-0.124,1.0,2776.0,9.063,0.258,8.571,9.525,1.0,2618.0,1.032,0.009,1.016,1.048,1.0,2842.0,0.455,0.008,0.44,0.472,1.0,2667.0,0.979,0.021,0.94,1.0,1.0,2189.0,1.19,0.042,1.113,1.272,1.0,3298.0,-0.169,0.023,-0.21,-0.124,1.0,2776.0,-1.529,0.047,-1.615,-1.442,1.0,2293.0,9.788,0.206,9.402,10.0,1.0,2189.0,0.326,0.003,0.321,0.331,1.0,2842.0,3.764,0.134,3.519,4.021,1.0,3298.0
g1.0_k10_b1.5_s50,per_network,1.0,10.0,1.5,50.0,1999,1,all,0.37,7.000000000000001,0.0004999999999999449,8.0,87.0,0.8059029514757379,0.4917458729364682,1000,1000,4,4000,0,0.0,1.0,2440.0,1.316409464677175,box uniform (explicit),0.0,0.4625,0.0,0.0,-0.012,0.025,-0.061,0.035,1.0,2824.0,8.815,0.269,8.313,9.318,1.0,2875.0,0.952,0.008,0.938,0.967,1.0,2911.0,0.522,0.008,0.507,0.538,1.0,2814.0,0.97,0.029,0.916,1.0,1.0,2440.0,1.31,0.049,1.216,1.4,1.0,2820.0,-0.012,0.025,-0.061,0.035,1.0,2824.0,-1.335,0.046,-1.421,-1.25,1.0,2896.0,9.695,0.286,9.156,10.0,1.0,2440.0,0.301,0.003,0.296,0.306,1.0,2911.0,4.143,0.155,3.846,4.427,1.0,2820.0
g1.0_k10_b1.5_s51,per_network,1.0,10.0,1.5,51.0,1992,1,all,0.36,6.0,0.0040000000000000036,7.0,108.0,0.8092369477911646,0.5331325301204819,1000,1000,4,4000,0,0.0,1.0,1713.0,1.418396786848704,box uniform (explicit),0.0,0.345,0.0,0.0,0.095,0.023,0.054,0.14,1.0,2388.0,8.786,0.253,8.334,9.281,1.0,2776.0,1.064,0.01,1.045,1.083,1.0,2856.0,0.538,0.009,0.521,0.554,1.0,2548.0,0.956,0.039,0.882,1.0,1.0,1713.0,1.413,0.046,1.325,1.497,1.0,2434.0,0.095,0.023,0.054,0.14,1.0,2388.0,-1.223,0.042,-1.3,-1.145,1.0,2978.0,9.56,0.39,8.82,10.0,1.0,1713.0,0.336,0.003,0.33,0.342,1.0,2856.0,4.469,0.146,4.189,4.734,1.0,2434.0
g1.0_k10_b1.5_s52,per_network,1.0,10.0,1.5,52.0,1993,1,all,0.35,4.999999999999999,0.0034999999999999476,6.0,102.0,0.8103361766181636,0.5243351731058705,1000,1000,4,4000,0,0.0,1.0,1950.0,1.5412811120351155,box uniform (explicit),0.0,0.328,0.0,0.0,0.103,0.023,0.061,0.149,1.0,2876.0,8.644,0.253,8.166,9.097,1.0,3269.0,1.054,0.01,1.035,1.073,1.0,2973.0,0.521,0.009,0.505,0.538,1.0,3017.0,0.954,0.04,0.878,1.0,1.0,1950.0,1.4,0.047,1.314,1.49,1.0,3056.0,0.103,0.023,0.061,0.149,1.0,2876.0,-1.193,0.042,-1.268,-1.114,1.0,3191.0,9.545,0.399,8.783,10.0,1.0,1950.0,0.333,0.003,0.327,0.339,1.0,2973.0,4.427,0.148,4.156,4.712,1.0,3056.0
g1.0_k10_b1.5_s53,per_network,1.0,10.0,1.5,53.0,1994,1,all,0.38,8.000000000000002,0.0030000000000000027,9.0,96.0,0.8164493480441324,0.4724172517552658,1000,1000,4,4000,0,0.0,1.0,2271.0,1.1384369532267253,box uniform (explicit),0.0,0.54575,0.0,0.0,-0.108,0.024,-0.152,-0.062,1.0,2271.0,8.779,0.254,8.299,9.252,1.0,2680.0,0.985,0.008,0.969,1.001,1.0,2856.0,0.517,0.008,0.501,0.532,1.0,3109.0,0.976,0.023,0.934,1.0,1.0,2653.0,1.209,0.043,1.126,1.287,1.0,2750.0,-0.108,0.024,-0.152,-0.062,1.0,2271.0,-1.425,0.047,-1.513,-1.337,1.0,2437.0,9.756,0.229,9.342,10.0,1.0,2653.0,0.311,0.003,0.306,0.316,1.0,2856.0,3.822,0.137,3.562,4.071,1.0,2750.0
g1.0_k10_b1.5_s54,per_network,1.0,10.0,1.5,54.0,1996,1,all,0.36,6.0,0.0020000000000000018,7.0,94.0,0.7925851703406813,0.4514028056112224,1000,1000,4,4000,0,0.0,1.0,2129.0,1.4587965289751688,box uniform (explicit),0.0,0.44225,0.0,0.0,-0.083,0.024,-0.128,-0.039,1.0,2861.0,8.866,0.265,8.376,9.364,1.0,2652.0,0.993,0.009,0.976,1.008,1.0,2897.0,0.451,0.008,0.436,0.467,1.0,2971.0,0.968,0.03,0.913,1.0,1.0,2129.0,1.247,0.045,1.165,1.337,1.0,2892.0,-0.083,0.024,-0.128,-0.039,1.0,2861.0,-1.413,0.047,-1.503,-1.327,1.0,2593.0,9.68,0.296,9.131,10.0,1.0,2129.0,0.314,0.003,0.309,0.319,1.0,2897.0,3.944,0.144,3.683,4.229,1.0,2892.0
g1.0_k10_b1.5_s55,per_network,1.0,10.0,1.5,55.0,1992,1,all,0.36,6.0,0.0040000000000000036,7.0,100.0,0.8152610441767069,0.4738955823293173,1000,1000,4,4000,0,0.0,1.0,2122.0,1.8996112187703451,box uniform (explicit),0.0,0.395,0.0,0.0,-0.097,0.023,-0.14,-0.055,1.0,2797.0,8.814,0.257,8.333,9.289,1.0,2698.0,1.032,0.01,1.015,1.049,1.0,2508.0,0.467,0.009,0.452,0.484,1.0,3103.0,0.963,0.033,0.904,1.0,1.0,2122.0,1.226,0.043,1.149,1.308,1.0,2682.0,-0.097,0.023,-0.14,-0.055,1.0,2797.0,-1.419,0.047,-1.505,-1.332,1.0,2744.0,9.634,0.332,9.042,10.0,1.0,2122.0,0.326,0.003,0.321,0.332,1.0,2508.0,3.876,0.135,3.633,4.137,1.0,2682.0
g1.0_k10_b1.5_s56,per_network,1.0,10.0,1.5,56.0,1998,1,all,0.38,8.000000000000002,0.0010000000000000009,9.0,90.5,0.8283283283283284,0.504004004004004,1000,1000,4,4000,0,0.0,1.0,1949.0,1.981877295176188,box uniform (explicit),0.0,0.3305,0.0,0.0,0.061,0.025,0.014,0.108,1.0,2851.0,9.905,0.279,9.378,10.421,1.0,3071.0,0.986,0.009,0.969,1.004,1.0,2631.0,0.454,0.008,0.439,0.47,1.0,2826.0,0.956,0.038,0.884,1.0,1.0,1949.0,1.547,0.049,1.457,1.641,1.0,2805.0,0.061,0.025,0.014,0.108,1.0,2851.0,-1.424,0.049,-1.517,-1.337,1.0,3202.0,9.561,0.384,8.842,10.0,1.0,1949.0,0.312,0.003,0.307,0.318,1.0,2631.0,4.892,0.155,4.608,5.189,1.0,2805.0
g1.0_k10_b1.5_s57,per_network,1.0,10.0,1.5,57.0,1987,1,all,0.39,9.000000000000004,0.00649999999999995,10.0,114.0,0.8454957221942627,0.5083039758429794,1000,1000,4,4000,0,0.0,1.0,2411.0,1.0509601314862569,box uniform (explicit),0.0,0.62725,0.0,0.0,0.003,0.022,-0.038,0.043,1.0,2535.0,8.921,0.243,8.494,9.413,1.0,2801.0,1.08,0.009,1.062,1.097,1.0,2986.0,0.452,0.009,0.436,0.469,1.0,2411.0,0.98,0.019,0.945,1.0,1.0,2497.0,1.341,0.041,1.265,1.419,1.0,2848.0,0.003,0.022,-0.038,0.043,1.0,2535.0,-1.335,0.044,-1.417,-1.252,1.0,2520.0,9.804,0.188,9.446,10.0,1.0,2497.0,0.342,0.003,0.336,0.347,1.0,2986.0,4.24,0.129,4.001,4.488,1.0,2848.0
g1.0_k10_b1.5_s58,per_network,1.0,10.0,1.5,58.0,1996,1,all,0.35,4.999999999999999,0.0020000000000000018,6.0,94.0,0.8106212424849699,0.531062124248497,1000,1000,4,4000,0,0.0,1.0,2090.0,1.2626476526260375,box uniform (explicit),0.0,0.32275,0.0,0.0,0.005,0.024,-0.038,0.049,1.0,2916.0,8.727,0.262,8.255,9.238,1.0,2940.0,1.0,0.009,0.982,1.017,1.0,2900.0,0.536,0.009,0.52,0.552,1.0,2473.0,0.956,0.037,0.887,1.0,1.0,2090.0,1.314,0.046,1.23,1.401,1.0,2787.0,0.005,0.024,-0.038,0.049,1.0,2916.0,-1.304,0.046,-1.39,-1.22,1.0,3108.0,9.561,0.374,8.874,10.0,1.0,2090.0,0.316,0.003,0.311,0.322,1.0,2900.0,4.156,0.146,3.89,4.432,1.0,2787.0
g1.0_k10_b1.5_s59,per_network,1.0,10.0,1.5,59.0,1998,1,all,0.36,6.0,0.0010000000000000009,7.0,103.0,0.8223223223223223,0.5315315315315315,1000,1000,4,4000,0,0.0,1.0,1521.0,1.6661697308222452,box uniform (explicit),0.0,0.0,0.0,0.0,-0.073,0.027,-0.121,-0.021,1.0,1766.0,8.667,0.255,8.161,9.136,1.0,2714.0,1.146,0.029,1.088,1.197,1.0,1573.0,0.595,0.008,0.579,0.61,1.0,2469.0,0.416,0.132,0.169,0.66,1.0,1521.0,1.227,0.048,1.139,1.317,1.0,1997.0,-0.073,0.027,-0.121,-0.021,1.0,1766.0,-1.373,0.045,-1.458,-1.29,1.0,2689.0,4.156,1.318,1.69,6.6,1.0,1521.0,0.362,0.009,0.344,0.379,1.0,1573.0,3.881,0.152,3.603,4.164,1.0,1997.0
g1.0_k10_b1.5_s60,per_network,1.0,10.0,1.5,60.0,1998,1,all,0.37,7.000000000000001,0.0010000000000000009,8.0,93.0,0.7992992992992993,0.4644644644644645,1000,1000,4,4000,0,0.0,1.0,2108.0,1.6040676434834797,box uniform (explicit),0.0,0.39275,0.0,0.0,-0.129,0.024,-0.175,-0.084,1.0,3148.0,8.738,0.262,8.247,9.222,1.0,2761.0,0.992,0.009,0.976,1.01,1.0,2614.0,0.491,0.008,0.474,0.506,1.0,3007.0,0.963,0.033,0.902,1.0,1.0,2108.0,1.182,0.044,1.097,1.263,1.0,3091.0,-0.129,0.024,-0.175,-0.084,1.0,3148.0,-1.44,0.048,-1.534,-1.355,1.0,2619.0,9.633,0.333,9.017,10.0,1.0,2108.0,0.314,0.003,0.309,0.32,1.0,2614.0,3.737,0.14,3.47,3.993,1.0,3091.0
g1.0_k10_b1.5_s61,per_network,1.0,10.0,1.5,61.0,1999,1,all,0.38,8.000000000000002,0.0004999999999999449,9.0,94.0,0.8159079539769885,0.4272136068034017,1000,1000,4,4000,0,0.0,1.0,1977.0,1.4058428168296815,box uniform (explicit),0.0,0.3995,0.0,0.0,-0.117,0.024,-0.163,-0.072,1.0,2738.0,8.847,0.256,8.383,9.325,1.0,2684.0,0.998,0.009,0.982,1.017,1.0,2766.0,0.428,0.008,0.411,0.442,1.0,2775.0,0.963,0.034,0.9,1.0,1.0,1977.0,1.21,0.043,1.123,1.285,1.0,2695.0,-0.117,0.024,-0.163,-0.072,1.0,2738.0,-1.444,0.048,-1.534,-1.357,1.0,2713.0,9.628,0.343,9.005,10.0,1.0,1977.0,0.316,0.003,0.311,0.321,1.0,2766.0,3.826,0.137,3.55,4.064,1.0,2695.0
g1.2_k10_b1.5_s42,per_network,1.2,10.0,1.5,42.0,2000,1,all,0.38,8.000000000000002,0.0,9.0,80.0,0.7955,0.5405,1000,1000,4,4000,0,0.0,1.01,2129.0,1.3898811221122742,box uniform (explicit),0.0,0.43025,0.0,0.0,0.081,0.026,0.033,0.132,1.0,2745.0,9.054,0.28,8.563,9.613,1.0,2940.0,0.91,0.008,0.895,0.925,1.0,3308.0,0.556,0.008,0.541,0.572,1.0,2924.0,0.967,0.031,0.909,1.0,1.0,2129.0,1.44,0.052,1.34,1.535,1.0,2596.0,0.081,0.026,0.033,0.132,1.0,2745.0,-1.277,0.047,-1.368,-1.193,1.01,3304.0,9.666,0.306,9.085,10.0,1.0,2129.0,0.288,0.003,0.283,0.293,1.0,3308.0,4.552,0.164,4.239,4.854,1.0,2596.0
g1.2_k10_b1.5_s43,per_network,1.2,10.0,1.5,43.0,2000,1,all,0.38,8.000000000000002,0.0,9.0,76.0,0.793,0.459,1000,1000,4,4000,0,0.0,1.0,2505.0,1.8245436628659566,box uniform (explicit),0.0,0.43475,0.0,0.0,-0.007,0.027,-0.058,0.041,1.0,2715.0,8.843,0.271,8.343,9.359,1.0,3007.0,0.9,0.008,0.885,0.915,1.0,2842.0,0.454,0.008,0.44,0.47,1.0,2691.0,0.967,0.03,0.912,1.0,1.0,2505.0,1.319,0.049,1.225,1.411,1.0,2932.0,-0.007,0.027,-0.058,0.041,1.0,2715.0,-1.334,0.048,-1.427,-1.247,1.0,2952.0,9.672,0.304,9.119,9.999,1.0,2505.0,0.285,0.003,0.28,0.289,1.0,2842.0,4.171,0.156,3.873,4.462,1.0,2932.0
g1.2_k10_b1.5_s44,per_network,1.2,10.0,1.5,44.0,1998,1,all,0.37,7.000000000000001,0.0010000000000000009,8.0,82.0,0.7862862862862863,0.48598598598598597,1000,1000,4,4000,0,0.0,1.0,2110.0,1.8211754282315573,box uniform (explicit),0.0,0.35675,0.0,0.0,-0.019,0.026,-0.064,0.032,1.0,3081.0,8.559,0.272,8.079,9.084,1.0,3037.0,0.935,0.008,0.919,0.951,1.0,2790.0,0.47,0.008,0.454,0.485,1.0,3081.0,0.958,0.038,0.887,1.0,1.0,2110.0,1.265,0.047,1.177,1.354,1.0,3068.0,-0.019,0.026,-0.064,0.032,1.0,3081.0,-1.303,0.049,-1.392,-1.209,1.0,3060.0,9.581,0.383,8.869,10.0,1.0,2110.0,0.296,0.003,0.291,0.301,1.0,2790.0,4.0,0.149,3.721,4.282,1.0,3068.0
g1.2_k10_b1.5_s45,per_network,1.2,10.0,1.5,45.0,2000,1,all,0.36,6.0,0.0,7.0,81.0,0.804,0.474,1000,1000,4,4000,0,0.0,1.0,2224.0,1.9708309213320414,box uniform (explicit),0.0,0.4,0.0,0.0,0.013,0.026,-0.035,0.062,1.0,2550.0,9.045,0.279,8.552,9.597,1.0,2787.0,0.928,0.008,0.912,0.943,1.0,2560.0,0.455,0.008,0.44,0.471,1.0,2942.0,0.965,0.032,0.905,1.0,1.0,2224.0,1.37,0.05,1.278,1.465,1.0,2618.0,0.013,0.026,-0.035,0.062,1.0,2550.0,-1.344,0.049,-1.438,-1.257,1.0,2781.0,9.648,0.323,9.055,10.0,1.0,2224.0,0.293,0.003,0.289,0.298,1.0,2560.0,4.331,0.157,4.042,4.632,1.0,2618.0
g1.2_k10_b1.5_s46,per_network,1.2,10.0,1.5,46.0,2000,1,all,0.36,6.0,0.0,7.0,74.0,0.795,0.479,1000,1000,4,4000,0,0.0,1.0,2153.0,1.8507519364356995,box uniform (explicit),0.0,0.215,0.0,0.0,-0.021,0.027,-0.071,0.031,1.0,2543.0,9.161,0.284,8.618,9.681,1.0,2956.0,0.912,0.009,0.894,0.929,1.0,2606.0,0.481,0.008,0.465,0.497,1.0,2619.0,0.933,0.056,0.831,1.0,1.0,2153.0,1.353,0.051,1.262,1.449,1.0,2738.0,-0.021,0.027,-0.071,0.031,1.0,2543.0,-1.395,0.05,-1.489,-1.304,1.0,2829.0,9.326,0.562,8.307,10.0,1.0,2153.0,0.288,0.003,0.283,0.294,1.0,2606.0,4.279,0.161,3.989,4.582,1.0,2738.0
g1.2_k10_b1.5_s47,per_network,1.2,10.0,1.5,47.0,2000,1,all,0.37,7.000000000000001,0.0,8.0,68.0,0.794,0.4845,1000,1000,4,4000,0,0.0,1.0,1645.0,1.9193766156832377,box uniform (explicit),0.0,0.21375,0.0,0.0,-0.05,0.029,-0.102,0.006,1.0,2597.0,9.124,0.299,8.57,9.683,1.0,3410.0,0.861,0.009,0.845,0.877,1.0,2710.0,0.473,0.008,0.459,0.489,1.0,2964.0,0.933,0.056,0.829,1.0,1.0,1645.0,1.318,0.051,1.221,1.414,1.0,2981.0,-0.05,0.029,-0.102,0.006,1.0,2597.0,-1.419,0.055,-1.524,-1.318,1.0,3333.0,9.327,0.559,8.285,10.0,1.0,1645.0,0.272,0.003,0.267,0.277,1.0,2710.0,4.168,0.162,3.863,4.471,1.0,2981.0
g1.2_k10_b1.5_s48,per_network,1.2,10.0,1.5,48.0,2000,1,all,0.37,7.000000000000001,0.0,8.0,70.0,0.7815,0.536,1000,1000,4,4000,0,0.0,1.0,1751.0,2.0417728940645854,box uniform (explicit),0.0,0.2085,0.0,0.0,0.021,0.028,-0.032,0.073,1.0,2578.0,8.904,0.29,8.384,9.472,1.0,2788.0,0.869,0.009,0.854,0.887,1.0,2383.0,0.565,0.008,0.551,0.581,1.0,2795.0,0.932,0.055,0.83,1.0,1.0,1751.0,1.357,0.054,1.253,1.454,1.0,2619.0,0.021,0.028,-0.032,0.073,1.0,2578.0,-1.314,0.05,-1.41,-1.225,1.0,2903.0,9.319,0.553,8.305,10.0,1.0,1751.0,0.275,0.003,0.27,0.28,1.0,2383.0,4.291,0.17,3.962,4.597,1.0,2619.0
g1.2_k10_b1.5_s49,per_network,1.2,10.0,1.5,49.0,2000,1,all,0.39,9.000000000000004,0.0,10.0,80.5,0.8025,0.4365,1000,1000,4,4000,0,0.0,1.0,2275.0,1.6401841600735982,box uniform (explicit),0.0,0.51325,0.0,0.0,-0.142,0.026,-0.192,-0.096,1.0,2675.0,8.884,0.28,8.403,9.438,1.0,3523.0,0.913,0.008,0.898,0.928,1.0,3321.0,0.46,0.008,0.445,0.475,1.0,2931.0,0.973,0.026,0.926,1.0,1.0,2275.0,1.19,0.047,1.104,1.278,1.0,3438.0,-0.142,0.026,-0.192,-0.096,1.0,2675.0,-1.475,0.052,-1.578,-1.388,1.0,3049.0,9.73,0.263,9.265,10.0,1.0,2275.0,0.289,0.003,0.284,0.293,1.0,3321.0,3.764,0.149,3.493,4.043,1.0,3438.0
g1.2_k10_b1.5_s50,per_network,1.2,10.0,1.5,50.0,2000,1,all,0.35,4.999999999999999,0.0,6.0,69.0,0.7775,0.5025,1000,1000,4,4000,0,0.0,1.0,1695.0,1.7652095516522726,box uniform (explicit),0.0,0.12275,0.0,0.0,0.013,0.028,-0.04,0.066,1.0,2099.0,8.8,0.29,8.248,9.321,1.0,3133.0,0.863,0.01,0.846,0.881,1.0,2368.0,0.513,0.008,0.498,0.53,1.0,2369.0,0.898,0.074,0.77,1.0,1.0,1695.0,1.333,0.053,1.24,1.437,1.0,2548.0,0.013,0.028,-0.04,0.066,1.0,2099.0,-1.307,0.05,-1.401,-1.212,1.0,3169.0,8.976,0.738,7.699,10.0,1.0,1695.0,0.273,0.003,0.267,0.279,1.0,2368.0,4.215,0.169,3.921,4.544,1.0,2548.0
g1.2_k10_b1.5_s51,per_network,1.2,10.0,1.5,51.0,1998,1,all,0.36,6.0,0.0010000000000000009,7.0,81.5,0.7802802802802803,0.531031031031031,1000,1000,4,4000,0,0.0,1.0,1979.0,1.8741035461425781,box uniform (explicit),0.0,0.20575,0.0,0.0,0.059,0.026,0.014,0.111,1.0,2649.0,8.539,0.28,7.984,9.025,1.0,3335.0,0.933,0.009,0.916,0.95,1.0,2364.0,0.535,0.009,0.518,0.55,1.0,2819.0,0.934,0.053,0.841,1.0,1.0,1979.0,1.34,0.051,1.247,1.438,1.0,3067.0,0.059,0.026,0.014,0.111,1.0,2649.0,-1.221,0.048,-1.315,-1.139,1.0,3085.0,9.34,0.531,8.414,10.0,1.0,1979.0,0.295,0.003,0.29,0.3,1.0,2364.0,4.238,0.161,3.944,4.547,1.0,3067.0
g1.2_k10_b1.5_s52,per_network,1.2,10.0,1.5,52.0,1998,1,all,0.35,4.999999999999999,0.0010000000000000009,6.0,80.0,0.7807807807807807,0.5295295295295295,1000,1000,4,4000,0,0.0,1.0,1824.0,1.2881313840548196,box uniform (explicit),0.0,0.15925,0.0,0.0,0.129,0.026,0.082,0.178,1.0,2487.0,8.621,0.274,8.12,9.141,1.0,3077.0,0.939,0.01,0.921,0.959,1.0,2566.0,0.511,0.009,0.496,0.527,1.0,2886.0,0.917,0.063,0.806,1.0,1.0,1824.0,1.422,0.051,1.323,1.515,1.0,2706.0,0.129,0.026,0.082,0.178,1.0,2487.0,-1.164,0.046,-1.248,-1.076,1.0,3108.0,9.168,0.627,8.059,10.0,1.0,1824.0,0.297,0.003,0.291,0.303,1.0,2566.0,4.496,0.162,4.183,4.79,1.0,2706.0
g1.2_k10_b1.5_s53,per_network,1.2,10.0,1.5,53.0,2000,1,all,0.37,7.000000000000001,0.0,8.0,73.0,0.791,0.4725,1000,1000,4,4000,0,0.0,1.0,2440.0,1.2679612358411154,box uniform (explicit),0.0,0.42075,0.0,0.0,-0.13,0.027,-0.181,-0.081,1.0,2781.0,8.822,0.287,8.281,9.346,1.0,2879.0,0.869,0.008,0.855,0.883,1.0,3028.0,0.524,0.008,0.509,0.54,1.0,2781.0,0.965,0.032,0.907,1.0,1.0,2440.0,1.193,0.051,1.092,1.281,1.0,2978.0,-0.13,0.027,-0.181,-0.081,1.0,2781.0,-1.453,0.051,-1.543,-1.357,1.0,2672.0,9.655,0.325,9.069,10.0,1.0,2440.0,0.275,0.002,0.27,0.279,1.0,3028.0,3.773,0.16,3.453,4.05,1.0,2978.0
g1.2_k10_b1.5_s54,per_network,1.2,10.0,1.5,54.0,2000,1,all,0.36,6.0,0.0,7.0,73.0,0.7805,0.4535,1000,1000,4,4000,0,0.0,1.0,2036.0,1.4246638576189676,box uniform (explicit),0.0,0.312,0.0,0.0,-0.084,0.028,-0.135,-0.03,1.0,3130.0,9.213,0.303,8.679,9.815,1.0,2726.0,0.875,0.008,0.86,0.891,1.0,2603.0,0.467,0.008,0.45,0.482,1.0,2864.0,0.952,0.042,0.873,1.0,1.0,2036.0,1.298,0.052,1.201,1.396,1.0,2810.0,-0.084,0.028,-0.135,-0.03,1.0,3130.0,-1.466,0.054,-1.57,-1.368,1.0,2771.0,9.52,0.422,8.726,10.0,1.0,2036.0,0.277,0.003,0.272,0.282,1.0,2603.0,4.105,0.165,3.797,4.414,1.0,2810.0
g1.2_k10_b1.5_s55,per_network,1.2,10.0,1.5,55.0,1999,1,all,0.36,6.0,0.0004999999999999449,7.0,77.0,0.7903951975987994,0.4747373686843422,1000,1000,4,4000,0,0.0,1.0,1645.0,1.5076802730560304,box uniform (explicit),0.0,0.263,0.0,0.0,-0.069,0.026,-0.118,-0.02,1.0,2787.0,8.769,0.274,8.256,9.294,1.0,3146.0,0.917,0.009,0.9,0.934,1.0,2735.0,0.461,0.008,0.445,0.476,1.0,2817.0,0.944,0.048,0.858,1.0,1.0,1645.0,1.246,0.047,1.16,1.334,1.0,2980.0,-0.069,0.026,-0.118,-0.02,1.0,2787.0,-1.385,0.05,-1.474,-1.285,1.0,3096.0,9.444,0.482,8.58,10.0,1.0,1645.0,0.29,0.003,0.285,0.295,1.0,2735.0,3.94,0.149,3.669,4.219,1.0,2980.0
g1.2_k10_b1.5_s56,per_network,1.2,10.0,1.5,56.0,2000,1,all,0.38,8.000000000000002,0.0,9.0,72.0,0.7995,0.5045,1000,1000,4,4000,0,0.0,1.0,2272.0,1.4074240485827128,box uniform (explicit),0.0,0.2855,0.0,0.0,0.096,0.029,0.042,0.147,1.0,2586.0,9.856,0.309,9.284,10.433,1.0,2692.0,0.861,0.008,0.846,0.877,1.0,2805.0,0.447,0.008,0.432,0.462,1.0,2572.0,0.95,0.043,0.871,1.0,1.0,2272.0,1.574,0.055,1.47,1.676,1.0,2491.0,0.096,0.029,0.042,0.147,1.0,2586.0,-1.383,0.054,-1.488,-1.285,1.0,2836.0,9.498,0.435,8.711,9.999,1.0,2272.0,0.272,0.003,0.268,0.277,1.0,2805.0,4.978,0.174,4.649,5.3,1.0,2491.0
g1.2_k10_b1.5_s57,per_network,1.2,10.0,1.5,57.0,1997,1,all,0.38,8.000000000000002,0.0014999999999999458,9.0,85.0,0.8132198297446169,0.5112669003505258,1000,1000,4,4000,0,0.0,1.0,2237.0,1.2251378496487935,box uniform (explicit),0.0,0.42625,0.0,0.0,0.014,0.025,-0.036,0.06,1.0,2856.0,8.992,0.268,8.525,9.527,1.0,3203.0,0.95,0.008,0.934,0.965,1.0,3148.0,0.462,0.008,0.447,0.477,1.0,3199.0,0.967,0.03,0.914,1.0,1.0,2237.0,1.363,0.047,1.273,1.448,1.0,3242.0,0.014,0.025,-0.036,0.06,1.0,2856.0,-1.335,0.048,-1.423,-1.241,1.0,3056.0,9.672,0.297,9.136,9.999,1.0,2237.0,0.3,0.003,0.295,0.305,1.0,3148.0,4.309,0.147,4.025,4.58,1.0,3242.0
g1.2_k10_b1.5_s58,per_network,1.2,10.0,1.5,58.0,2000,1,all,0.34,4.0000000000000036,0.0,5.0,72.0,0.7875,0.518,1000,1000,4,4000,0,0.0,1.0,1670.0,1.2233767946561178,box uniform (explicit),0.0,0.18675,0.0,0.0,-0.01,0.027,-0.06,0.041,1.0,2821.0,8.708,0.278,8.199,9.235,1.0,2922.0,0.895,0.009,0.88,0.913,1.0,2496.0,0.535,0.008,0.519,0.55,1.0,2743.0,0.928,0.057,0.823,1.0,1.0,1670.0,1.296,0.051,1.202,1.393,1.0,2728.0,-0.01,0.027,-0.06,0.041,1.0,2821.0,-1.316,0.049,-1.411,-1.228,1.0,3139.0,9.278,0.568,8.229,10.0,1.0,1670.0,0.283,0.003,0.278,0.289,1.0,2496.0,4.1,0.16,3.801,4.404,1.0,2728.0
g1.2_k10_b1.5_s59,per_network,1.2,10.0,1.5,59.0,2000,1,all,0.36,6.0,0.0,7.0,80.0,0.795,0.516,1000,1000,4,4000,0,0.0,1.0,1355.0,1.5011201659838358,box uniform (explicit),0.0,0.0,0.0,0.0,-0.132,0.03,-0.187,-0.074,1.0,1732.0,8.416,0.275,7.918,8.949,1.0,3085.0,1.015,0.027,0.963,1.065,1.0,1355.0,0.593,0.008,0.579,0.607,1.0,2166.0,0.245,0.169,-0.047,0.576,1.0,1359.0,1.131,0.053,1.036,1.232,1.0,2479.0,-0.132,0.03,-0.187,-0.074,1.0,1732.0,-1.394,0.05,-1.486,-1.298,1.0,2668.0,2.452,1.687,-0.472,5.764,1.0,1359.0,0.321,0.009,0.305,0.337,1.0,1355.0,3.575,0.167,3.277,3.896,1.0,2479.0
g1.2_k10_b1.5_s60,per_network,1.2,10.0,1.5,60.0,1999,1,all,0.36,6.0,0.0004999999999999449,7.0,73.0,0.776888444222111,0.46173086543271635,1000,1000,4,4000,0,0.0,1.0,2234.0,1.3252293348312378,box uniform (explicit),0.0,0.252,0.0,0.0,-0.157,0.027,-0.207,-0.104,1.0,2794.0,8.629,0.284,8.095,9.153,1.0,3103.0,0.889,0.009,0.873,0.906,1.0,2796.0,0.497,0.008,0.481,0.512,1.0,2960.0,0.944,0.048,0.856,1.0,1.0,2234.0,1.137,0.048,1.043,1.223,1.0,3107.0,-0.157,0.027,-0.207,-0.104,1.0,2794.0,-1.451,0.053,-1.554,-1.357,1.0,2964.0,9.436,0.482,8.561,10.0,1.0,2234.0,0.281,0.003,0.276,0.286,1.0,2796.0,3.597,0.152,3.298,3.866,1.0,3107.0
g1.2_k10_b1.5_s61,per_network,1.2,10.0,1.5,61.0,1999,1,all,0.36,6.0,0.0004999999999999449,7.0,76.0,0.7948974487243622,0.44022011005502754,1000,1000,4,4000,0,0.0,1.0,1456.0,1.5567211111386616,box uniform (explicit),0.0,0.117,0.0,0.0,-0.07,0.028,-0.124,-0.019,1.0,2542.0,8.745,0.278,8.244,9.299,1.0,2810.0,0.908,0.011,0.887,0.929,1.0,1848.0,0.431,0.008,0.415,0.446,1.0,2751.0,0.89,0.08,0.749,1.0,1.0,1456.0,1.241,0.048,1.145,1.327,1.0,2966.0,-0.07,0.028,-0.124,-0.019,1.0,2542.0,-1.382,0.052,-1.481,-1.285,1.0,2543.0,8.9,0.805,7.494,9.999,1.0,1456.0,0.287,0.004,0.281,0.294,1.0,1848.0,3.926,0.152,3.622,4.196,1.0,2966.0
g0.8_k16_b1.5_s42,per_network,0.8,16.0,1.5,42.0,1926,1,all,0.46,10.000000000000002,0.03700000000000003,11.0,153.0,0.8400830737279336,0.5711318795430945,1000,1000,4,4000,0,0.0,1.0,2269.0,1.2094954212506612,box uniform (explicit),0.0,0.6825,0.0,0.0,0.163,0.016,0.134,0.193,1.0,2794.0,7.003,0.194,6.639,7.359,1.0,2613.0,1.428,0.013,1.404,1.453,1.0,2651.0,0.56,0.01,0.54,0.577,1.0,3086.0,0.983,0.016,0.953,1.0,1.0,2269.0,1.214,0.036,1.147,1.279,1.0,2355.0,0.163,0.016,0.134,0.193,1.0,2794.0,-0.887,0.03,-0.946,-0.833,1.0,3177.0,15.729,0.26,15.256,16.0,1.0,2269.0,0.357,0.003,0.351,0.363,1.0,2651.0,4.856,0.144,4.588,5.116,1.0,2355.0
g0.8_k16_b1.5_s43,per_network,0.8,16.0,1.5,43.0,1916,1,all,0.46,10.000000000000002,0.04200000000000004,11.0,150.0,0.860125260960334,0.4394572025052192,1000,1000,4,4000,0,0.0,1.0,2832.0,1.4662673592567443,box uniform (explicit),0.0,0.8575,0.0,0.0,-0.088,0.016,-0.12,-0.059,1.0,3737.0,6.902,0.189,6.564,7.27,1.0,3095.0,1.398,0.012,1.378,1.422,1.0,3122.0,0.465,0.01,0.446,0.483,1.0,3365.0,0.99,0.01,0.971,1.0,1.0,2832.0,0.947,0.031,0.89,1.008,1.0,3437.0,-0.088,0.016,-0.12,-0.059,1.0,3737.0,-1.124,0.034,-1.185,-1.06,1.0,3048.0,15.835,0.163,15.542,16.0,1.0,2832.0,0.35,0.003,0.345,0.355,1.0,3122.0,3.788,0.126,3.56,4.031,1.0,3437.0
g0.8_k16_b1.5_s44,per_network,0.8,16.0,1.5,44.0,1920,1,all,0.46,10.000000000000002,0.040000000000000036,11.0,160.0,0.8635416666666667,0.4765625,1000,1000,4,4000,0,0.0,1.0,2579.0,1.6630860606829325,box uniform (explicit),0.0,0.8065,0.0,0.0,-0.036,0.016,-0.067,-0.009,1.0,3185.0,7.04,0.191,6.685,7.401,1.0,2643.0,1.457,0.013,1.434,1.482,1.0,2601.0,0.449,0.01,0.429,0.468,1.0,2902.0,0.988,0.012,0.966,1.0,1.0,2579.0,1.02,0.032,0.962,1.079,1.0,2928.0,-0.036,0.016,-0.067,-0.009,1.0,3185.0,-1.092,0.033,-1.153,-1.028,1.0,2590.0,15.803,0.19,15.46,16.0,1.0,2579.0,0.364,0.003,0.359,0.37,1.0,2601.0,4.08,0.127,3.848,4.317,1.0,2928.0
g0.8_k16_b1.5_s45,per_network,0.8,16.0,1.5,45.0,1893,1,all,0.412,6.999999999999999,0.05349999999999999,8.0,150.0,0.8526148969889065,0.4664553618594823,1000,1000,4,4000,0,0.0,1.0,2137.0,1.9834025502204895,box uniform (explicit),0.0,0.75025,0.0,0.0,-0.022,0.016,-0.053,0.007,1.0,2702.0,6.964,0.192,6.565,7.294,1.0,2628.0,1.429,0.013,1.406,1.454,1.0,2683.0,0.437,0.01,0.419,0.457,1.0,2977.0,0.986,0.014,0.961,1.0,1.0,2137.0,1.022,0.032,0.961,1.083,1.0,2862.0,-0.022,0.016,-0.053,0.007,1.0,2702.0,-1.067,0.034,-1.133,-1.008,1.0,2494.0,15.774,0.222,15.369,16.0,1.0,2137.0,0.357,0.003,0.352,0.363,1.0,2683.0,4.089,0.129,3.845,4.333,1.0,2862.0
g0.8_k16_b1.5_s46,per_network,0.8,16.0,1.5,46.0,1935,1,all,0.412,6.999999999999999,0.03249999999999997,8.0,145.0,0.834625322997416,0.45891472868217054,1000,1000,4,4000,0,0.0,1.0,2238.0,1.6226110259691875,box uniform (explicit),0.0,0.6375,0.0,0.0,-0.054,0.016,-0.085,-0.024,1.0,2541.0,6.7,0.189,6.346,7.05,1.0,2785.0,1.393,0.012,1.37,1.417,1.0,2477.0,0.495,0.01,0.476,0.514,1.0,2828.0,0.98,0.019,0.945,1.0,1.0,2238.0,0.952,0.032,0.891,1.01,1.0,2781.0,-0.054,0.016,-0.085,-0.024,1.0,2541.0,-1.059,0.033,-1.118,-0.993,1.0,2673.0,15.688,0.311,15.125,16.0,1.0,2238.0,0.348,0.003,0.342,0.354,1.0,2477.0,3.806,0.128,3.565,4.04,1.0,2781.0
g0.8_k16_b1.5_s47,per_network,0.8,16.0,1.5,47.0,1943,1,all,0.444,9.000000000000002,0.02849999999999997,10.0,141.0,0.8481729284611426,0.471950591868245,1000,1000,4,4000,0,0.0,1.0,2409.0,1.968409788608551,box uniform (explicit),0.0,0.689,0.0,0.0,-0.085,0.016,-0.114,-0.055,1.0,3322.0,6.951,0.195,6.575,7.305,1.0,2877.0,1.368,0.011,1.346,1.388,1.0,2732.0,0.471,0.01,0.452,0.489,1.0,2945.0,0.983,0.016,0.953,1.0,1.0,2409.0,0.958,0.031,0.901,1.017,1.0,3205.0,-0.085,0.016,-0.114,-0.055,1.0,3322.0,-1.127,0.035,-1.194,-1.063,1.0,2794.0,15.731,0.264,15.246,16.0,1.0,2409.0,0.342,0.003,0.337,0.347,1.0,2732.0,3.832,0.126,3.605,4.07,1.0,3205.0
g0.8_k16_b1.5_s48,per_network,0.8,16.0,1.5,48.0,1951,1,all,0.508,13.000000000000002,0.024499999999999966,14.0,134.0,0.8457201435161456,0.5638134290107637,1000,1000,4,4000,0,0.0,1.0,2817.0,1.2656124711036683,box uniform (explicit),0.0,0.89775,0.0,0.0,0.133,0.016,0.102,0.163,1.0,3359.0,6.979,0.193,6.624,7.345,1.0,3140.0,1.347,0.011,1.326,1.366,1.0,3390.0,0.558,0.009,0.541,0.576,1.0,3069.0,0.991,0.009,0.975,1.0,1.0,2817.0,1.179,0.035,1.11,1.241,1.0,2984.0,0.133,0.016,0.102,0.163,1.0,3359.0,-0.914,0.031,-0.972,-0.857,1.0,3562.0,15.858,0.142,15.595,16.0,1.0,2817.0,0.337,0.003,0.331,0.342,1.0,3390.0,4.717,0.141,4.439,4.962,1.0,2984.0
g0.8_k16_b1.5_s49,per_network,0.8,16.0,1.5,49.0,1919,1,all,0.46,10.000000000000002,0.04049999999999998,11.0,156.0,0.8577384054194893,0.42574257425742573,1000,1000,4,4000,0,0.0,1.0,2017.0,1.8400561730066936,box uniform (explicit),0.0,0.7805,0.0,0.0,-0.133,0.016,-0.163,-0.103,1.0,2927.0,7.294,0.193,6.915,7.632,1.0,2198.0,1.441,0.012,1.418,1.464,1.0,2560.0,0.444,0.01,0.426,0.464,1.0,2933.0,0.987,0.013,0.964,1.0,1.0,2017.0,0.961,0.031,0.906,1.023,1.0,2595.0,-0.133,0.016,-0.163,-0.103,1.0,2927.0,-1.227,0.035,-1.293,-1.165,1.0,2263.0,15.793,0.204,15.43,16.0,1.0,2017.0,0.36,0.003,0.355,0.366,1.0,2560.0,3.843,0.125,3.623,4.09,1.0,2595.0
g0.8_k16_b1.5_s50,per_network,0.8,16.0,1.5,50.0,1969,1,all,0.412,6.999999999999999,0.015499999999999958,8.0,125.0,0.8288471305231082,0.48857287963433216,1000,1000,4,4000,0,0.0,1.0,2055.0,1.9361525575319927,box uniform (explicit),0.0,0.70475,0.0,0.0,0.014,0.017,-0.018,0.043,1.0,2957.0,6.87,0.196,6.471,7.212,1.0,2055.0,1.323,0.011,1.304,1.344,1.0,2270.0,0.508,0.01,0.489,0.526,1.0,2775.0,0.984,0.016,0.955,1.0,1.0,2440.0,1.045,0.034,0.982,1.114,1.0,2055.0,0.014,0.017,-0.018,0.043,1.0,2957.0,-1.017,0.033,-1.081,-0.959,1.0,2322.0,15.742,0.252,15.274,16.0,1.0,2440.0,0.331,0.003,0.326,0.336,1.0,2270.0,4.178,0.138,3.928,4.455,1.0,2055.0
g0.8_k16_b1.5_s51,per_network,0.8,16.0,1.5,51.0,1885,1,all,0.428,8.0,0.057499999999999996,9.0,167.0,0.8588859416445623,0.5437665782493368,1000,1000,4,4000,0,0.0,1.0,2584.0,1.5722432812054952,box uniform (explicit),0.0,0.793,0.0,0.0,0.104,0.015,0.073,0.131,1.0,2866.0,7.112,0.196,6.739,7.477,1.0,2800.0,1.485,0.013,1.462,1.511,1.0,3141.0,0.563,0.01,0.544,0.581,1.0,2846.0,0.987,0.013,0.964,1.0,1.0,2584.0,1.171,0.035,1.105,1.237,1.0,2595.0,0.104,0.015,0.073,0.131,1.0,2866.0,-0.963,0.031,-1.023,-0.907,1.0,3172.0,15.795,0.202,15.426,16.0,1.0,2584.0,0.371,0.003,0.366,0.378,1.0,3141.0,4.683,0.141,4.421,4.947,1.0,2595.0
g0.8_k16_b1.5_s52,per_network,0.8,16.0,1.5,52.0,1935,1,all,0.38,5.000000000000001,0.03249999999999997,6.0,152.0,0.8532299741602067,0.5343669250645995,1000,1000,4,4000,0,0.0,1.0,2260.0,1.8753334403038024,box uniform (explicit),0.0,0.60625,0.0,0.0,0.121,0.016,0.09,0.15,1.0,2895.0,6.9,0.186,6.554,7.248,1.0,2889.0,1.438,0.013,1.415,1.463,1.0,2675.0,0.515,0.01,0.496,0.535,1.0,3080.0,0.979,0.02,0.941,1.0,1.0,2260.0,1.156,0.034,1.09,1.215,1.0,2775.0,0.121,0.016,0.09,0.15,1.0,2895.0,-0.914,0.03,-0.97,-0.857,1.0,3066.0,15.66,0.324,15.052,16.0,1.0,2260.0,0.36,0.003,0.354,0.366,1.0,2675.0,4.622,0.136,4.358,4.858,1.0,2775.0
g0.8_k16_b1.5_s53,per_network,0.8,16.0,1.5,53.0,1944,1,all,0.428,8.0,0.028000000000000025,9.0,141.0,0.8549382716049383,0.4783950617283951,1000,1000,4,4000,0,0.0,1.0,2371.0,1.759110685189565,box uniform (explicit),0.0,0.757,0.0,0.0,-0.063,0.016,-0.092,-0.033,1.0,2967.0,7.055,0.192,6.679,7.397,1.0,3001.0,1.38,0.012,1.36,1.405,1.0,2867.0,0.53,0.01,0.512,0.549,1.0,3381.0,0.986,0.014,0.96,1.0,1.0,2371.0,0.995,0.032,0.935,1.053,1.0,3074.0,-0.063,0.016,-0.092,-0.033,1.0,2967.0,-1.121,0.034,-1.181,-1.055,1.0,2946.0,15.776,0.224,15.363,16.0,1.0,2371.0,0.345,0.003,0.34,0.351,1.0,2867.0,3.981,0.128,3.738,4.211,1.0,3074.0
g0.8_k16_b1.5_s54,per_network,0.8,16.0,1.5,54.0,1941,1,all,0.428,8.0,0.02949999999999997,9.0,135.0,0.8119526017516744,0.4327666151468315,1000,1000,4,4000,0,0.0,1.0,2265.0,1.9078913450241088,box uniform (explicit),0.0,0.77675,0.0,0.0,-0.119,0.016,-0.148,-0.087,1.0,3304.0,6.776,0.195,6.411,7.143,1.0,3123.0,1.353,0.011,1.333,1.374,1.0,3082.0,0.446,0.009,0.429,0.464,1.0,3217.0,0.987,0.013,0.962,1.0,1.0,2265.0,0.898,0.032,0.838,0.957,1.0,3526.0,-0.119,0.016,-0.148,-0.087,1.0,3304.0,-1.135,0.035,-1.2,-1.071,1.0,2943.0,15.785,0.211,15.394,16.0,1.0,2265.0,0.338,0.003,0.333,0.344,1.0,3082.0,3.591,0.126,3.353,3.827,1.0,3526.0
g0.8_k16_b1.5_s55,per_network,0.8,16.0,1.5,55.0,1928,1,all,0.428,8.0,0.03600000000000003,9.0,152.0,0.8547717842323651,0.4636929460580913,1000,1000,4,4000,0,0.0,1.0,2478.0,1.4680793642997743,box uniform (explicit),0.0,0.696,0.0,0.0,-0.111,0.016,-0.142,-0.082,1.0,3023.0,7.145,0.191,6.786,7.506,1.0,3246.0,1.427,0.013,1.403,1.45,1.0,2709.0,0.463,0.01,0.444,0.481,1.0,3001.0,0.984,0.016,0.955,1.0,1.0,2478.0,0.961,0.03,0.906,1.021,1.0,3357.0,-0.111,0.016,-0.142,-0.082,1.0,3023.0,-1.183,0.035,-1.249,-1.117,1.0,3068.0,15.738,0.253,15.284,16.0,1.0,2478.0,0.357,0.003,0.351,0.362,1.0,2709.0,3.844,0.122,3.622,4.085,1.0,3357.0
g0.8_k16_b1.5_s56,per_network,0.8,16.0,1.5,56.0,1952,1,all,0.476,11.0,0.02400000000000002,12.0,136.0,0.8632172131147541,0.5076844262295082,1000,1000,4,4000,0,0.0,1.0,2531.0,1.2823046326637269,box uniform (explicit),0.0,0.80925,0.0,0.0,0.033,0.016,0.002,0.064,1.0,3098.0,7.594,0.2,7.23,7.977,1.0,2663.0,1.36,0.011,1.339,1.381,1.0,3025.0,0.453,0.01,0.435,0.471,1.0,3272.0,0.988,0.012,0.968,1.0,1.0,2531.0,1.172,0.034,1.108,1.237,1.0,2623.0,0.033,0.016,0.002,0.064,1.0,3098.0,-1.106,0.034,-1.168,-1.043,1.0,2916.0,15.811,0.187,15.483,16.0,1.0,2531.0,0.34,0.003,0.335,0.345,1.0,3025.0,4.689,0.138,4.433,4.946,1.0,2623.0
g0.8_k16_b1.5_s57,per_network,0.8,16.0,1.5,57.0,1869,1,all,0.524,14.000000000000002,0.0655,15.0,176.0,0.8871054039593366,0.49812734082397003,1000,1000,4,4000,0,0.0,1.0,2471.0,1.19028799533844,box uniform (explicit),0.0,0.9465,0.0,0.0,-0.024,0.015,-0.053,0.003,1.0,3077.0,6.969,0.185,6.635,7.32,1.0,2471.0,1.475,0.012,1.453,1.499,1.0,3134.0,0.463,0.01,0.445,0.483,1.0,3126.0,0.993,0.007,0.981,1.0,1.0,2494.0,1.021,0.031,0.966,1.082,1.0,2633.0,-0.024,0.015,-0.053,0.003,1.0,3077.0,-1.069,0.033,-1.128,-1.007,1.0,2511.0,15.89,0.109,15.692,16.0,1.0,2494.0,0.369,0.003,0.363,0.375,1.0,3134.0,4.085,0.123,3.866,4.328,1.0,2633.0
g0.8_k16_b1.5_s58,per_network,0.8,16.0,1.5,58.0,1961,1,all,0.38,5.000000000000001,0.019499999999999962,6.0,137.0,0.8500764915859256,0.534931157572667,1000,1000,4,4000,0,0.0,1.0,1959.0,1.440613845984141,box uniform (explicit),0.0,0.52,0.0,0.0,0.014,0.016,-0.017,0.042,1.0,2806.0,7.111,0.195,6.746,7.477,1.0,2752.0,1.399,0.013,1.375,1.424,1.0,2709.0,0.542,0.01,0.523,0.56,1.0,2601.0,0.974,0.024,0.929,1.0,1.0,1959.0,1.081,0.033,1.021,1.142,1.0,2513.0,0.014,0.016,-0.017,0.042,1.0,2806.0,-1.052,0.034,-1.117,-0.991,1.0,3051.0,15.58,0.391,14.863,16.0,1.0,1959.0,0.35,0.003,0.344,0.356,1.0,2709.0,4.324,0.131,4.083,4.57,1.0,2513.0
g0.8_k16_b1.5_s59,per_network,0.8,16.0,1.5,59.0,1938,1,all,0.508,13.000000000000002,0.031000000000000028,14.0,156.5,0.8648090815273478,0.5490196078431373,1000,1000,4,4000,0,0.0,1.0,2179.0,1.41531507174174,box uniform (explicit),0.0,0.48625,0.0,0.0,0.048,0.016,0.019,0.078,1.0,2686.0,7.376,0.2,7.004,7.755,1.0,3176.0,1.454,0.015,1.426,1.482,1.0,2972.0,0.608,0.009,0.591,0.625,1.0,2834.0,0.971,0.026,0.924,1.0,1.0,2179.0,1.154,0.035,1.089,1.22,1.0,2995.0,0.048,0.016,0.019,0.078,1.0,2686.0,-1.059,0.033,-1.124,-1.0,1.0,3418.0,15.544,0.422,14.784,16.0,1.0,2179.0,0.364,0.004,0.357,0.37,1.0,2972.0,4.617,0.139,4.354,4.882,1.0,2995.0
g0.8_k16_b1.5_s60,per_network,0.8,16.0,1.5,60.0,1961,1,all,0.476,11.0,0.019499999999999962,12.0,135.0,0.8306986231514534,0.4553799082100969,1000,1000,4,4000,0,0.0,1.0,2208.0,1.357713238398234,box uniform (explicit),0.0,0.80425,0.0,0.0,-0.125,0.016,-0.154,-0.095,1.0,3258.0,6.915,0.195,6.548,7.278,1.0,2906.0,1.347,0.011,1.326,1.367,1.0,3315.0,0.486,0.01,0.468,0.505,1.0,2865.0,0.987,0.013,0.965,1.0,1.0,2208.0,0.913,0.031,0.855,0.974,1.0,2941.0,-0.125,0.016,-0.154,-0.095,1.0,3258.0,-1.162,0.035,-1.228,-1.096,1.0,3076.0,15.8,0.202,15.441,16.0,1.0,2208.0,0.337,0.003,0.331,0.342,1.0,3315.0,3.651,0.125,3.421,3.895,1.0,2941.0
g0.8_k16_b1.5_s61,per_network,0.8,16.0,1.5,61.0,1954,1,all,0.444,9.000000000000002,0.02300000000000002,10.0,130.0,0.8357215967246674,0.39508700102354144,1000,1000,4,4000,0,0.0,1.0,1982.0,1.2133886218070984,box uniform (explicit),0.0,0.672,0.0,0.0,-0.172,0.017,-0.204,-0.141,1.0,3281.0,7.251,0.195,6.895,7.624,1.0,3175.0,1.383,0.012,1.36,1.406,1.0,2890.0,0.415,0.01,0.397,0.432,1.0,3199.0,0.982,0.017,0.951,1.0,1.0,1982.0,0.915,0.032,0.86,0.978,1.0,3578.0,-0.172,0.017,-0.204,-0.141,1.0,3281.0,-1.26,0.036,-1.324,-1.193,1.0,2923.0,15.714,0.275,15.211,16.0,1.0,1982.0,0.346,0.003,0.34,0.351,1.0,2890.0,3.661,0.126,3.438,3.91,1.0,3578.0
g1.0_k16_b1.5_s42,per_network,1.0,16.0,1.5,42.0,1996,1,all,0.444,9.000000000000002,0.0020000000000000018,10.0,103.0,0.8166332665330661,0.5490981963927856,1000,1000,4,4000,0,0.0,1.0,2128.0,1.3406637072563172,box uniform (explicit),0.0,0.5095,0.0,0.0,0.106,0.018,0.072,0.139,1.0,3226.0,7.331,0.212,6.905,7.713,1.0,2902.0,1.217,0.011,1.198,1.238,1.0,2240.0,0.556,0.009,0.54,0.574,1.0,3229.0,0.973,0.025,0.927,1.0,1.0,2128.0,1.206,0.039,1.129,1.275,1.0,2848.0,0.106,0.018,0.072,0.139,1.0,3226.0,-0.993,0.034,-1.058,-0.931,1.0,3148.0,15.575,0.396,14.831,15.999,1.0,2128.0,0.304,0.003,0.299,0.31,1.0,2240.0,4.824,0.155,4.516,5.101,1.0,2848.0
g1.0_k16_b1.5_s43,per_network,1.0,16.0,1.5,43.0,1993,1,all,0.428,8.0,0.0034999999999999476,9.0,100.0,0.831409934771701,0.45559458103361766,1000,1000,4,4000,0,0.0,1.0,2137.0,1.357436462243398,box uniform (explicit),0.0,0.61875,0.0,0.0,-0.045,0.018,-0.081,-0.012,1.0,3094.0,7.354,0.208,6.965,7.74,1.0,3119.0,1.219,0.01,1.2,1.239,1.0,3009.0,0.461,0.009,0.445,0.478,1.0,3012.0,0.98,0.019,0.945,1.0,1.0,2137.0,1.058,0.036,0.988,1.122,1.0,3317.0,-0.045,0.018,-0.081,-0.012,1.0,3094.0,-1.148,0.036,-1.217,-1.08,1.0,2951.0,15.678,0.308,15.118,16.0,1.0,2137.0,0.305,0.003,0.3,0.31,1.0,3009.0,4.231,0.143,3.953,4.487,1.0,3317.0
g1.0_k16_b1.5_s44,per_network,1.0,16.0,1.5,44.0,1990,1,all,0.444,9.000000000000002,0.0050000000000000044,10.0,106.0,0.8185929648241206,0.4829145728643216,1000,1000,4,4000,0,0.0,1.0,2424.0,1.4094643394152324,box uniform (explicit),0.0,0.658,0.0,0.0,-0.02,0.018,-0.052,0.015,1.0,3043.0,7.075,0.202,6.7,7.457,1.0,3029.0,1.236,0.01,1.217,1.254,1.0,3243.0,0.459,0.009,0.443,0.477,1.0,3367.0,0.982,0.017,0.951,1.0,1.0,2424.0,1.042,0.034,0.978,1.105,1.0,3176.0,-0.02,0.018,-0.052,0.015,1.0,3043.0,-1.081,0.037,-1.149,-1.014,1.0,2922.0,15.714,0.269,15.213,16.0,1.0,2424.0,0.309,0.003,0.304,0.314,1.0,3243.0,4.166,0.135,3.914,4.42,1.0,3176.0
g1.0_k16_b1.5_s45,per_network,1.0,16.0,1.5,45.0,1989,1,all,0.396,6.000000000000002,0.005499999999999949,7.0,105.0,0.8275515334338863,0.4685771744595274,1000,1000,4,4000,0,0.0,1.0,2377.0,1.1555251916249594,box uniform (explicit),0.0,0.56225,0.0,0.0,-0.021,0.018,-0.055,0.013,1.0,3047.0,7.435,0.209,7.017,7.818,1.0,3076.0,1.24,0.011,1.219,1.26,1.0,2874.0,0.453,0.009,0.436,0.469,1.0,2878.0,0.977,0.022,0.939,1.0,1.0,2377.0,1.095,0.035,1.025,1.157,1.0,2926.0,-0.021,0.018,-0.055,0.013,1.0,3047.0,-1.136,0.037,-1.203,-1.068,1.0,3148.0,15.634,0.345,15.021,16.0,1.0,2377.0,0.31,0.003,0.305,0.315,1.0,2874.0,4.378,0.142,4.098,4.629,1.0,2926.0
g1.0_k16_b1.5_s46,per_network,1.0,16.0,1.5,46.0,1992,1,all,0.396,6.000000000000002,0.0040000000000000036,7.0,98.0,0.8062248995983936,0.47740963855421686,1000,1000,4,4000,0,0.0,1.0,1596.0,1.5841428319613138,box uniform (explicit),0.0,0.27125,0.0,0.0,-0.03,0.019,-0.066,0.005,1.0,2900.0,7.077,0.213,6.676,7.473,1.0,3169.0,1.213,0.014,1.189,1.241,1.0,2359.0,0.483,0.009,0.466,0.5,1.0,2709.0,0.945,0.048,0.857,1.0,1.0,1596.0,1.031,0.037,0.959,1.096,1.0,3193.0,-0.03,0.019,-0.066,0.005,1.0,2900.0,-1.092,0.037,-1.159,-1.023,1.0,2996.0,15.124,0.762,13.716,15.999,1.0,1596.0,0.303,0.003,0.297,0.31,1.0,2359.0,4.125,0.147,3.837,4.384,1.0,3193.0
g1.0_k16_b1.5_s47,per_network,1.0,16.0,1.5,47.0,1995,1,all,0.444,9.000000000000002,0.0024999999999999467,10.0,92.0,0.8165413533834587,0.4842105263157895,1000,1000,4,4000,0,0.0,1.0,2153.0,1.1721060474713643,box uniform (explicit),0.0,0.59375,0.0,0.0,-0.06,0.019,-0.098,-0.025,1.0,3341.0,7.205,0.211,6.807,7.589,1.0,3379.0,1.155,0.01,1.137,1.173,1.0,3049.0,0.468,0.009,0.452,0.485,1.0,3360.0,0.978,0.021,0.941,1.0,1.0,2153.0,1.02,0.036,0.957,1.089,1.0,3581.0,-0.06,0.019,-0.098,-0.025,1.0,3341.0,-1.141,0.039,-1.216,-1.073,1.0,2729.0,15.651,0.333,15.064,16.0,1.0,2153.0,0.289,0.002,0.284,0.293,1.0,3049.0,4.082,0.142,3.826,4.357,1.0,3581.0
g1.0_k16_b1.5_s48,per_network,1.0,16.0,1.5,48.0,1995,1,all,0.428,8.0,0.0024999999999999467,9.0,91.0,0.8070175438596491,0.543859649122807,1000,1000,4,4000,0,0.0,1.0,1633.0,1.7928404370943705,box uniform (explicit),0.0,0.32575,0.0,0.0,0.073,0.019,0.04,0.112,1.0,2686.0,7.147,0.211,6.758,7.535,1.0,3237.0,1.17,0.012,1.149,1.194,1.0,2447.0,0.548,0.009,0.531,0.564,1.0,2644.0,0.954,0.041,0.877,1.0,1.0,1633.0,1.145,0.039,1.072,1.215,1.0,2991.0,0.073,0.019,0.04,0.112,1.0,2686.0,-0.999,0.035,-1.065,-0.934,1.0,3294.0,15.259,0.655,14.029,16.0,1.0,1633.0,0.292,0.003,0.287,0.298,1.0,2447.0,4.58,0.155,4.289,4.861,1.0,2991.0
g1.0_k16_b1.5_s49,per_network,1.0,16.0,1.5,49.0,1989,1,all,0.46,10.000000000000002,0.005499999999999949,11.0,105.0,0.8240321769733534,0.42936148818501757,1000,1000,4,4000,0,0.0,1.0,1947.0,1.1806352376937865,box uniform (explicit),0.0,0.61725,0.0,0.0,-0.141,0.019,-0.175,-0.105,1.0,2376.0,7.475,0.207,7.09,7.865,1.0,2770.0,1.224,0.01,1.206,1.245,1.0,2788.0,0.452,0.009,0.436,0.469,1.0,2936.0,0.98,0.02,0.945,1.0,1.0,1947.0,0.981,0.034,0.914,1.04,1.0,3258.0,-0.141,0.019,-0.175,-0.105,1.0,2376.0,-1.262,0.039,-1.33,-1.188,1.0,2342.0,15.677,0.317,15.117,16.0,1.0,1947.0,0.306,0.003,0.302,0.311,1.0,2788.0,3.922,0.134,3.655,4.159,1.0,3258.0
g1.0_k16_b1.5_s50,per_network,1.0,16.0,1.5,50.0,1999,1,all,0.412,6.999999999999999,0.0004999999999999449,8.0,87.0,0.8059029514757379,0.4917458729364682,1000,1000,4,4000,0,0.0,1.0,1787.0,1.1985162456830343,box uniform (explicit),0.0,0.478,0.0,0.0,-0.003,0.019,-0.04,0.031,1.0,3313.0,7.171,0.215,6.783,7.587,1.0,3328.0,1.134,0.01,1.115,1.152,1.0,2860.0,0.52,0.009,0.504,0.537,1.0,3206.0,0.971,0.027,0.92,1.0,1.0,1787.0,1.073,0.039,1.004,1.149,1.0,3112.0,-0.003,0.019,-0.04,0.031,1.0,3313.0,-1.079,0.037,-1.146,-1.011,1.0,3516.0,15.528,0.435,14.723,15.999,1.0,1787.0,0.283,0.002,0.279,0.288,1.0,2860.0,4.29,0.155,4.016,4.596,1.0,3112.0
g1.0_k16_b1.5_s51,per_network,1.0,16.0,1.5,51.0,1992,1,all,0.396,6.000000000000002,0.0040000000000000036,7.0,108.0,0.8092369477911646,0.5331325301204819,1000,1000,4,4000,0,0.0,1.0,1794.0,1.7412907640139261,box uniform (explicit),0.0,0.303,0.0,0.0,0.089,0.018,0.055,0.122,1.0,2575.0,7.2,0.209,6.786,7.591,1.0,3022.0,1.259,0.014,1.234,1.284,1.0,2260.0,0.537,0.009,0.519,0.555,1.0,2650.0,0.951,0.043,0.871,1.0,1.0,1794.0,1.169,0.038,1.099,1.241,1.0,2654.0,0.089,0.018,0.055,0.122,1.0,2575.0,-0.991,0.034,-1.053,-0.926,1.0,3071.0,15.215,0.682,13.942,15.999,1.0,1794.0,0.315,0.003,0.308,0.321,1.0,2260.0,4.674,0.153,4.398,4.965,1.0,2654.0
g1.0_k16_b1.5_s52,per_network,1.0,16.0,1.5,52.0,1993,1,all,0.38,5.000000000000001,0.0034999999999999476,6.0,102.0,0.8103361766181636,0.5243351731058705,1000,1000,4,4000,0,0.0,1.0,1615.0,2.6540567835172015,box uniform (explicit),0.0,0.28025,0.0,0.0,0.093,0.018,0.061,0.128,1.0,2551.0,7.08,0.207,6.688,7.459,1.0,2741.0,1.25,0.015,1.226,1.28,1.0,1877.0,0.518,0.01,0.501,0.536,1.0,2709.0,0.947,0.046,0.86,1.0,1.0,1615.0,1.155,0.038,1.086,1.226,1.0,2553.0,0.093,0.018,0.061,0.128,1.0,2551.0,-0.969,0.034,-1.034,-0.908,1.0,2874.0,15.147,0.741,13.764,16.0,1.0,1615.0,0.313,0.004,0.306,0.32,1.0,1877.0,4.619,0.151,4.343,4.905,1.0,2553.0
g1.0_k16_b1.5_s53,per_network,1.0,16.0,1.5,53.0,1994,1,all,0.428,8.0,0.0030000000000000027,9.0,96.0,0.8164493480441324,0.4724172517552658,1000,1000,4,4000,0,0.0,1.0,2140.0,2.084082333246867,box uniform (explicit),0.0,0.52775,0.0,0.0,-0.085,0.019,-0.121,-0.05,1.0,2741.0,7.166,0.213,6.783,7.583,1.0,2722.0,1.171,0.01,1.153,1.191,1.0,2758.0,0.519,0.009,0.502,0.536,1.0,2794.0,0.974,0.025,0.928,1.0,1.0,2140.0,0.99,0.036,0.921,1.056,1.0,2617.0,-0.085,0.019,-0.121,-0.05,1.0,2741.0,-1.16,0.038,-1.23,-1.084,1.0,2764.0,15.587,0.395,14.847,15.999,1.0,2140.0,0.293,0.003,0.288,0.298,1.0,2758.0,3.961,0.144,3.686,4.226,1.0,2617.0
g1.0_k16_b1.5_s54,per_network,1.0,16.0,1.5,54.0,1996,1,all,0.396,6.000000000000002,0.0020000000000000018,7.0,94.0,0.7925851703406813,0.4514028056112224,1000,1000,4,4000,0,0.0,1.0,1953.0,2.007783591747284,box uniform (explicit),0.0,0.48075,0.0,0.0,-0.07,0.019,-0.105,-0.034,1.0,3193.0,7.23,0.218,6.827,7.639,1.0,3223.0,1.178,0.01,1.159,1.197,1.0,2603.0,0.448,0.009,0.431,0.463,1.0,3321.0,0.971,0.027,0.92,1.0,1.0,1953.0,1.014,0.037,0.943,1.079,1.0,3313.0,-0.07,0.019,-0.105,-0.034,1.0,3193.0,-1.155,0.039,-1.23,-1.084,1.0,3155.0,15.531,0.436,14.718,16.0,1.0,1953.0,0.295,0.003,0.29,0.299,1.0,2603.0,4.056,0.147,3.77,4.316,1.0,3313.0
g1.0_k16_b1.5_s55,per_network,1.0,16.0,1.5,55.0,1992,1,all,0.396,6.000000000000002,0.0040000000000000036,7.0,100.0,0.8152610441767069,0.4738955823293173,1000,1000,4,4000,0,0.0,1.0,1806.0,1.8601564168930054,box uniform (explicit),0.0,0.37525,0.0,0.0,-0.078,0.018,-0.114,-0.045,1.0,2659.0,7.232,0.21,6.839,7.625,1.0,3059.0,1.224,0.012,1.202,1.246,1.0,2365.0,0.464,0.009,0.447,0.481,1.0,2655.0,0.962,0.034,0.9,1.0,1.0,1806.0,1.006,0.034,0.943,1.071,1.0,2988.0,-0.078,0.018,-0.114,-0.045,1.0,2659.0,-1.163,0.038,-1.237,-1.091,1.0,2922.0,15.384,0.548,14.396,15.999,1.0,1806.0,0.306,0.003,0.3,0.312,1.0,2365.0,4.025,0.137,3.773,4.284,1.0,2988.0
g1.0_k16_b1.5_s56,per_network,1.0,16.0,1.5,56.0,1998,1,all,0.428,8.0,0.0010000000000000009,9.0,90.5,0.8283283283283284,0.504004004004004,1000,1000,4,4000,0,0.0,1.0,1931.0,1.5456543127695719,box uniform (explicit),0.0,0.33575,0.0,0.0,0.046,0.02,0.011,0.087,1.0,2674.0,8.072,0.226,7.63,8.484,1.0,3214.0,1.173,0.012,1.152,1.195,1.0,2558.0,0.45,0.009,0.433,0.466,1.0,2780.0,0.958,0.037,0.889,1.0,1.0,1931.0,1.257,0.04,1.183,1.331,1.0,2890.0,0.046,0.02,0.011,0.087,1.0,2674.0,-1.164,0.039,-1.241,-1.094,1.0,3231.0,15.323,0.598,14.228,16.0,1.0,1931.0,0.293,0.003,0.288,0.299,1.0,2558.0,5.029,0.158,4.731,5.325,1.0,2890.0
g1.0_k16_b1.5_s57,per_network,1.0,16.0,1.5,57.0,1987,1,all,0.444,9.000000000000002,0.00649999999999995,10.0,114.0,0.8454957221942627,0.5083039758429794,1000,1000,4,4000,0,0.0,1.0,2631.0,1.6667800386746725,box uniform (explicit),0.0,0.67075,0.0,0.0,0.002,0.017,-0.031,0.035,1.0,3027.0,7.373,0.2,6.986,7.742,1.0,3216.0,1.278,0.011,1.258,1.297,1.0,2942.0,0.447,0.009,0.43,0.463,1.0,2933.0,0.982,0.017,0.951,1.0,1.0,2631.0,1.108,0.033,1.045,1.17,1.0,3213.0,0.002,0.017,-0.031,0.035,1.0,3027.0,-1.104,0.036,-1.169,-1.035,1.0,3152.0,15.716,0.273,15.219,16.0,1.0,2631.0,0.319,0.003,0.315,0.324,1.0,2942.0,4.432,0.134,4.178,4.679,1.0,3213.0
g1.0_k16_b1.5_s58,per_network,1.0,16.0,1.5,58.0,1996,1,all,0.38,5.000000000000001,0.0020000000000000018,6.0,94.0,0.8106212424849699,0.531062124248497,1000,1000,4,4000,0,0.0,1.0,1644.0,2.3729442318280536,box uniform (explicit),0.0,0.2555,0.0,0.0,0.014,0.019,-0.022,0.049,1.0,2777.0,7.091,0.211,6.706,7.508,1.0,2849.0,1.19,0.013,1.166,1.215,1.0,2100.0,0.534,0.009,0.516,0.551,1.0,2535.0,0.942,0.049,0.854,1.0,1.0,1644.0,1.077,0.038,1.003,1.146,1.0,2681.0,0.014,0.019,-0.022,0.049,1.0,2777.0,-1.05,0.036,-1.115,-0.981,1.0,2959.0,15.073,0.779,13.661,16.0,1.0,1644.0,0.297,0.003,0.291,0.304,1.0,2100.0,4.309,0.151,4.011,4.582,1.0,2681.0
g1.0_k16_b1.5_s59,per_network,1.0,16.0,1.5,59.0,1998,1,all,0.396,6.000000000000002,0.0010000000000000009,7.0,103.0,0.8223223223223223,0.5315315315315315,1000,1000,4,4000,0,0.0,1.0,1575.0,1.7841366887092591,box uniform (explicit),0.0,0.0,0.0,0.0,-0.056,0.021,-0.094,-0.015,1.0,2032.0,6.862,0.206,6.482,7.235,1.0,2434.0,1.453,0.036,1.388,1.522,1.0,1607.0,0.595,0.008,0.58,0.61,1.0,2126.0,0.267,0.081,0.109,0.412,1.0,1575.0,0.973,0.039,0.902,1.044,1.0,2145.0,-0.056,0.021,-0.094,-0.015,1.0,2032.0,-1.085,0.036,-1.151,-1.02,1.0,2509.0,4.277,1.298,1.749,6.595,1.0,1575.0,0.363,0.009,0.347,0.38,1.0,1607.0,3.894,0.156,3.607,4.177,1.0,2145.0
g1.0_k16_b1.5_s60,per_network,1.0,16.0,1.5,60.0,1998,1,all,0.412,6.999999999999999,0.0010000000000000009,8.0,93.0,0.7992992992992993,0.4644644644644645,1000,1000,4,4000,0,0.0,1.0,1647.0,2.0721668163935343,box uniform (explicit),0.0,0.36075,0.0,0.0,-0.104,0.019,-0.139,-0.069,1.0,2639.0,7.115,0.216,6.709,7.522,1.0,3044.0,1.18,0.012,1.157,1.201,1.0,2293.0,0.49,0.009,0.473,0.507,1.0,2498.0,0.958,0.039,0.89,1.0,1.0,1647.0,0.963,0.036,0.893,1.027,1.0,2930.0,-0.104,0.019,-0.139,-0.069,1.0,2639.0,-1.171,0.039,-1.243,-1.096,1.0,2918.0,15.333,0.622,14.233,16.0,1.0,1647.0,0.295,0.003,0.289,0.3,1.0,2293.0,3.853,0.143,3.573,4.107,1.0,2930.0
g1.0_k16_b1.5_s61,per_network,1.0,16.0,1.5,61.0,1999,1,all,0.428,8.0,0.0004999999999999449,9.0,94.0,0.8159079539769885,0.4272136068034017,1000,1000,4,4000,0,0.0,1.0,2079.0,1.9273662288983664,box uniform (explicit),0.0,0.4115,0.0,0.0,-0.105,0.019,-0.14,-0.069,1.0,3187.0,7.23,0.21,6.84,7.618,1.0,3176.0,1.185,0.012,1.163,1.207,1.0,2663.0,0.427,0.009,0.411,0.444,1.0,3125.0,0.963,0.034,0.9,1.0,1.0,2079.0,0.98,0.035,0.915,1.043,1.0,3265.0,-0.105,0.019,-0.14,-0.069,1.0,3187.0,-1.19,0.038,-1.264,-1.12,1.0,3139.0,15.416,0.55,14.402,15.999,1.0,2079.0,0.296,0.003,0.291,0.302,1.0,2663.0,3.918,0.141,3.659,4.172,1.0,3265.0
g1.2_k16_b1.5_s42,per_network,1.2,16.0,1.5,42.0,2000,1,all,0.428,8.0,0.0,9.0,80.0,0.7955,0.5405,1000,1000,4,4000,0,0.0,1.0,1785.0,1.6311389009157817,box uniform (explicit),0.0,0.42675,0.0,0.0,0.078,0.021,0.039,0.119,1.0,2230.0,7.347,0.229,6.932,7.788,1.0,2954.0,1.088,0.01,1.07,1.106,1.0,2781.0,0.554,0.009,0.536,0.57,1.0,2892.0,0.967,0.03,0.911,1.0,1.0,1785.0,1.18,0.042,1.1,1.259,1.0,2729.0,0.078,0.021,0.039,0.119,1.0,2230.0,-1.024,0.038,-1.093,-0.952,1.0,3039.0,15.474,0.474,14.575,16.0,1.0,1785.0,0.272,0.002,0.267,0.277,1.0,2781.0,4.722,0.169,4.401,5.034,1.0,2729.0
g1.2_k16_b1.5_s43,per_network,1.2,16.0,1.5,43.0,2000,1,all,0.428,8.0,0.0,9.0,76.0,0.793,0.459,1000,1000,4,4000,0,0.0,1.0,2212.0,1.4461912830670676,box uniform (explicit),0.0,0.51,0.0,0.0,-0.01,0.021,-0.048,0.03,1.0,2446.0,7.171,0.223,6.766,7.593,1.0,2923.0,1.077,0.009,1.06,1.094,1.0,2676.0,0.452,0.008,0.437,0.469,1.0,2763.0,0.973,0.026,0.926,1.0,1.0,2212.0,1.065,0.039,0.991,1.136,1.0,2753.0,-0.01,0.021,-0.048,0.03,1.0,2446.0,-1.086,0.04,-1.162,-1.012,1.0,2772.0,15.565,0.41,14.816,16.0,1.0,2212.0,0.269,0.002,0.265,0.273,1.0,2676.0,4.262,0.156,3.963,4.544,1.0,2753.0
g1.2_k16_b1.5_s44,per_network,1.2,16.0,1.5,44.0,1998,1,all,0.412,6.999999999999999,0.0010000000000000009,8.0,82.0,0.7862862862862863,0.48598598598598597,1000,1000,4,4000,1,0.00025,1.0,2019.0,1.5576666434605917,box uniform (explicit),0.0,0.3515,0.0,0.0,-0.018,0.02,-0.058,0.017,1.0,2895.0,6.928,0.224,6.51,7.344,1.0,2880.0,1.115,0.01,1.096,1.135,1.0,2568.0,0.469,0.009,0.453,0.485,1.0,3024.0,0.96,0.035,0.894,1.0,1.0,2019.0,1.021,0.038,0.949,1.092,1.0,2963.0,-0.018,0.02,-0.058,0.017,1.0,2895.0,-1.058,0.04,-1.137,-0.987,1.0,2831.0,15.353,0.568,14.308,16.0,1.0,2019.0,0.279,0.003,0.274,0.284,1.0,2568.0,4.084,0.153,3.795,4.367,1.0,2963.0
g1.2_k16_b1.5_s45,per_network,1.2,16.0,1.5,45.0,2000,1,all,0.396,6.000000000000002,0.0,7.0,81.0,0.804,0.474,1000,1000,4,4000,0,0.0,1.0,2004.0,1.532843299706777,box uniform (explicit),0.0,0.4635,0.0,0.0,0.009,0.02,-0.029,0.046,1.0,2479.0,7.334,0.23,6.889,7.752,1.0,3163.0,1.107,0.01,1.09,1.125,1.0,2844.0,0.451,0.009,0.435,0.466,1.0,2907.0,0.969,0.03,0.915,1.0,1.0,2004.0,1.109,0.04,1.037,1.186,1.0,2921.0,0.009,0.02,-0.029,0.046,1.0,2479.0,-1.092,0.04,-1.167,-1.018,1.0,3027.0,15.504,0.473,14.643,16.0,1.0,2004.0,0.277,0.002,0.272,0.281,1.0,2844.0,4.434,0.159,4.147,4.743,1.0,2921.0
g1.2_k16_b1.5_s46,per_network,1.2,16.0,1.5,46.0,2000,1,all,0.396,6.000000000000002,0.0,7.0,74.0,0.795,0.479,1000,1000,4,4000,0,0.0,1.0,1654.0,1.5297551512718202,box uniform (explicit),0.0,0.1555,0.0,0.0,-0.017,0.021,-0.058,0.022,1.0,2773.0,7.399,0.23,6.973,7.83,1.0,3223.0,1.094,0.014,1.07,1.121,1.0,2028.0,0.48,0.009,0.463,0.496,1.0,2641.0,0.914,0.066,0.794,1.0,1.0,1654.0,1.093,0.04,1.021,1.169,1.0,3136.0,-0.017,0.021,-0.058,0.022,1.0,2773.0,-1.127,0.041,-1.205,-1.053,1.0,3034.0,14.618,1.056,12.698,15.999,1.0,1654.0,0.273,0.004,0.267,0.28,1.0,2028.0,4.371,0.161,4.082,4.676,1.0,3136.0
g1.2_k16_b1.5_s47,per_network,1.2,16.0,1.5,47.0,2000,1,all,0.412,6.999999999999999,0.0,8.0,68.0,0.794,0.4845,1000,1000,4,4000,0,0.0,1.0,1741.0,1.6602623860041301,box uniform (explicit),0.0,0.1685,0.0,0.0,-0.04,0.023,-0.083,0.003,1.0,2560.0,7.352,0.242,6.907,7.812,1.0,2874.0,1.037,0.012,1.015,1.059,1.0,2513.0,0.469,0.009,0.452,0.485,1.0,2656.0,0.923,0.059,0.815,1.0,1.0,1741.0,1.063,0.041,0.985,1.136,1.0,2749.0,-0.04,0.023,-0.083,0.003,1.0,2560.0,-1.143,0.045,-1.227,-1.062,1.0,2808.0,14.768,0.95,13.043,16.0,1.0,1741.0,0.259,0.003,0.254,0.265,1.0,2513.0,4.251,0.165,3.939,4.545,1.0,2749.0
g1.2_k16_b1.5_s48,per_network,1.2,16.0,1.5,48.0,2000,1,all,0.412,6.999999999999999,0.0,8.0,70.0,0.7815,0.536,1000,1000,4,4000,0,0.0,1.0,1557.0,1.6986352443695067,box uniform (explicit),0.0,0.128,0.0,0.0,0.032,0.023,-0.01,0.075,1.0,2393.0,7.176,0.232,6.74,7.612,1.0,2993.0,1.047,0.013,1.025,1.072,1.0,2033.0,0.562,0.009,0.545,0.578,1.0,2424.0,0.908,0.066,0.792,1.0,1.0,1557.0,1.108,0.044,1.026,1.188,1.0,2528.0,0.032,0.023,-0.01,0.075,1.0,2393.0,-1.044,0.04,-1.116,-0.97,1.0,2995.0,14.527,1.052,12.67,16.0,1.0,1557.0,0.262,0.003,0.256,0.268,1.0,2033.0,4.433,0.175,4.105,4.752,1.0,2528.0
g1.2_k16_b1.5_s49,per_network,1.2,16.0,1.5,49.0,2000,1,all,0.444,9.000000000000002,0.0,10.0,80.5,0.8025,0.4365,1000,1000,4,4000,0,0.0,1.0,2067.0,1.3551298101743063,box uniform (explicit),0.0,0.52325,0.0,0.0,-0.12,0.021,-0.158,-0.08,1.0,3136.0,7.228,0.227,6.825,7.675,1.0,3048.0,1.092,0.009,1.075,1.11,1.0,2801.0,0.458,0.009,0.442,0.474,1.0,3109.0,0.974,0.025,0.93,1.0,1.0,2067.0,0.965,0.038,0.897,1.039,1.0,3169.0,-0.12,0.021,-0.158,-0.08,1.0,3136.0,-1.204,0.041,-1.279,-1.124,1.0,3002.0,15.582,0.395,14.878,16.0,1.0,2067.0,0.273,0.002,0.269,0.277,1.0,2801.0,3.858,0.153,3.59,4.157,1.0,3169.0
g1.2_k16_b1.5_s50,per_network,1.2,16.0,1.5,50.0,2000,1,all,0.38,5.000000000000001,0.0,6.0,69.0,0.7775,0.5025,1000,1000,4,4000,0,0.0,1.0,1825.0,2.229307675361633,box uniform (explicit),0.0,0.066,0.0,0.0,0.017,0.023,-0.029,0.057,1.0,2393.0,7.058,0.238,6.617,7.526,1.0,2790.0,1.042,0.015,1.016,1.07,1.0,2201.0,0.51,0.009,0.493,0.527,1.0,2371.0,0.871,0.082,0.729,1.0,1.0,1825.0,1.076,0.043,0.995,1.154,1.0,2572.0,0.017,0.023,-0.029,0.057,1.0,2393.0,-1.041,0.042,-1.12,-0.963,1.0,2732.0,13.932,1.31,11.669,15.996,1.0,1825.0,0.26,0.004,0.254,0.268,1.0,2201.0,4.304,0.173,3.981,4.617,1.0,2572.0
g1.2_k16_b1.5_s51,per_network,1.2,16.0,1.5,51.0,1998,1,all,0.396,6.000000000000002,0.0010000000000000009,7.0,81.5,0.7802802802802803,0.531031031031031,1000,1000,4,4000,0,0.0,1.0,1383.0,2.0083043495814006,box uniform (explicit),0.0,0.1705,0.0,0.0,0.057,0.021,0.017,0.095,1.0,2440.0,6.897,0.226,6.452,7.308,1.0,2754.0,1.115,0.014,1.09,1.139,1.0,2077.0,0.533,0.009,0.516,0.551,1.0,2410.0,0.922,0.06,0.816,1.0,1.0,1383.0,1.092,0.041,1.01,1.165,1.0,2498.0,0.057,0.021,0.017,0.095,1.0,2440.0,-0.977,0.038,-1.05,-0.904,1.0,2869.0,14.75,0.954,13.05,16.0,1.0,1383.0,0.279,0.003,0.272,0.285,1.0,2077.0,4.367,0.163,4.04,4.661,1.0,2498.0
g1.2_k16_b1.5_s52,per_network,1.2,16.0,1.5,52.0,1998,1,all,0.38,5.000000000000001,0.0010000000000000009,6.0,80.0,0.7807807807807807,0.5295295295295295,1000,1000,4,4000,0,0.0,1.0,1758.0,1.848866617679596,box uniform (explicit),0.0,0.117,0.0,0.0,0.11,0.021,0.071,0.148,1.0,2795.0,6.956,0.225,6.526,7.372,1.0,2815.0,1.124,0.016,1.097,1.155,1.0,2164.0,0.507,0.009,0.489,0.523,1.0,2772.0,0.9,0.073,0.769,1.0,1.0,1758.0,1.153,0.042,1.072,1.23,1.0,2604.0,0.11,0.021,0.071,0.148,1.0,2795.0,-0.933,0.036,-1.001,-0.867,1.0,3052.0,14.393,1.16,12.304,15.996,1.0,1758.0,0.281,0.004,0.274,0.289,1.0,2164.0,4.613,0.17,4.29,4.919,1.0,2604.0
g1.2_k16_b1.5_s53,per_network,1.2,16.0,1.5,53.0,2000,1,all,0.412,6.999999999999999,0.0,8.0,73.0,0.791,0.4725,1000,1000,4,4000,0,0.0,1.0,2297.0,1.4352755824724832,box uniform (explicit),0.0,0.3995,0.0,0.0,-0.101,0.021,-0.142,-0.061,1.0,2854.0,7.142,0.233,6.699,7.578,1.0,2807.0,1.043,0.009,1.026,1.061,1.0,2588.0,0.524,0.009,0.508,0.541,1.0,2986.0,0.965,0.031,0.907,1.0,1.0,2297.0,0.97,0.039,0.898,1.046,1.0,2832.0,-0.101,0.021,-0.142,-0.061,1.0,2854.0,-1.172,0.043,-1.256,-1.096,1.0,2809.0,15.437,0.503,14.518,16.0,1.0,2297.0,0.261,0.002,0.257,0.265,1.0,2588.0,3.881,0.158,3.592,4.183,1.0,2832.0
g1.2_k16_b1.5_s54,per_network,1.2,16.0,1.5,54.0,2000,1,all,0.396,6.000000000000002,0.0,7.0,73.0,0.7805,0.4535,1000,1000,4,4000,0,0.0,1.01,1913.0,1.321760110060374,box uniform (explicit),0.0,0.34025,0.0,0.0,-0.071,0.022,-0.111,-0.03,1.0,2928.0,7.45,0.242,6.987,7.901,1.01,3372.0,1.05,0.01,1.032,1.068,1.0,2402.0,0.464,0.008,0.449,0.48,1.0,3055.0,0.958,0.036,0.892,1.0,1.0,1913.0,1.046,0.041,0.967,1.125,1.0,3380.0,-0.071,0.022,-0.111,-0.03,1.0,2928.0,-1.189,0.043,-1.268,-1.107,1.01,3217.0,15.331,0.584,14.278,15.998,1.0,1913.0,0.262,0.002,0.258,0.267,1.0,2402.0,4.186,0.166,3.868,4.498,1.0,3380.0
g1.2_k16_b1.5_s55,per_network,1.2,16.0,1.5,55.0,1999,1,all,0.396,6.000000000000002,0.0004999999999999449,7.0,77.0,0.7903951975987994,0.4747373686843422,1000,1000,4,4000,0,0.0,1.0,1563.0,1.7970545729001364,box uniform (explicit),0.0,0.24325,0.0,0.0,-0.059,0.021,-0.095,-0.018,1.0,3006.0,7.103,0.228,6.658,7.526,1.0,3158.0,1.097,0.012,1.076,1.121,1.0,2075.0,0.457,0.009,0.44,0.473,1.0,2919.0,0.941,0.051,0.849,1.0,1.0,1563.0,1.007,0.038,0.933,1.075,1.0,3104.0,-0.059,0.021,-0.095,-0.018,1.0,3006.0,-1.124,0.042,-1.2,-1.045,1.0,3118.0,15.059,0.815,13.58,16.0,1.0,1563.0,0.274,0.003,0.269,0.28,1.0,2075.0,4.028,0.153,3.731,4.299,1.0,3104.0
g1.2_k16_b1.5_s56,per_network,1.2,16.0,1.5,56.0,2000,1,all,0.428,8.0,0.0,9.0,72.0,0.7995,0.5045,1000,1000,4,4000,0,0.0,1.0,1591.0,1.2438678979873656,box uniform (explicit),0.0,0.3745,0.0,0.0,0.072,0.022,0.033,0.117,1.0,2546.0,7.959,0.245,7.483,8.384,1.0,2895.0,1.034,0.009,1.017,1.051,1.0,2712.0,0.442,0.008,0.426,0.458,1.0,2689.0,0.961,0.035,0.896,1.0,1.0,1591.0,1.266,0.044,1.182,1.345,1.0,2589.0,0.072,0.022,0.033,0.117,1.0,2546.0,-1.122,0.042,-1.207,-1.05,1.0,3102.0,15.375,0.561,14.332,16.0,1.0,1591.0,0.259,0.002,0.254,0.263,1.0,2712.0,5.063,0.175,4.729,5.381,1.0,2589.0
g1.2_k16_b1.5_s57,per_network,1.2,16.0,1.5,57.0,1997,1,all,0.428,8.0,0.0014999999999999458,9.0,85.0,0.8132198297446169,0.5112669003505258,1000,1000,4,4000,0,0.0,1.0,2163.0,1.3409260710080464,box uniform (explicit),0.0,0.4775,0.0,0.0,0.01,0.02,-0.025,0.049,1.0,2674.0,7.306,0.218,6.906,7.709,1.0,3285.0,1.132,0.01,1.113,1.151,1.0,2887.0,0.458,0.009,0.442,0.474,1.0,3039.0,0.971,0.028,0.92,1.0,1.0,2163.0,1.106,0.037,1.041,1.181,1.0,3140.0,0.01,0.02,-0.025,0.049,1.0,2674.0,-1.086,0.039,-1.158,-1.01,1.0,3063.0,15.529,0.441,14.713,16.0,1.0,2163.0,0.283,0.002,0.278,0.288,1.0,2887.0,4.424,0.147,4.162,4.725,1.0,3140.0
g1.2_k16_b1.5_s58,per_network,1.2,16.0,1.5,58.0,2000,1,all,0.364,4.0,0.0,5.0,72.0,0.7875,0.518,1000,1000,4,4000,0,0.0,1.0,1536.0,2.1213094075520833,box uniform (explicit),0.0,0.128,0.0,0.0,0.001,0.022,-0.038,0.042,1.0,2174.0,7.018,0.232,6.57,7.444,1.0,2825.0,1.077,0.014,1.052,1.105,1.0,2028.0,0.532,0.009,0.515,0.549,1.0,2481.0,0.902,0.07,0.778,1.0,1.0,1536.0,1.054,0.041,0.975,1.129,1.0,2300.0,0.001,0.022,-0.038,0.042,1.0,2174.0,-1.052,0.041,-1.122,-0.97,1.0,2783.0,14.44,1.126,12.45,15.999,1.0,1536.0,0.269,0.004,0.263,0.276,1.0,2028.0,4.215,0.164,3.901,4.516,1.0,2300.0
g1.2_k16_b1.5_s59,per_network,1.2,16.0,1.5,59.0,2000,1,all,0.396,6.000000000000002,0.0,7.0,80.0,0.795,0.516,1000,1000,4,4000,0,0.0,1.0,1750.0,1.7214234550793965,box uniform (explicit),0.0,0.0,0.0,0.0,-0.112,0.024,-0.157,-0.068,1.0,2156.0,6.643,0.219,6.249,7.068,1.0,3079.0,1.302,0.031,1.242,1.358,1.0,1773.0,0.595,0.008,0.58,0.609,1.0,2419.0,0.105,0.093,-0.064,0.276,1.0,1750.0,0.884,0.041,0.801,0.957,1.0,2611.0,-0.112,0.024,-0.157,-0.068,1.0,2156.0,-1.109,0.04,-1.187,-1.037,1.0,2781.0,1.679,1.491,-1.028,4.415,1.0,1750.0,0.325,0.008,0.311,0.34,1.0,1773.0,3.537,0.164,3.206,3.826,1.0,2611.0
g1.2_k16_b1.5_s60,per_network,1.2,16.0,1.5,60.0,1999,1,all,0.396,6.000000000000002,0.0004999999999999449,7.0,73.0,0.776888444222111,0.46173086543271635,1000,1000,4,4000,0,0.0,1.0,1880.0,1.703588851292928,box uniform (explicit),0.0,0.1965,0.0,0.0,-0.125,0.021,-0.166,-0.085,1.0,2961.0,6.962,0.233,6.536,7.394,1.0,2918.0,1.068,0.012,1.047,1.091,1.0,2280.0,0.495,0.009,0.479,0.512,1.0,2634.0,0.931,0.055,0.829,1.0,1.0,1880.0,0.919,0.039,0.85,0.993,1.0,2786.0,-0.125,0.021,-0.166,-0.085,1.0,2961.0,-1.17,0.043,-1.249,-1.087,1.0,2996.0,14.895,0.875,13.265,16.0,1.0,1880.0,0.267,0.003,0.262,0.273,1.0,2280.0,3.676,0.156,3.401,3.971,1.0,2786.0
g1.2_k16_b1.5_s61,per_network,1.2,16.0,1.5,61.0,1999,1,all,0.396,6.000000000000002,0.0004999999999999449,7.0,76.0,0.7948974487243622,0.44022011005502754,1000,1000,4,4000,0,0.0,1.0,1298.0,2.60735676685969,box uniform (explicit),0.0,0.0595,0.0,0.0,-0.067,0.022,-0.111,-0.027,1.0,2315.0,7.022,0.231,6.562,7.427,1.0,3069.0,1.095,0.018,1.064,1.13,1.0,1648.0,0.431,0.008,0.416,0.446,1.0,2589.0,0.849,0.093,0.694,1.0,1.0,1298.0,0.986,0.04,0.915,1.061,1.0,3302.0,-0.067,0.022,-0.111,-0.027,1.0,2315.0,-1.12,0.043,-1.197,-1.037,1.0,2564.0,13.581,1.495,11.108,15.998,1.0,1298.0,0.274,0.005,0.266,0.283,1.0,1648.0,3.946,0.158,3.66,4.246,1.0,3302.0
g0.8_k8_b1.5_pooled,pooled,0.8,8.0,1.5,,38640,20,all,0.34,5.000000000000004,0.03400000000000003,6.0,145.0,0.8497153209109731,0.48775879917184267,1000,1000,4,4000,0,0.0,1.0,2094.0,32.658242015043896,box uniform (explicit),0.0,1.0,0.0,0.0,-0.032,0.005,-0.041,-0.023,1.0,3094.0,9.026,0.054,8.918,9.12,1.0,2873.0,1.109,0.002,1.105,1.112,1.0,3919.0,0.496,0.002,0.493,0.5,1.0,2666.0,0.998,0.002,0.995,1.0,1.0,2094.0,1.322,0.009,1.304,1.339,1.0,2969.0,-0.032,0.005,-0.041,-0.023,1.0,3094.0,-1.386,0.009,-1.403,-1.368,1.0,2897.0,7.986,0.015,7.961,8.0,1.0,2094.0,0.392,0.001,0.391,0.393,1.0,3919.0,3.739,0.026,3.689,3.788,1.0,2969.0
g1.0_k8_b1.5_pooled,pooled,1.0,8.0,1.5,,39881,20,all,0.34,5.000000000000004,0.00297499999999995,6.0,99.0,0.8159775331611544,0.4902334444973797,1000,1000,4,4000,0,0.0,1.0,2311.0,33.84937097231547,box uniform (explicit),0.0,0.9955,0.0,0.0,-0.031,0.006,-0.042,-0.021,1.0,3198.0,9.707,0.064,9.585,9.821,1.0,2849.0,0.939,0.002,0.936,0.943,1.0,4060.0,0.496,0.002,0.493,0.5,1.0,3034.0,0.996,0.004,0.989,1.0,1.0,2311.0,1.426,0.011,1.403,1.445,1.0,2949.0,-0.031,0.006,-0.042,-0.021,1.0,3198.0,-1.487,0.011,-1.507,-1.466,1.0,3076.0,7.97,0.03,7.913,8.0,1.0,2311.0,0.332,0.001,0.331,0.333,1.0,4060.0,4.032,0.031,3.969,4.086,1.0,2949.0
g1.2_k8_b1.5_pooled,pooled,1.2,8.0,1.5,,39988,20,all,0.332,4.0000000000000036,0.00029999999999996696,5.0,76.0,0.790962288686606,0.49054716414924476,1000,1000,4,4000,0,0.0,1.0,1898.0,40.70785349607468,box uniform (explicit),0.0,0.10925,0.0,0.0,-0.027,0.007,-0.04,-0.015,1.0,2706.0,9.774,0.069,9.646,9.902,1.0,3112.0,0.838,0.002,0.833,0.842,1.0,2121.0,0.497,0.002,0.493,0.5,1.0,2680.0,0.948,0.025,0.905,0.996,1.0,1898.0,1.439,0.013,1.417,1.463,1.0,2982.0,-0.027,0.007,-0.04,-0.015,1.0,2706.0,-1.493,0.012,-1.516,-1.471,1.0,3023.0,7.588,0.199,7.241,7.965,1.0,1898.0,0.296,0.001,0.295,0.298,1.0,2121.0,4.071,0.036,4.007,4.138,1.0,2982.0
g0.8_k10_b1.5_pooled,pooled,0.8,10.0,1.5,,38640,20,all,0.35,4.999999999999999,0.03400000000000003,6.0,145.0,0.8497153209109731,0.48775879917184267,1000,1000,4,4000,0,0.0,1.0,2497.0,31.28975175221761,box uniform (explicit),0.0,1.0,0.0,0.0,-0.027,0.004,-0.035,-0.019,1.0,3794.0,8.236,0.05,8.14,8.328,1.0,2843.0,1.201,0.002,1.197,1.205,1.0,3758.0,0.495,0.002,0.491,0.499,1.0,2896.0,0.998,0.002,0.994,1.0,1.0,2497.0,1.209,0.009,1.193,1.225,1.0,3128.0,-0.027,0.004,-0.035,-0.019,1.0,3794.0,-1.262,0.009,-1.279,-1.246,1.0,3181.0,9.98,0.02,9.944,10.0,1.0,2497.0,0.38,0.001,0.378,0.381,1.0,3758.0,3.822,0.027,3.772,3.873,1.0,3128.0
g1.0_k10_b1.5_pooled,pooled,1.0,10.0,1.5,,39881,20,all,0.35,4.999999999999999,0.00297499999999995,6.0,99.0,0.8159775331611544,0.4902334444973797,1000,1000,4,4000,0,0.0,1.0,2474.0,30.88197113275528,box uniform (explicit),0.0,0.99075,0.0,0.0,-0.026,0.005,-0.036,-0.017,1.0,3193.0,8.789,0.056,8.685,8.892,1.0,2474.0,1.023,0.002,1.019,1.027,1.0,3441.0,0.495,0.002,0.491,0.498,1.0,2889.0,0.996,0.004,0.988,1.0,1.0,2526.0,1.292,0.01,1.273,1.31,1.0,2630.0,-0.026,0.005,-0.036,-0.017,1.0,3193.0,-1.345,0.01,-1.363,-1.326,1.0,2553.0,9.957,0.042,9.88,10.0,1.0,2526.0,0.323,0.001,0.322,0.325,1.0,3441.0,4.086,0.032,4.026,4.144,1.0,2630.0
g1.2_k10_b1.5_pooled,pooled,1.2,10.0,1.5,,39988,20,all,0.34,4.0000000000000036,0.00029999999999996696,5.0,76.0,0.790962288686606,0.49054716414924476,1000,1000,4,4000,0,0.0,1.0,1815.0,48.383484590053556,box uniform (explicit),0.0,0.01,0.0,0.0,-0.023,0.006,-0.034,-0.012,1.0,2492.0,8.805,0.063,8.69,8.922,1.0,2965.0,0.92,0.003,0.914,0.926,1.0,1957.0,0.496,0.002,0.492,0.5,1.0,2418.0,0.921,0.026,0.872,0.968,1.0,1815.0,1.298,0.011,1.278,1.318,1.0,2784.0,-0.023,0.006,-0.034,-0.012,1.0,2492.0,-1.343,0.011,-1.364,-1.322,1.0,2778.0,9.206,0.256,8.72,9.681,1.0,1815.0,0.291,0.001,0.289,0.293,1.0,1957.0,4.105,0.035,4.04,4.169,1.0,2784.0
g0.8_k12_b1.5_pooled,pooled,0.8,12.0,1.5,,38640,20,all,0.36,5.0,0.03400000000000003,6.0,145.0,0.8497153209109731,0.48775879917184267,1000,1000,4,4000,0,0.0,1.0,2370.0,23.509967490037283,box uniform (explicit),0.0,1.0,0.0,0.0,-0.023,0.004,-0.03,-0.015,1.0,3589.0,7.678,0.046,7.595,7.766,1.0,2505.0,1.28,0.002,1.276,1.284,1.0,3481.0,0.494,0.002,0.49,0.498,1.0,2768.0,0.998,0.002,0.995,1.0,1.0,2370.0,1.129,0.008,1.114,1.143,1.0,2780.0,-0.023,0.004,-0.03,-0.015,1.0,3589.0,-1.175,0.008,-1.189,-1.16,1.0,2574.0,11.977,0.023,11.936,12.0,1.0,2370.0,0.369,0.001,0.368,0.371,1.0,3481.0,3.909,0.027,3.859,3.961,1.0,2780.0
g1.0_k12_b1.5_pooled,pooled,1.0,12.0,1.5,,39881,20,all,0.36,5.0,0.00297499999999995,6.0,99.0,0.8159775331611544,0.4902334444973797,1000,1000,4,4000,0,0.0,1.0,2091.0,40.91351129213969,box uniform (explicit),0.0,0.9795,0.0,0.0,-0.022,0.005,-0.032,-0.013,1.0,3257.0,8.108,0.053,8.012,8.212,1.0,2864.0,1.094,0.002,1.09,1.097,1.0,3620.0,0.494,0.002,0.49,0.497,1.0,2816.0,0.995,0.005,0.985,1.0,1.0,2091.0,1.194,0.009,1.177,1.212,1.0,3108.0,-0.022,0.005,-0.032,-0.013,1.0,3257.0,-1.239,0.009,-1.256,-1.222,1.0,2812.0,11.935,0.062,11.824,12.0,1.0,2091.0,0.316,0.001,0.315,0.317,1.0,3620.0,4.135,0.033,4.077,4.199,1.0,3108.0
g1.2_k12_b1.5_pooled,pooled,1.2,12.0,1.5,,39988,20,all,0.348,3.999999999999999,0.00029999999999996696,5.0,76.0,0.790962288686606,0.49054716414924476,1000,1000,4,4000,0,0.0,1.0,2251.0,40.650127506256105,box uniform (explicit),0.0,0.0,0.0,0.0,-0.02,0.005,-0.029,-0.009,1.0,2387.0,8.085,0.058,7.976,8.192,1.0,2811.0,0.992,0.004,0.986,0.999,1.0,2338.0,0.495,0.002,0.491,0.498,1.0,2931.0,0.89,0.025,0.842,0.935,1.0,2251.0,1.193,0.01,1.174,1.212,1.0,2693.0,-0.02,0.005,-0.029,-0.009,1.0,2387.0,-1.232,0.01,-1.25,-1.212,1.0,2779.0,10.679,0.302,10.101,11.222,1.0,2251.0,0.286,0.001,0.285,0.288,1.0,2338.0,4.133,0.036,4.067,4.199,1.0,2693.0
g0.8_k16_b1.5_pooled,pooled,0.8,16.0,1.5,,38640,20,all,0.38,5.000000000000001,0.03400000000000003,6.0,145.0,0.8497153209109731,0.48775879917184267,1000,1000,4,4000,0,0.0,1.0,2228.0,30.97324809630712,box uniform (explicit),0.0,1.0,0.0,0.0,-0.018,0.004,-0.025,-0.012,1.0,4874.0,6.908,0.043,6.827,6.985,1.0,2796.0,1.411,0.003,1.406,1.416,1.0,3525.0,0.491,0.002,0.487,0.496,1.0,2864.0,0.999,0.001,0.996,1.0,1.0,2228.0,1.018,0.007,1.005,1.032,1.0,3065.0,-0.018,0.004,-0.025,-0.012,1.0,4874.0,-1.054,0.007,-1.068,-1.04,1.0,3278.0,15.979,0.021,15.94,16.0,1.0,2228.0,0.353,0.001,0.351,0.354,1.0,3525.0,4.073,0.029,4.019,4.126,1.0,3065.0
g1.0_k16_b1.5_pooled,pooled,1.0,16.0,1.5,,39881,20,all,0.38,5.000000000000001,0.00297499999999995,6.0,99.0,0.8159775331611544,0.4902334444973797,1000,1000,4,4000,0,0.0,1.0,1705.0,31.44643363157908,box uniform (explicit),0.0,0.9355,0.0,0.0,-0.018,0.004,-0.025,-0.01,1.0,2946.0,7.177,0.047,7.089,7.263,1.0,2952.0,1.21,0.003,1.206,1.215,1.0,2336.0,0.492,0.002,0.488,0.496,1.0,2959.0,0.992,0.007,0.98,1.0,1.0,1705.0,1.059,0.008,1.043,1.073,1.0,2890.0,-0.018,0.004,-0.025,-0.01,1.0,2946.0,-1.094,0.008,-1.109,-1.079,1.0,3016.0,15.88,0.113,15.673,16.0,1.0,1705.0,0.303,0.001,0.301,0.304,1.0,2336.0,4.236,0.032,4.173,4.294,1.0,2890.0
g1.2_k16_b1.5_pooled,pooled,1.2,16.0,1.5,,39988,20,all,0.364,4.0,0.00029999999999996696,5.0,76.0,0.790962288686606,0.49054716414924476,1000,1000,4,4000,0,0.0,1.0,1945.0,43.18661371072133,box uniform (explicit),0.0,0.0,0.0,0.0,-0.015,0.005,-0.024,-0.007,1.0,3066.0,7.051,0.051,6.958,7.146,1.0,3147.0,1.12,0.005,1.111,1.129,1.0,1951.0,0.493,0.002,0.49,0.497,1.0,3001.0,0.808,0.025,0.763,0.855,1.0,1945.0,1.042,0.009,1.026,1.06,1.0,3194.0,-0.015,0.005,-0.024,-0.007,1.0,3066.0,-1.073,0.009,-1.09,-1.056,1.0,3070.0,12.932,0.396,12.201,13.681,1.0,1945.0,0.28,0.001,0.278,0.282,1.0,1951.0,4.17,0.036,4.104,4.238,1.0,3194.0
timing_g1.0_k10_n2000,timing,1.0,10.0,1.5,,2000,20,stratified 100/seed -> 2000,0.36,6.0,0.00297499999999995,6.0,96.0,0.8305,0.5005,1000,1000,4,4000,0,0.0,1.0,1791.0,1.456969137986501,box uniform (explicit),0.0,0.28975,0.0,0.0,-0.045,0.023,-0.09,-0.003,1.0,3026.0,8.694,0.255,8.226,9.18,1.0,3093.0,1.017,0.01,0.999,1.036,1.0,2907.0,0.511,0.008,0.495,0.527,1.0,3119.0,0.951,0.042,0.874,1.0,1.0,1791.0,1.259,0.044,1.176,1.339,1.0,3191.0,-0.045,0.023,-0.09,-0.003,1.0,3026.0,-1.349,0.046,-1.431,-1.261,1.0,3141.0,9.508,0.417,8.737,10.0,1.0,1791.0,0.322,0.003,0.316,0.328,1.0,2907.0,3.981,0.138,3.719,4.234,1.0,3191.0
