v_Intercept,v_coherence_signed,a,z,g,t,k,gain,seed_filter
0.013167433605843652,9.010623,1.2383542,0.61482185,0.97914755,0.43,10.0,0.8,59
0.05228364445476709,8.835406,1.2462915,0.6057433,0.9194143,0.43,10.0,0.8,59
0.013520682042597248,8.682542,1.2575254,0.6127721,0.9172938,0.43,10.0,0.8,59
0.017151735293975925,9.021564,1.2605028,0.60830075,0.9574039,0.43,10.0,0.8,59
0.040847368801341336,8.7809515,1.2321357,0.6285873,0.9741638,0.43,10.0,0.8,59
-0.011835727455446227,9.017525,1.2453902,0.6140017,0.98738825,0.43,10.0,0.8,59
0.045367925573059645,8.808542,1.2468551,0.601168,0.9892076,0.43,10.0,0.8,59
0.026677536004837084,9.147506,1.2651864,0.6161113,0.92430294,0.43,10.0,0.8,59
0.03623780560567283,9.116228,1.2368934,0.60853493,0.9969615,0.43,10.0,0.8,59
0.03725038903416495,8.667417,1.2469615,0.61234814,0.98235106,0.43,10.0,0.8,59
0.008072801418717801,8.501267,1.2301602,0.6134295,0.94746816,0.43,10.0,0.8,59
0.041129837065658335,8.77482,1.237254,0.61373466,0.9079423,0.43,10.0,0.8,59
0.01336157857818131,8.382436,1.2196542,0.6102589,0.9887872,0.43,10.0,0.8,59
0.04884016801698289,8.685579,1.222006,0.6202205,0.98634493,0.43,10.0,0.8,59
0.02857021827815856,8.669009,1.2295482,0.61222965,0.9811207,0.43,10.0,0.8,59
0.009228529324841573,8.778869,1.250718,0.613954,0.9197358,0.43,10.0,0.8,59
0.033702359745746056,9.12283,1.2397851,0.611419,0.98335314,0.43,10.0,0.8,59
0.028512616113243457,8.413899,1.2464775,0.6176546,0.922012,0.43,10.0,0.8,59
0.002837290985296385,8.334873,1.2381785,0.61092466,0.90711236,0.43,10.0,0.8,59
0.022510643034896614,9.121054,1.2574416,0.61395246,0.97748387,0.43,10.0,0.8,59
0.010660677871467896,8.670449,1.2559971,0.6199386,0.8893806,0.43,10.0,0.8,59
0.03963211635317965,8.762146,1.2419412,0.6218698,0.96832955,0.43,10.0,0.8,59
0.05225516257271309,8.720916,1.2330395,0.61359876,0.96164656,0.43,10.0,0.8,59
0.06653906816299486,8.613773,1.251221,0.60608697,0.9402963,0.43,10.0,0.8,59
0.02552368586277445,8.799983,1.2373377,0.5903447,0.9923402,0.43,10.0,0.8,59
0.013117123535912103,8.852415,1.2300422,0.60420567,0.98274934,0.43,10.0,0.8,59
0.04482617732541111,8.54269,1.2502208,0.61167186,0.9595971,0.43,10.0,0.8,59
0.017527559652417066,8.798712,1.2247413,0.6075972,0.9704492,0.43,10.0,0.8,59
0.047873380147266685,8.703783,1.2408848,0.60113436,0.983685,0.43,10.0,0.8,59
0.0715861488791073,8.585076,1.2579882,0.6071906,0.9644891,0.43,10.0,0.8,59
0.0530067618048228,8.865528,1.2421836,0.59891826,0.98116755,0.43,10.0,0.8,59
0.050676917144019534,9.047604,1.2527031,0.61225516,0.99626505,0.43,10.0,0.8,59
0.01118038393026535,8.608978,1.2432616,0.61787367,0.956573,0.43,10.0,0.8,59
0.05670654911005829,9.5123825,1.2619369,0.60403466,0.999174,0.43,10.0,0.8,59
0.05692921998700121,8.656216,1.2262641,0.60006005,0.96258557,0.43,10.0,0.8,59
0.05199948048074917,8.668695,1.2211819,0.58472365,0.9916806,0.43,10.0,0.8,59
-0.00282308953465323,8.706167,1.2249308,0.61301,0.97404563,0.43,10.0,0.8,59
0.03243337944196105,8.937651,1.2447369,0.61602026,0.9958658,0.43,10.0,0.8,59
-0.01932132224918519,8.490964,1.242583,0.6049868,0.9683037,0.43,10.0,0.8,59
0.02099583805899133,8.754597,1.2603626,0.6105628,0.8874177,0.43,10.0,0.8,59
0.01697384742760437,8.652,1.2377689,0.60376835,0.95630395,0.43,10.0,0.8,59
0.0505096444109276,9.108926,1.2325292,0.6060872,0.9590658,0.43,10.0,0.8,59
0.06682150637033185,8.703642,1.2287458,0.5891567,0.9709679,0.43,10.0,0.8,59
0.03082884803275944,8.89067,1.2502542,0.6131765,0.9894732,0.43,10.0,0.8,59
0.028059877596403424,8.641373,1.2264334,0.62229973,0.9898789,0.43,10.0,0.8,59
0.037442628429401034,8.373864,1.2385452,0.614486,0.95857406,0.43,10.0,0.8,59
0.02650590427150667,8.587352,1.2344793,0.60239726,0.9700484,0.43,10.0,0.8,59
0.05596136964142507,9.067486,1.2403558,0.6013457,0.9619285,0.43,10.0,0.8,59
0.03837532569011298,8.440361,1.2320017,0.6125828,0.98351896,0.43,10.0,0.8,59
0.038402182841817664,8.670936,1.2368139,0.6031977,0.9073434,0.43,10.0,0.8,59
0.039943742368243426,8.745306,1.2492821,0.6144224,0.97772133,0.43,10.0,0.8,59
0.07651860806964131,8.4792,1.2589346,0.5921694,0.890185,0.43,10.0,0.8,59
0.02238125452685282,8.936718,1.2485781,0.6119111,0.9913068,0.43,10.0,0.8,59
0.052886857454990825,8.751355,1.2391953,0.59661394,0.92278016,0.43,10.0,0.8,59
0.02846877006554382,8.465638,1.2233099,0.5999447,0.9658365,0.43,10.0,0.8,59
0.03066520894644061,8.656388,1.2357192,0.6047866,0.97749496,0.43,10.0,0.8,59
0.016289985349672867,8.699134,1.2322212,0.6132606,0.9739063,0.43,10.0,0.8,59
0.018713094250705588,8.648549,1.2735412,0.59888166,0.8696723,0.43,10.0,0.8,59
0.0311520615450738,8.315442,1.2409852,0.6150266,0.9385222,0.43,10.0,0.8,59
0.037325041065275115,8.630233,1.2368993,0.6171678,0.9950582,0.43,10.0,0.8,59
0.017966639574836282,8.782166,1.2291725,0.618892,0.99440384,0.43,10.0,0.8,59
0.011534471452789779,8.606072,1.2489302,0.6066403,0.9668559,0.43,10.0,0.8,59
0.030027504351116924,8.975435,1.2446057,0.6106365,0.9719639,0.43,10.0,0.8,59
0.018349058104004282,9.190329,1.2289786,0.60159457,0.9838661,0.43,10.0,0.8,59
0.011792206070371456,8.596259,1.2395691,0.604049,0.9813324,0.43,10.0,0.8,59
-0.023242514967549328,8.922688,1.2598095,0.6200636,0.9014604,0.43,10.0,0.8,59
0.027724402017268602,9.28411,1.2762688,0.60944754,0.9611249,0.43,10.0,0.8,59
0.034205115527929535,8.803795,1.242761,0.5964124,0.96033347,0.43,10.0,0.8,59
0.029804924383252027,8.61389,1.2256086,0.6117224,0.9878824,0.43,10.0,0.8,59
0.044358444213867185,8.9346075,1.2304913,0.5983342,0.9770695,0.43,10.0,0.8,59
0.042879270075275436,8.982287,1.2455479,0.6023324,0.9963709,0.43,10.0,0.8,59
0.03876462647051265,8.839517,1.2417818,0.6025275,0.9603064,0.43,10.0,0.8,59
0.038408880233764646,9.107724,1.2522175,0.5963959,0.89105153,0.43,10.0,0.8,59
0.02365187695151881,8.517104,1.2331454,0.60450447,0.9512186,0.43,10.0,0.8,59
0.033394948173971734,8.959975,1.2974824,0.6032725,0.8243556,0.43,10.0,0.8,59
0.05504714369404796,9.102169,1.2281885,0.5956141,0.9954169,0.43,10.0,0.8,59
0.026558931811306127,8.907701,1.2444067,0.6103068,0.9895431,0.43,10.0,0.8,59
0.01178607798951329,8.365024,1.2528843,0.6088956,0.8985903,0.43,10.0,0.8,59
-0.012065742399670391,8.694788,1.2511289,0.62508744,0.94472003,0.43,10.0,0.8,59
0.07653126982343456,8.746557,1.2258662,0.6021387,0.99055696,0.43,10.0,0.8,59
0.03635074831014816,8.712479,1.224802,0.6160069,0.99509084,0.43,10.0,0.8,59
0.014177595173980428,8.492614,1.2476597,0.6039346,0.9151863,0.43,10.0,0.8,59
0.044785649975756,8.856317,1.245446,0.5941711,0.94753003,0.43,10.0,0.8,59
0.04945976768115726,8.942657,1.2462822,0.6062207,0.9438894,0.43,10.0,0.8,59
0.026561140202147303,8.482566,1.2320507,0.60584694,0.9703964,0.43,10.0,0.8,59
0.012809291343570863,9.221458,1.2549101,0.61279446,0.95152307,0.43,10.0,0.8,59
0.01816429610591924,9.361113,1.2644656,0.6132036,0.95528805,0.43,10.0,0.8,59
0.02282897252416463,9.176941,1.2503197,0.61316526,0.99835336,0.43,10.0,0.8,59
-0.006595581544811143,8.127883,1.2670084,0.6133865,0.8133426,0.43,10.0,0.8,59
0.04998741982522026,8.850153,1.2578664,0.6033339,0.98726773,0.43,10.0,0.8,59
0.01858601310304813,8.953097,1.2583913,0.6204223,0.9685402,0.43,10.0,0.8,59
-0.00884453250158682,8.374686,1.2381055,0.6210959,0.8624973,0.43,10.0,0.8,59
0.023458927851343302,8.549509,1.2160757,0.5995818,0.99001646,0.43,10.0,0.8,59
0.03437497815111473,8.9833975,1.2486374,0.61670214,0.9731002,0.43,10.0,0.8,59
0.03139429121932747,9.000134,1.25629,0.61493284,0.99391985,0.43,10.0,0.8,59
0.033091652489299,8.421691,1.2466986,0.6177053,0.9630588,0.43,10.0,0.8,59
0.011618140371222245,9.243196,1.2737097,0.60386497,0.8585285,0.43,10.0,0.8,59
0.014792006790822505,8.503095,1.2331734,0.61176914,0.9530678,0.43,10.0,0.8,59
0.03485537915776019,9.135352,1.2361203,0.613065,0.98422503,0.43,10.0,0.8,59
0.056296180984922235,8.748737,1.2579757,0.5998817,0.9097477,0.43,10.0,0.8,59
0.013318101097555721,8.547206,1.2111763,0.5960793,0.98581123,0.43,10.0,0.8,59
0.021362191870485665,8.499347,1.2381797,0.5978253,0.9431244,0.43,10.0,0.8,59
0.02616082917795093,8.666006,1.2338791,0.61228013,0.98159456,0.43,10.0,0.8,59
0.017418615264420168,8.673359,1.2543871,0.60387903,0.9346976,0.43,10.0,0.8,59
0.026449516018846826,8.510699,1.259024,0.6161056,0.9243603,0.43,10.0,0.8,59
0.01637220689755844,8.459102,1.2307489,0.6167035,0.9400661,0.43,10.0,0.8,59
0.03528989201359704,8.808778,1.2225181,0.5969534,0.98706305,0.43,10.0,0.8,59
-0.009556875435560481,8.774457,1.2296228,0.6161296,0.99255407,0.43,10.0,0.8,59
0.03301876386990857,8.827541,1.2383254,0.6041146,0.8945509,0.43,10.0,0.8,59
0.043145968434242274,8.841141,1.2569783,0.6107973,0.949036,0.43,10.0,0.8,59
0.0797840208461041,8.750739,1.2291768,0.60987645,0.9963187,0.43,10.0,0.8,59
0.05884919984421863,8.792747,1.2305751,0.600169,0.98824036,0.43,10.0,0.8,59
0.03716403261426802,8.83278,1.2414075,0.59849864,0.968822,0.43,10.0,0.8,59
0.01310591830557714,8.585682,1.2425427,0.6095782,0.99078226,0.43,10.0,0.8,59
0.060086610516527486,9.448671,1.2495713,0.6118815,0.979599,0.43,10.0,0.8,59
0.04000012941035693,8.523726,1.2346834,0.62130624,0.95882905,0.43,10.0,0.8,59
0.031618653997179155,9.273835,1.2669398,0.6188975,0.92146087,0.43,10.0,0.8,59
0.005071539096418918,8.596623,1.2216597,0.6250695,0.97935164,0.43,10.0,0.8,59
0.0789634229819472,8.617609,1.2410699,0.5970469,0.93907785,0.43,10.0,0.8,59
0.0207342716783931,8.436821,1.2343045,0.61371905,0.98644257,0.43,10.0,0.8,59
0.04949492655302349,8.902426,1.2517971,0.613309,0.96496284,0.43,10.0,0.8,59
0.013164780974019054,8.706875,1.2406778,0.60590196,0.96032894,0.43,10.0,0.8,59
0.01156435535419098,8.99998,1.257462,0.61073,0.9000572,0.43,10.0,0.8,59
0.07281177204828883,8.4383135,1.240872,0.58212674,0.93535686,0.43,10.0,0.8,59
0.05119794113348143,8.935357,1.2724384,0.60320574,0.8821572,0.43,10.0,0.8,59
0.03111902529241131,9.039023,1.2491208,0.6238358,0.9424261,0.43,10.0,0.8,59
0.06291423086042375,8.394416,1.2214358,0.59669024,0.9928751,0.43,10.0,0.8,59
0.03018554223949326,8.801913,1.2307986,0.60254294,0.9741236,0.43,10.0,0.8,59
0.04237423678300698,9.142791,1.2365019,0.6091489,0.9642899,0.43,10.0,0.8,59
0.03851123325595915,8.345123,1.2536665,0.6157894,0.85884297,0.43,10.0,0.8,59
0.018687163255532088,8.836005,1.2333266,0.60570204,0.9920876,0.43,10.0,0.8,59
-0.0020811362901339225,8.956113,1.2390567,0.6231163,0.97834873,0.43,10.0,0.8,59
0.03259122275715642,9.372373,1.2707179,0.6035253,0.94422483,0.43,10.0,0.8,59
0.062311440399925776,8.654347,1.2442224,0.6115636,0.9344741,0.43,10.0,0.8,59
0.02508812287274529,8.818804,1.2441413,0.61370254,0.9376681,0.43,10.0,0.8,59
0.006969940315459165,8.745411,1.2467657,0.61324286,0.9950669,0.43,10.0,0.8,59
0.047591303952338154,8.540743,1.235215,0.6034159,0.95149124,0.43,10.0,0.8,59
0.024171198469935554,9.057434,1.2463692,0.5974697,0.9770278,0.43,10.0,0.8,59
-0.008792438042053128,8.836741,1.2434839,0.629716,0.99283314,0.43,10.0,0.8,59
0.008318306979011087,8.779393,1.2559083,0.6084041,0.9426396,0.43,10.0,0.8,59
0.05190914540837055,8.99766,1.269134,0.60681754,0.90474296,0.43,10.0,0.8,59
0.035213195251606565,8.984982,1.2425218,0.61315495,0.9675329,0.43,10.0,0.8,59
0.0411971349686661,9.072168,1.2396849,0.62053585,0.9724333,0.43,10.0,0.8,59
0.04335021210897818,8.629253,1.2384799,0.59585816,0.98888266,0.43,10.0,0.8,59
0.05478667273979069,8.610356,1.2515672,0.60424954,0.9626311,0.43,10.0,0.8,59
0.011420068209385355,8.598261,1.250714,0.6036783,0.89422655,0.43,10.0,0.8,59
0.01867742759893553,9.09492,1.2502661,0.6138736,0.9820883,0.43,10.0,0.8,59
0.026158519278369822,8.917818,1.257611,0.6083389,0.9702761,0.43,10.0,0.8,59
0.039646535141180175,8.877326,1.2602975,0.59789413,0.9667983,0.43,10.0,0.8,59
0.04470113273006475,8.976375,1.2480836,0.6080584,0.96501505,0.43,10.0,0.8,59
0.031252019811340896,8.911735,1.2639122,0.6170626,0.9494008,0.43,10.0,0.8,59
0.027467627185786103,8.676432,1.2484046,0.6228387,0.95351994,0.43,10.0,0.8,59
0.030403733474920407,8.599477,1.2484664,0.6024795,0.89371514,0.43,10.0,0.8,59
0.004357862885891468,8.872019,1.2572944,0.61254317,0.9303286,0.43,10.0,0.8,59
0.04796768073327032,8.215457,1.2220638,0.593263,0.98703825,0.43,10.0,0.8,59
0.03257370355328539,8.5795145,1.242106,0.61088705,0.98668885,0.43,10.0,0.8,59
0.03390590915738983,8.915782,1.2428753,0.6032772,0.97496486,0.43,10.0,0.8,59
0.019602634559843932,8.801166,1.2457126,0.60431224,0.93820333,0.43,10.0,0.8,59
0.05132776095033061,8.679474,1.2237467,0.600217,0.9721699,0.43,10.0,0.8,59
0.034174905989561286,8.760185,1.2400025,0.60498863,0.95823646,0.43,10.0,0.8,59
0.06715482632073086,8.835926,1.2317187,0.6016479,0.9796518,0.43,10.0,0.8,59
0.03106718157836158,8.538077,1.2312372,0.6138512,0.9153758,0.43,10.0,0.8,59
-0.000968051621050289,8.638544,1.2292168,0.6090892,0.98278594,0.43,10.0,0.8,59
0.011340046667093094,8.72262,1.2578571,0.6086021,0.96231544,0.43,10.0,0.8,59
-0.010288236163348976,8.419199,1.2448277,0.6043022,0.91507244,0.43,10.0,0.8,59
0.0026624779066434213,8.9363985,1.2765418,0.606817,0.8494544,0.43,10.0,0.8,59
0.010155137478382594,9.029865,1.255115,0.6180442,0.95980585,0.43,10.0,0.8,59
0.004434977345422325,8.7106905,1.2689164,0.6177854,0.8743583,0.43,10.0,0.8,59
0.04217787273158968,8.579651,1.2269704,0.6094287,0.9727367,0.43,10.0,0.8,59
0.010536032313532874,8.853732,1.2445812,0.6266106,0.9866884,0.43,10.0,0.8,59
0.004429217654485082,8.634492,1.2431068,0.6195044,0.95930254,0.43,10.0,0.8,59
0.04442119140743102,9.271221,1.2487669,0.6096796,0.9487326,0.43,10.0,0.8,59
0.02391207414514878,8.894907,1.2239193,0.5995582,0.9722123,0.43,10.0,0.8,59
0.03612767414411893,8.8403425,1.2422689,0.60875636,0.95337415,0.43,10.0,0.8,59
-0.02259273476644935,8.547355,1.2535416,0.60768974,0.93296695,0.43,10.0,0.8,59
0.067033996227725,9.291539,1.2393138,0.5962051,0.95035076,0.43,10.0,0.8,59
0.053667931217158175,8.602195,1.2487704,0.61087424,0.97262204,0.43,10.0,0.8,59
0.01616647109158637,8.865793,1.269315,0.6059416,0.9004265,0.43,10.0,0.8,59
-0.007508630457308271,8.621865,1.233904,0.61547595,0.9982079,0.43,10.0,0.8,59
0.03470679717167243,8.994074,1.2286067,0.61192256,0.9967307,0.43,10.0,0.8,59
0.017731025329684326,8.608711,1.2607814,0.6056425,0.938184,0.43,10.0,0.8,59
0.05768773917443243,8.569083,1.2450275,0.6000981,0.96064293,0.43,10.0,0.8,59
0.060068292735899934,8.890586,1.2282655,0.6041546,0.9985734,0.43,10.0,0.8,59
0.017227558307234346,8.406873,1.224988,0.615293,0.9755018,0.43,10.0,0.8,59
0.0809544942401142,8.487283,1.2321819,0.5941385,0.9782208,0.43,10.0,0.8,59
0.007192436903253796,8.67805,1.2440597,0.6043084,0.8829597,0.43,10.0,0.8,59
0.03231684324542066,8.840891,1.236026,0.58681226,0.9797634,0.43,10.0,0.8,59
0.019053597848850877,8.724735,1.2239462,0.59845316,0.993943,0.43,10.0,0.8,59
0.04151428830881975,8.435626,1.2366519,0.60102254,0.9569763,0.43,10.0,0.8,59
0.05182752313997723,8.705969,1.2332022,0.6204849,0.9850099,0.43,10.0,0.8,59
0.01808067814853538,8.72314,1.2264704,0.60723406,0.99153304,0.43,10.0,0.8,59
-0.014953661348797588,8.655975,1.2543443,0.5979245,0.9647378,0.43,10.0,0.8,59
0.022268910216104134,9.057277,1.241218,0.6126471,0.93882394,0.43,10.0,0.8,59
0.027621659021997598,9.071939,1.2406981,0.6077265,0.98314,0.43,10.0,0.8,59
0.03595735856992172,8.942103,1.2321146,0.61710775,0.97884405,0.43,10.0,0.8,59
-0.012688121352771487,8.492601,1.2319343,0.61472493,0.96697855,0.43,10.0,0.8,59
0.05733502937175172,8.860579,1.2256901,0.6039377,0.9881339,0.43,10.0,0.8,59
0.0396089199231505,8.66994,1.2494085,0.60981977,0.9681159,0.43,10.0,0.8,59
0.0738725772066382,8.9701395,1.2487662,0.6110948,0.9675809,0.43,10.0,0.8,59
0.03804593868668973,8.508654,1.2207735,0.60544384,0.98966014,0.43,10.0,0.8,59
0.027364933439083514,8.907969,1.2446178,0.60172534,0.9887196,0.43,10.0,0.8,59
0.04017208580631221,8.872202,1.2302052,0.610925,0.943632,0.43,10.0,0.8,59
0.0029533886392788247,8.854371,1.2358881,0.60325444,0.98702633,0.43,10.0,0.8,59
0.016819173706574337,9.102678,1.2411784,0.61227214,0.9940146,0.43,10.0,0.8,59
0.0035115582138392203,8.70446,1.2690835,0.63360167,0.90004385,0.43,10.0,0.8,59
0.03084514355142788,8.680401,1.2383058,0.615256,0.9387528,0.43,10.0,0.8,59
0.047987547806541984,8.74029,1.2250365,0.6030877,0.9445944,0.43,10.0,0.8,59
0.01908887036444602,8.8066845,1.2562956,0.6076436,0.9168774,0.43,10.0,0.8,59
0.04662958407918735,8.962715,1.2552842,0.59571505,0.9648192,0.43,10.0,0.8,59
0.03875852596649075,8.815425,1.2570472,0.60813934,0.9463378,0.43,10.0,0.8,59
-0.013193213016994228,8.532162,1.2426946,0.6158467,0.9412527,0.43,10.0,0.8,59
-0.0006087026507492778,8.7126,1.2659366,0.61748916,0.86148477,0.43,10.0,0.8,59
0.04433679704695663,8.446506,1.2296358,0.6016267,0.96021664,0.43,10.0,0.8,59
0.044792911718504344,8.172014,1.220771,0.5972115,0.9356785,0.43,10.0,0.8,59
0.059048679339996434,8.764969,1.2588632,0.59132403,0.95644176,0.43,10.0,0.8,59
0.03823726249553101,8.825462,1.2564183,0.59146744,0.9228127,0.43,10.0,0.8,59
0.014866128691209728,8.126527,1.2326274,0.61509305,0.95075786,0.43,10.0,0.8,59
0.03964577562668744,8.498011,1.2366822,0.5969726,0.97361386,0.43,10.0,0.8,59
0.013718764685993961,8.397735,1.2286179,0.61364716,0.9702592,0.43,10.0,0.8,59
0.022666459009743328,8.667022,1.2364123,0.6135994,0.95026124,0.43,10.0,0.8,59
0.034603888095347875,9.411066,1.252387,0.59278667,0.94589984,0.43,10.0,0.8,59
-0.0006508329704450018,8.710995,1.2399883,0.61053044,0.99082005,0.43,10.0,0.8,59
0.017101765859975904,8.660731,1.2311774,0.5998515,0.9640666,0.43,10.0,0.8,59
0.040727569798566975,8.522952,1.2222769,0.60101104,0.995316,0.43,10.0,0.8,59
-0.002364114135411502,8.809722,1.2445792,0.60787493,0.97465944,0.43,10.0,0.8,59
0.032045553549893496,8.443153,1.2159462,0.5936669,0.9773011,0.43,10.0,0.8,59
-0.011131218889549422,8.906265,1.2591158,0.6295479,0.88325703,0.43,10.0,0.8,59
0.009950463232979316,8.929379,1.2408372,0.60593104,0.9644631,0.43,10.0,0.8,59
0.031174152982493302,9.163483,1.2539705,0.6235445,0.9960705,0.43,10.0,0.8,59
0.008443812231530345,8.778408,1.2314208,0.59899586,0.99046385,0.43,10.0,0.8,59
0.02409316104262975,8.953341,1.2427926,0.60942274,0.9929582,0.43,10.0,0.8,59
0.031284452355683036,8.799699,1.21544,0.61045533,0.9920405,0.43,10.0,0.8,59
0.016369753710625712,8.625224,1.2274956,0.60744077,0.9978039,0.43,10.0,0.8,59
0.013541827895692997,8.752066,1.2373054,0.5943214,0.916114,0.43,10.0,0.8,59
-0.02390769736316551,9.063213,1.2528602,0.62422055,0.98019505,0.43,10.0,0.8,59
0.04406663079748951,8.623738,1.2454811,0.6159205,0.9868237,0.43,10.0,0.8,59
0.04360676490854552,8.924646,1.2607825,0.6121801,0.95798063,0.43,10.0,0.8,59
-0.0028346594051679966,8.773745,1.2353976,0.5979034,0.91319907,0.43,10.0,0.8,59
-0.0027105390471939706,8.468089,1.2453204,0.608638,0.954211,0.43,10.0,0.8,59
0.057620979314987136,9.052849,1.2492925,0.60517514,0.9570769,0.43,10.0,0.8,59
0.04112303733825683,8.65337,1.2441033,0.603189,0.9564048,0.43,10.0,0.8,59
0.010406456200330988,9.042392,1.2449741,0.6124752,0.993829,0.43,10.0,0.8,59
0.04296140239703766,8.34417,1.2339473,0.6076,0.9091079,0.43,10.0,0.8,59
0.005895355212799167,8.751107,1.2205293,0.60543853,0.97218454,0.43,10.0,0.8,59
0.04628306347519252,8.701173,1.2399958,0.6042623,0.9535165,0.43,10.0,0.8,59
-0.005419716111646718,8.896619,1.2346632,0.61857516,0.9868387,0.43,10.0,0.8,59
-0.003742949246622092,8.053809,1.2385432,0.61686903,0.9759946,0.43,10.0,0.8,59
0.022404716775144218,8.669701,1.2463942,0.62073,0.96580434,0.43,10.0,0.8,59
0.03627918435324087,9.219452,1.2486079,0.6051744,0.94971883,0.43,10.0,0.8,59
0.03366290945755808,8.796218,1.2390634,0.6015542,0.99591184,0.43,10.0,0.8,59
0.042205408379758474,8.77813,1.2609473,0.61636424,0.89120626,0.43,10.0,0.8,59
0.05004536203555647,8.542097,1.2332348,0.6078186,0.95279396,0.43,10.0,0.8,59
0.036162920529628315,8.872663,1.2306392,0.61092347,0.9938146,0.43,10.0,0.8,59
0.03795659762048869,8.800395,1.2365224,0.600132,0.9776349,0.43,10.0,0.8,59
0.009224729774168033,8.437183,1.2355405,0.60609186,0.9327862,0.43,10.0,0.8,59
0.05168415485889919,8.410765,1.2496089,0.59861106,0.9489142,0.43,10.0,0.8,59
0.012772381755958769,8.785873,1.2454839,0.61536455,0.90834165,0.43,10.0,0.8,59
0.02614106497159314,8.685536,1.2402793,0.61708957,0.93147886,0.43,10.0,0.8,59
0.025551148730534885,9.013377,1.2328655,0.60161024,0.94443417,0.43,10.0,0.8,59
0.029568605954433003,8.479608,1.2831912,0.6158228,0.8938062,0.43,10.0,0.8,59
0.039005912833907655,8.260528,1.2373078,0.61124736,0.95256567,0.43,10.0,0.8,59
0.06347822741458291,8.922578,1.2190241,0.6034583,0.9874686,0.43,10.0,0.8,59
0.00788192586633074,9.023943,1.2459803,0.6041825,0.92004824,0.43,10.0,0.8,59
0.04017555245674062,8.799015,1.2261076,0.5974954,0.997018,0.43,10.0,0.8,59
0.019199689593477516,8.646499,1.2417759,0.61853653,0.9829823,0.43,10.0,0.8,59
0.03321740616954886,8.773519,1.2379416,0.62123924,0.98739934,0.43,10.0,0.8,59
0.058724971511415654,8.610061,1.2227117,0.6032195,0.99999666,0.43,10.0,0.8,59
0.030555999094487713,8.521314,1.2175775,0.59526366,0.99646735,0.43,10.0,0.8,59
0.04585003764267676,8.996778,1.2427132,0.6033647,0.9520514,0.43,10.0,0.8,59
0.004808628300764242,8.664341,1.2462573,0.6130072,0.9354435,0.43,10.0,0.8,59
0.02214127635070045,9.072213,1.2300186,0.5878598,0.9971597,0.43,10.0,0.8,59
0.0374045007959608,8.863166,1.2380623,0.6037517,0.99221504,0.43,10.0,0.8,59
0.03400366387500113,8.511825,1.244201,0.6149172,0.9624258,0.43,10.0,0.8,59
0.05593813476916806,8.695359,1.2411858,0.6109324,0.9599829,0.43,10.0,0.8,59
0.018531290945992013,8.732236,1.2430956,0.6146155,0.887571,0.43,10.0,0.8,59
0.03708448498610742,8.849335,1.2243505,0.6090262,0.9874935,0.43,10.0,0.8,59
0.0063706605279408735,9.136451,1.2557652,0.61790746,0.88466513,0.43,10.0,0.8,59
0.05162501134370503,8.82386,1.2320918,0.5902036,0.97553253,0.43,10.0,0.8,59
0.034138837584031995,8.791886,1.23367,0.604781,0.9947467,0.43,10.0,0.8,59
0.021702362479809268,8.882447,1.2802099,0.6049209,0.84516275,0.43,10.0,0.8,59
0.04117179017317923,9.072381,1.228172,0.6078654,0.99102724,0.43,10.0,0.8,59
0.027830677947761843,8.776722,1.238622,0.6188095,0.97122407,0.43,10.0,0.8,59
0.012380881708103805,8.573797,1.2662033,0.602536,0.8917093,0.43,10.0,0.8,59
0.04086326953427341,8.783267,1.2390751,0.6009498,0.9704883,0.43,10.0,0.8,59
0.04080413030027974,9.205451,1.2709914,0.5942766,0.9128989,0.43,10.0,0.8,59
-0.004984067999541575,8.55481,1.261375,0.6137067,0.8949039,0.43,10.0,0.8,59
0.06299788277215633,8.79006,1.2231615,0.60233957,0.9727088,0.43,10.0,0.8,59
-0.0020979011169528082,9.129255,1.231001,0.60708386,0.9822682,0.43,10.0,0.8,59
0.05144932333529918,8.743273,1.2427534,0.6008723,0.9351665,0.43,10.0,0.8,59
0.03184349234259166,8.585625,1.2424114,0.60539967,0.97767735,0.43,10.0,0.8,59
0.07133231192550422,8.775268,1.2466682,0.61809194,0.9999466,0.43,10.0,0.8,59
0.046128428078288264,8.9284115,1.2362863,0.6039096,0.9934974,0.43,10.0,0.8,59
0.036734599742357946,8.699884,1.2582953,0.6164707,0.91194236,0.43,10.0,0.8,59
0.03264063569414357,8.699415,1.2372701,0.610112,0.9419018,0.43,10.0,0.8,59
0.01605092296659393,9.076269,1.2353095,0.6068581,0.95830107,0.43,10.0,0.8,59
0.049142397889411854,8.575215,1.2276484,0.6103221,0.97513413,0.43,10.0,0.8,59
0.042207376875744516,8.672237,1.2417989,0.6108346,0.9842628,0.43,10.0,0.8,59
0.03536456125808574,9.133487,1.2445041,0.60230845,0.96721435,0.43,10.0,0.8,59
0.02950317199754272,8.79356,1.2387447,0.5946014,0.9790416,0.43,10.0,0.8,59
0.0058339239126388494,8.407829,1.2172468,0.60630673,0.9936186,0.43,10.0,0.8,59
0.043586470364786155,8.6615,1.2500132,0.6029708,0.95334005,0.43,10.0,0.8,59
0.023057593915484637,8.446818,1.2359477,0.61326635,0.9647207,0.43,10.0,0.8,59
0.04302113296815854,8.950072,1.253835,0.6112424,0.95641303,0.43,10.0,0.8,59
0.02635118708891027,8.80853,1.2381798,0.6077662,0.9719639,0.43,10.0,0.8,59
-0.0032138901524499477,8.650256,1.2298073,0.627432,0.9741559,0.43,10.0,0.8,59
0.006287226219295347,8.693962,1.2458466,0.6168373,0.9313735,0.43,10.0,0.8,59
-0.003307544572434559,8.894456,1.249352,0.61934245,0.96537757,0.43,10.0,0.8,59
0.01334300120917636,8.616207,1.2241251,0.6083271,0.98855555,0.43,10.0,0.8,59
0.02878592145701311,8.90723,1.2465032,0.6085318,0.9184184,0.43,10.0,0.8,59
-0.003334139980398834,8.993552,1.2738951,0.612706,0.8765863,0.43,10.0,0.8,59
-0.001757118738841716,8.221705,1.2531195,0.6142488,0.84888065,0.43,10.0,0.8,59
0.025361970895584153,8.2163105,1.2325251,0.5973775,0.9538578,0.43,10.0,0.8,59
-0.011015748859559051,9.077564,1.2572987,0.6166833,0.9500525,0.43,10.0,0.8,59
0.02726527305579407,8.912874,1.229606,0.5940994,0.973804,0.43,10.0,0.8,59
0.02662742160053076,9.030728,1.2545171,0.613031,0.9522797,0.43,10.0,0.8,59
0.049086603070191186,8.636837,1.2377094,0.5947247,0.9683776,0.43,10.0,0.8,59
0.026490148302202254,8.852043,1.2353882,0.6091043,0.99101424,0.43,10.0,0.8,59
-0.022272417397691,8.733571,1.2521833,0.6304817,0.9274479,0.43,10.0,0.8,59
0.01514782941009238,8.782828,1.2409544,0.61275923,0.9537945,0.43,10.0,0.8,59
0.06034101382866732,8.885773,1.2330487,0.6099797,0.9980202,0.43,10.0,0.8,59
0.013489551130832163,8.234189,1.2437698,0.6104005,0.8706621,0.43,10.0,0.8,59
0.05266013718241878,8.92563,1.2399775,0.61021614,0.9852241,0.43,10.0,0.8,59
0.030267219720610153,8.615985,1.2236584,0.6119718,0.99732685,0.43,10.0,0.8,59
0.02442782337082429,8.47471,1.2361178,0.6040357,0.9378563,0.43,10.0,0.8,59
0.03830520110233649,8.71068,1.2473994,0.59906477,0.9616115,0.43,10.0,0.8,59
0.03472135942417771,8.282734,1.2213088,0.60661,0.978191,0.43,10.0,0.8,59
0.02111112072002777,8.79623,1.2386048,0.61395246,0.98538566,0.43,10.0,0.8,59
0.04746035702826438,8.673921,1.2320151,0.6017559,0.98512137,0.43,10.0,0.8,59
0.06583975266376885,8.75949,1.2304498,0.5915085,0.98316884,0.43,10.0,0.8,59
0.0710145306661033,8.502145,1.236722,0.5967556,0.9788394,0.43,10.0,0.8,59
0.03073411135481607,8.673892,1.2340536,0.57931453,0.9798597,0.43,10.0,0.8,59
0.02058318206031256,8.179691,1.2259946,0.6000312,0.9089197,0.43,10.0,0.8,59
0.026002167769629887,8.919768,1.2395759,0.616273,0.95765674,0.43,10.0,0.8,59
0.04871325667059458,8.865014,1.2126597,0.6078685,0.9921268,0.43,10.0,0.8,59
0.01910824427294657,8.613279,1.2346503,0.6029878,0.97780275,0.43,10.0,0.8,59
0.02643988470544018,8.987034,1.2435266,0.60378134,0.9766625,0.43,10.0,0.8,59
0.022627577294506155,8.451453,1.2699244,0.5976043,0.7868979,0.43,10.0,0.8,59
0.061680360179936555,8.880434,1.2370983,0.59182334,0.9802618,0.43,10.0,0.8,59
0.03449166380584055,8.696073,1.2468545,0.6123555,0.9944413,0.43,10.0,0.8,59
0.015994532676673157,8.296739,1.2436056,0.6002588,0.95573187,0.43,10.0,0.8,59
-0.0037004712343954083,8.713172,1.2324822,0.61935544,0.99471533,0.43,10.0,0.8,59
0.043552608519515756,8.509601,1.2402571,0.6148963,0.93164325,0.43,10.0,0.8,59
0.02739425685752656,9.1131,1.2308013,0.6124866,0.98706436,0.43,10.0,0.8,59
0.020561031867107,8.533867,1.2311525,0.5933412,0.9766288,0.43,10.0,0.8,59
0.026497584570303052,8.624383,1.2397825,0.6123845,0.97690785,0.43,10.0,0.8,59
0.03237399272505344,8.782992,1.2425197,0.6065386,0.93879783,0.43,10.0,0.8,59
0.04213905157319532,8.906469,1.242388,0.6104824,0.9389334,0.43,10.0,0.8,59
0.021041988809780438,9.11334,1.2537632,0.61190563,0.96692574,0.43,10.0,0.8,59
0.05032682108805275,8.998184,1.2386309,0.605838,0.99463093,0.43,10.0,0.8,59
0.0007299538072048691,8.723289,1.2389661,0.6136352,0.9610889,0.43,10.0,0.8,59
0.047831625805550684,8.759881,1.2426193,0.6126645,0.99098897,0.43,10.0,0.8,59
0.02110088687932159,8.726169,1.2233363,0.61243254,0.9949727,0.43,10.0,0.8,59
0.0728238329282117,8.937762,1.2251959,0.5999922,0.9861474,0.43,10.0,0.8,59
0.02847833231875771,8.7855015,1.2293876,0.6117143,0.98764396,0.43,10.0,0.8,59
0.026923734853880325,8.612199,1.2407347,0.6060608,0.95277417,0.43,10.0,0.8,59
0.03566727461091505,9.273033,1.2363116,0.5932127,0.99971294,0.43,10.0,0.8,59
0.04734371867342261,8.711877,1.2414615,0.6136214,0.97972715,0.43,10.0,0.8,59
0.026566190453874806,8.973897,1.2584096,0.61236674,0.9552814,0.43,10.0,0.8,59
0.007109726087965832,9.062336,1.2336262,0.60086566,0.9725815,0.43,10.0,0.8,59
0.001256763233857996,8.658462,1.225184,0.60751325,0.9582844,0.43,10.0,0.8,59
0.015597007267246304,9.002663,1.2396597,0.60430694,0.98211646,0.43,10.0,0.8,59
0.023948607105219698,8.910848,1.2325656,0.60059005,0.9767301,0.43,10.0,0.8,59
0.061356558932608496,8.9211235,1.2392112,0.60198265,0.9530753,0.43,10.0,0.8,59
0.03203364915522998,8.981469,1.2575713,0.6070779,0.9343505,0.43,10.0,0.8,59
0.037967230852912454,9.075109,1.2477857,0.6112766,0.9836582,0.43,10.0,0.8,59
0.006041323806479249,9.026074,1.2633144,0.61141044,0.8704412,0.43,10.0,0.8,59
-0.0031895504647364193,8.655095,1.2527807,0.6191514,0.8910351,0.43,10.0,0.8,59
0.03320683443878457,8.616939,1.2399718,0.6072842,0.94345057,0.43,10.0,0.8,59
0.025380823265288267,9.011555,1.2438593,0.59808475,0.9694538,0.43,10.0,0.8,59
0.02058779902502479,8.864118,1.245093,0.597693,0.89981055,0.43,10.0,0.8,59
0.03936263819597085,8.480204,1.2493225,0.59926265,0.95569766,0.43,10.0,0.8,59
0.01837551615924658,8.714991,1.2437841,0.61582685,0.9585217,0.43,10.0,0.8,59
0.027106138914362195,8.755675,1.2434098,0.6101883,0.9749191,0.43,10.0,0.8,59
0.029784877883391483,8.6559515,1.2433877,0.59975743,0.9308207,0.43,10.0,0.8,59
0.05281752403306518,8.903837,1.2342837,0.60637164,0.97600377,0.43,10.0,0.8,59
0.03700073147705834,8.732622,1.2289119,0.60865706,0.9912671,0.43,10.0,0.8,59
0.010443037552730218,8.896471,1.2386178,0.6057451,0.9871658,0.43,10.0,0.8,59
0.009280734460789352,8.861504,1.2425811,0.6064869,0.98676836,0.43,10.0,0.8,59
0.03507211487359676,8.678859,1.2286646,0.6100697,0.9889027,0.43,10.0,0.8,59
0.011230886299912774,9.036854,1.2300055,0.60895514,0.9981458,0.43,10.0,0.8,59
0.03452469415339892,8.633388,1.2313162,0.60030895,0.96829677,0.43,10.0,0.8,59
0.022880414661608242,8.227793,1.2366117,0.6046873,0.9253603,0.43,10.0,0.8,59
0.015986439229534136,8.723052,1.2547446,0.5933022,0.8741729,0.43,10.0,0.8,59
0.032045373798523895,9.210273,1.2356005,0.61395836,0.9830892,0.43,10.0,0.8,59
0.004375155776646853,8.912251,1.2470579,0.6095494,0.9903054,0.43,10.0,0.8,59
0.04381405558748511,9.02515,1.2467567,0.5960223,0.9937165,0.43,10.0,0.8,59
-0.00907495565827786,8.835667,1.2324837,0.62033063,0.9804522,0.43,10.0,0.8,59
0.05409731109075871,8.926369,1.2406198,0.5945723,0.9668492,0.43,10.0,0.8,59
0.04556035720896057,8.675445,1.2556336,0.60645026,0.9200691,0.43,10.0,0.8,59
0.025057992019889525,9.0542965,1.2310096,0.6124598,0.98434854,0.43,10.0,0.8,59
-0.005197320442081606,8.577524,1.2402921,0.62526655,0.9527627,0.43,10.0,0.8,59
0.03749175570697607,8.583151,1.2139169,0.60006386,0.976956,0.43,10.0,0.8,59
0.004470450959338491,8.8781595,1.2557198,0.611624,0.9066751,0.43,10.0,0.8,59
0.03835665877020396,8.560982,1.2357861,0.6055995,0.9675257,0.43,10.0,0.8,59
0.02635633486343242,8.608592,1.2528343,0.6028305,0.9314046,0.43,10.0,0.8,59
0.008776554721796843,8.381024,1.2393166,0.60724014,0.9474797,0.43,10.0,0.8,59
0.04520740789525649,8.825526,1.2549019,0.60006607,0.9560007,0.43,10.0,0.8,59
0.015053370183466388,8.451822,1.2533087,0.60582316,0.9228927,0.43,10.0,0.8,59
0.015608388853516002,8.829926,1.2432349,0.61647964,0.9842204,0.43,10.0,0.8,59
0.026525249185945964,8.8770895,1.2369258,0.596801,0.9648392,0.43,10.0,0.8,59
