gain,variant,draw,g_nat,a_nat,v1_nat,slope_sim,acc_sim,frac_bounded
0.8,a_fitted_matched,draw0,9.9999857,0.37997922040027926,26.06978540765152,-0.0406343843286955,0.838725,0.97585
0.8,a_fitted_matched,draw1,9.9959075,0.3789420565732972,26.239365709455708,-0.04116944814953759,0.83875,0.97635
0.8,a_fitted_matched,draw2,9.985252599999999,0.38068500915125225,25.96581920501816,-0.040423358185149014,0.83875,0.975575
0.8,a_fitted_matched,draw3,9.9416435,0.3802625288558537,26.200823869333576,-0.0407152957327206,0.8391,0.975925
0.8,a_fitted_matched,draw4,9.983356,0.37968297822907465,26.233798519634984,-0.040899904261471345,0.839325,0.976125
0.8,a_fitted_matched,draw5,9.934763,0.3793845540862846,25.77565563792394,-0.04108825894607419,0.83665,0.976675
0.8,a_fitted_matched,draw6,9.954269,0.37821248749431974,25.82525280074602,-0.04151865373117583,0.836375,0.9771
0.8,a_fitted_matched,draw7,9.956293,0.3792456036058968,26.049126247697636,-0.041013292219699356,0.838225,0.97665
0.8,a_fitted_matched,draw8,9.9935937,0.3797485638677465,26.35413741485386,-0.04083746054838892,0.839475,0.975775
0.8,a_fitted_matched,draw9,9.971473,0.3808846437399387,26.45495398893769,-0.04034696924001657,0.84135,0.9756
0.8,a_fitted_matched,draw10,9.999151,0.3791863741453218,25.93533484837414,-0.04106036400941855,0.837625,0.9761
0.8,a_fitted_matched,draw11,9.992491999999999,0.3795464627024852,25.955279333576822,-0.040997151452728205,0.837925,0.9761
0.8,a_fitted_matched,draw12,9.981116,0.3799134450249477,26.08464178809899,-0.040745348176890836,0.839025,0.975925
0.8,a_fitted_matched,draw13,9.958577,0.3797169094683683,26.008544738484698,-0.04086442568920971,0.8384,0.97625
0.8,a_fitted_matched,draw14,9.992676,0.3801494774295027,25.859860767458905,-0.04063834609679812,0.8374,0.9756
0.8,a_fitted_matched,draw15,9.993081,0.3790978936163903,25.98427267630408,-0.04113378815488833,0.837575,0.9762
0.8,a_fitted_matched,draw16,9.9522686,0.38084755022298483,25.952170814636876,-0.04053446195923597,0.838425,0.97555
0.8,a_fitted_matched,draw17,9.992807,0.3801620949173668,26.096764379509246,-0.04044707111243023,0.839525,0.975875
0.8,a_fitted_matched,draw18,9.961555,0.38065616917899153,26.16521346060242,-0.040409110140811,0.840225,0.975725
0.8,a_fitted_matched,draw19,9.9162006,0.38047443308186163,25.80190254250334,-0.04077904268724741,0.8373,0.976175
0.8,a_fitted_matched,draw20,9.975778,0.3790023928310532,26.030971611650614,-0.04118742239365226,0.83755,0.976475
0.8,a_fitted_matched,draw21,9.986253000000001,0.38139649000201353,26.061310503522268,-0.04020640348679159,0.8391,0.975025
0.8,a_fitted_matched,draw22,9.962441,0.3794388820164863,26.033267425231898,-0.041141247464371165,0.838225,0.976275
0.8,a_fitted_matched,draw23,9.9094415,0.37992988886878065,26.013458917968602,-0.040958441482526135,0.838325,0.97625
0.8,a_fitted_matched,draw24,9.9779534,0.3797349976965844,25.91415707488399,-0.04100601908379764,0.837625,0.976075
0.8,a_fitted_matched,draw25,9.9923277,0.3800136892267751,26.075758950151577,-0.04073275299995243,0.838675,0.975725
0.8,a_fitted_matched,draw26,9.9997044,0.38032286511360974,26.13234158432497,-0.040455710916374815,0.83975,0.9757
0.8,a_fitted_matched,draw27,9.9918306,0.38087332278591524,26.300947904609828,-0.0403281188711546,0.8407,0.975375
0.8,a_fitted_matched,draw28,9.999285,0.37950898971221225,26.12856266252107,-0.04077897161357227,0.839,0.97605
0.8,a_fitted_matched,draw29,9.979267,0.3798832136505165,25.907800896787055,-0.040811578961549626,0.8377,0.975775
0.8,a_fitted_matched,draw30,9.992938,0.37957419587756486,26.045654066826774,-0.040836953422636046,0.83875,0.976075
0.8,a_fitted_matched,draw31,9.9980116,0.3792215386729029,26.1370154307067,-0.040848441984766504,0.838875,0.976225
0.8,a_fitted_matched,draw32,9.992771000000001,0.37916360574616864,26.056636657140537,-0.04105686851685347,0.838425,0.976225
0.8,a_fitted_matched,draw33,9.9823725,0.3796590714099638,26.050062281885047,-0.04067950407827586,0.8388,0.97625
0.8,a_fitted_matched,draw34,9.997565999999999,0.38024886781636175,25.937463061239438,-0.04065770600745935,0.838375,0.9759
0.8,a_fitted_matched,draw35,9.995194699999999,0.3793639676587168,26.246765439180503,-0.040872966157703916,0.8392,0.97625
0.8,a_fitted_matched,draw36,9.9975467,0.3801670913160698,26.212846848997536,-0.04042837678720278,0.839425,0.975775
0.8,a_fitted_matched,draw37,9.948468,0.37913615717607835,25.843397949960064,-0.04133305728197703,0.8369,0.97675
0.8,a_fitted_matched,draw38,9.973625,0.38027391305543035,26.033643736273458,-0.040651202031070297,0.838575,0.97565
0.8,a_fitted_matched,draw39,9.9693716,0.3789111611205574,25.897495033892568,-0.04140649477841943,0.837125,0.976725
1.0,a_fitted_matched,draw0,9.956317,0.32264070699777636,27.46334108921218,-0.056893908799818864,0.8141,0.997075
1.0,a_fitted_matched,draw1,9.970753,0.32436781656465397,28.046882510398373,-0.0562682442959699,0.818,0.996575
1.0,a_fitted_matched,draw2,9.9765646,0.32443254838835756,27.75340733214645,-0.05630043655627511,0.816875,0.996825
1.0,a_fitted_matched,draw3,9.9862814,0.3230506646736406,27.77605556474857,-0.0566087634267874,0.8163,0.996975
1.0,a_fitted_matched,draw4,9.96747,0.32403606201532564,27.851654555631388,-0.05638889682806936,0.817125,0.9968
1.0,a_fitted_matched,draw5,9.9573195,0.3232068811900529,27.231837066266575,-0.05663546612359692,0.812825,0.997025
1.0,a_fitted_matched,draw6,9.9426365,0.3223836454467813,27.65284690255309,-0.05694567988355572,0.81455,0.997025
1.0,a_fitted_matched,draw7,9.986762,0.32269399137635024,27.73110695008694,-0.05657998719221412,0.816475,0.9971
1.0,a_fitted_matched,draw8,9.9701536,0.3234056619637711,27.591256801704823,-0.056652894498194016,0.815675,0.997
1.0,a_fitted_matched,draw9,9.9407625,0.3241580943102316,27.897531298786284,-0.05628121534283634,0.818025,0.99685
1.0,a_fitted_matched,draw10,9.990077000000001,0.3235331333762525,27.74627639602277,-0.05662375694296416,0.8162,0.996825
1.0,a_fitted_matched,draw11,9.931071,0.3231125504474501,27.61454539553313,-0.056527258874798196,0.815925,0.9971
1.0,a_fitted_matched,draw12,9.9133754,0.3236818869173868,27.6606102942088,-0.05667919825663194,0.815925,0.996925
1.0,a_fitted_matched,draw13,9.930893,0.32269607847960596,27.41095163521617,-0.05682535061307007,0.8137,0.997025
1.0,a_fitted_matched,draw14,9.976398,0.3241153086934895,27.97269231421316,-0.05645009828996513,0.817425,0.996625
1.0,a_fitted_matched,draw15,9.987076499999999,0.3231472090106055,27.775862665811303,-0.056522115112789775,0.816675,0.99695
1.0,a_fitted_matched,draw16,9.987,0.32296177304861323,27.711323741044925,-0.05659353333157924,0.81605,0.99705
1.0,a_fitted_matched,draw17,9.979873999999999,0.323083900211849,27.632115010213028,-0.056809206753027225,0.81515,0.996925
1.0,a_fitted_matched,draw18,9.979080999999999,0.32417466464517086,27.899153547225946,-0.056261924376208465,0.817775,0.99675
1.0,a_fitted_matched,draw19,9.993748700000001,0.32390644025403537,27.795471949582005,-0.05640399452465997,0.8168,0.996875
1.0,a_fitted_matched,draw20,9.9698067,0.3225437831874922,27.76298270890144,-0.0567692409111853,0.8155,0.997075
1.0,a_fitted_matched,draw21,9.951483,0.3227089173269062,27.661764525554766,-0.05687082469752029,0.81525,0.9971
1.0,a_fitted_matched,draw22,9.955418,0.3231614708828529,27.992867645685035,-0.05649425087072237,0.8174,0.9968
1.0,a_fitted_matched,draw23,9.9825513,0.3225070691438576,27.728947114445045,-0.056628135164767605,0.816175,0.99715
1.0,a_fitted_matched,draw24,9.970727,0.3231757960006535,27.455011649855294,-0.05666210690161196,0.8143,0.99695
1.0,a_fitted_matched,draw25,9.992423,0.32372808779400186,27.886162910597974,-0.05634798615677978,0.817275,0.9968
1.0,a_fitted_matched,draw26,9.9133074,0.32415142190436863,27.9512141243453,-0.05648694652882179,0.81725,0.996625
1.0,a_fitted_matched,draw27,9.957162,0.324578835352917,28.113957581848204,-0.05614288616015978,0.818875,0.99655
1.0,a_fitted_matched,draw28,9.978732,0.3228083709593185,27.899763866814357,-0.056536201000586976,0.81695,0.997
1.0,a_fitted_matched,draw29,9.996679,0.32309085722270137,27.755329996963827,-0.05667033344843971,0.8163,0.9969
1.0,a_fitted_matched,draw30,9.984347999999999,0.3237286886267573,27.649858550164232,-0.056491493896236464,0.816375,0.9969
1.0,a_fitted_matched,draw31,9.997184,0.32399062008534907,27.942249067178718,-0.05634235984688131,0.81795,0.99665
1.0,a_fitted_matched,draw32,9.962976,0.3233040263597733,27.83566133636509,-0.05648134287783714,0.816875,0.996975
1.0,a_fitted_matched,draw33,9.9203146,0.3237800123931818,27.703060709518905,-0.05658403205652869,0.816475,0.997025
1.0,a_fitted_matched,draw34,9.846344,0.3236429276566135,27.731807394588667,-0.05672426999868919,0.816,0.99705
1.0,a_fitted_matched,draw35,9.9305904,0.32335610907283624,27.878908645645545,-0.05652884012535928,0.81735,0.996975
1.0,a_fitted_matched,draw36,9.963336,0.323598276296052,27.61037118902171,-0.056549550649820986,0.815925,0.99695
1.0,a_fitted_matched,draw37,9.982377,0.3225023257273674,27.5692552548842,-0.05672268772975199,0.8151,0.99705
1.0,a_fitted_matched,draw38,9.9834526,0.3231005970378947,27.836085081571547,-0.05663222198200959,0.816425,0.996925
1.0,a_fitted_matched,draw39,9.9820423,0.32270885408135297,27.662710046575157,-0.05676866737094406,0.815725,0.997
1.2,a_fitted_matched,draw0,9.721451,0.2901605641900347,28.048463649228456,-0.0639109693113864,0.795225,0.99955
1.2,a_fitted_matched,draw1,8.8051295,0.29346150772560153,27.860061470790942,-0.06416612310419258,0.7945,0.999575
1.2,a_fitted_matched,draw2,9.3579006,0.289515826371569,28.124152765024583,-0.06435953220020588,0.793575,0.999625
1.2,a_fitted_matched,draw3,9.5952666,0.2894966534821154,27.71754394120248,-0.06436555661476476,0.79275,0.999525
1.2,a_fitted_matched,draw4,9.4267416,0.290621096172518,27.739670397990675,-0.0641980745304305,0.793175,0.9995
1.2,a_fitted_matched,draw5,8.969517999999999,0.2915830294139647,27.344559615740938,-0.06411686197543509,0.790125,0.999475
1.2,a_fitted_matched,draw6,9.4081235,0.2896297663979425,27.84213135645779,-0.06426768477521157,0.792475,0.999625
1.2,a_fitted_matched,draw7,9.386343,0.2909895963882575,27.77385778177475,-0.0641314176172219,0.7932,0.99955
1.2,a_fitted_matched,draw8,8.7744343,0.2919588566270427,27.399754010021514,-0.06450936350506271,0.79065,0.99945
1.2,a_fitted_matched,draw9,9.2896724,0.29116431222898176,28.065720198419992,-0.0642923767066146,0.79505,0.99955
1.2,a_fitted_matched,draw10,9.4106174,0.29060038325384396,27.747006882162264,-0.06423607587462885,0.79275,0.999525
1.2,a_fitted_matched,draw11,9.2399514,0.29141386653281165,27.70427818641807,-0.06427373878071566,0.793175,0.9995
1.2,a_fitted_matched,draw12,9.001615,0.2922749863624521,27.989692718914227,-0.06422516809163313,0.794575,0.99955
1.2,a_fitted_matched,draw13,9.279404999999999,0.2914105271676025,27.98713759856481,-0.06407523867015186,0.794175,0.99955
1.2,a_fitted_matched,draw14,8.756707,0.2931051601429101,27.53005249873109,-0.06426329432328154,0.7915,0.99945
1.2,a_fitted_matched,draw15,9.100027,0.291653263600797,27.736160269787888,-0.06418116807160941,0.793175,0.9995
1.2,a_fitted_matched,draw16,8.824644000000001,0.29220351256277693,27.702191083162358,-0.0643310905773237,0.792875,0.99955
1.2,a_fitted_matched,draw17,9.164359600000001,0.2912221376382756,27.874946311737354,-0.06433877764602855,0.79365,0.99955
1.2,a_fitted_matched,draw18,9.163282,0.29132751737902307,27.609058843792738,-0.06426274259591265,0.791375,0.9996
1.2,a_fitted_matched,draw19,9.594227,0.2900325014316309,28.081803542599612,-0.06404713996987052,0.794875,0.999575
1.2,a_fitted_matched,draw20,9.075835,0.29117433664916453,27.84567626971484,-0.06427283298270534,0.792775,0.9996
1.2,a_fitted_matched,draw21,8.654343,0.29310256707522875,27.641279290872195,-0.06435146843162091,0.791625,0.999525
1.2,a_fitted_matched,draw22,9.3433535,0.2904833157348645,27.686006546097616,-0.0643759552787627,0.792375,0.9995
1.2,a_fitted_matched,draw23,9.0587544,0.29170781289043496,27.83891215779974,-0.06431949591053954,0.793425,0.99955
1.2,a_fitted_matched,draw24,9.5608366,0.29053214130193755,27.98166369593506,-0.06407622115587411,0.79475,0.999525
1.2,a_fitted_matched,draw25,9.49885,0.2905634478507732,28.009118590580638,-0.06409413075653024,0.79465,0.999525
1.2,a_fitted_matched,draw26,9.5604694,0.29075138201211703,27.953797705193658,-0.06405113635341257,0.794475,0.999575
1.2,a_fitted_matched,draw27,9.191389,0.29138725280402367,27.66692852497382,-0.06429144288086067,0.792275,0.9995
1.2,a_fitted_matched,draw28,8.757814,0.2926716561475883,27.68491872258252,-0.0644159237484534,0.79285,0.99955
1.2,a_fitted_matched,draw29,8.96863,0.29211603131358604,27.90975350194283,-0.06432567239983808,0.793375,0.9996
1.2,a_fitted_matched,draw30,9.233457000000001,0.2910331725744146,27.999619108489497,-0.06435063792476009,0.79425,0.999575
1.2,a_fitted_matched,draw31,8.925931499999999,0.2922813741633256,27.761641903173526,-0.06434609879745394,0.792,0.99955
1.2,a_fitted_matched,draw32,9.2663467,0.29064351672112865,27.80099644865432,-0.0643752117653403,0.792925,0.999525
1.2,a_fitted_matched,draw33,9.289495,0.2912110823155757,27.829456947595837,-0.06421825450021995,0.793975,0.999525
1.2,a_fitted_matched,draw34,9.1826487,0.29087120071266076,28.091837449615326,-0.06452123625106959,0.794675,0.9996
1.2,a_fitted_matched,draw35,9.033904,0.29232934591543036,28.017074881173624,-0.06422922399423356,0.79435,0.999575
1.2,a_fitted_matched,draw36,9.0611386,0.2920629366716718,28.059949041690192,-0.06431993528230955,0.79495,0.999575
1.2,a_fitted_matched,draw37,9.100021,0.2907148893279186,27.77336446645977,-0.06439382466909176,0.792575,0.99955
1.2,a_fitted_matched,draw38,8.951440999999999,0.2921231148155448,27.97587989009461,-0.06417799008772995,0.7934,0.99955
1.2,a_fitted_matched,draw39,9.304637,0.29164408350874954,27.85000542783161,-0.06406944470709165,0.793625,0.999575
