seed,gain,n,acc,slope,w0,w1,w2,w3,w4,w5,w6,w7
42,0.8,2000,0.851,0.04423764613217156,0.02443348443681902,0.037903665706232555,0.039423653838932225,0.03836600788518626,0.10532302064224557,0.17801235674249807,0.22098640059231844,0.3555514100374226
42,1.0,2000,0.869,0.007770339476562445,0.10356988994160438,0.11095884854606254,0.11208256296520526,0.09560505970140899,0.12380995285608494,0.1515249438101066,0.16559062097370184,0.13685812111355705
42,1.2,2000,0.8645,-0.021519072578416953,0.2519165038745451,0.15614820397055013,0.13291856414819617,0.11183084761451165,0.10037884324363085,0.10133213661237785,0.0877792828427199,0.057695617593182556
43,0.8,2000,0.8665,0.027983659131128557,0.06711605799861714,0.04995556799179631,0.0721296623495616,0.09040147513049533,0.09987380300253083,0.15940197594911218,0.21446092900211394,0.24666052846897768
43,1.0,2000,0.8775,-0.009892053581653572,0.19698522316053751,0.1562152077903443,0.11208114867636848,0.09444694792736637,0.1077334300898761,0.09629455253075966,0.1452955107357795,0.09094797897314323
43,1.2,2000,0.8395,-0.03839010823842208,0.39015123666888313,0.17633620237606473,0.12588555263704557,0.06676547232855379,0.09416211902964307,0.04930986871215908,0.04571292755303476,0.05167662054906356
44,0.8,2000,0.8585,0.029735889792257983,0.04756087780074035,0.05002894654545727,0.0914353686613739,0.09709752917515008,0.10192062263582767,0.14234631054638774,0.18197135538467812,0.28763898912043284
44,1.0,2000,0.883,0.002593824700322136,0.1284639195280603,0.10795648337641757,0.12455123893351625,0.12959572768715313,0.10472254619236367,0.12675925136458532,0.13524777855302852,0.14270305426314403
44,1.2,2000,0.867,-0.020358801104908397,0.24174982205025605,0.17018122405792946,0.13367315790761333,0.1032239984092887,0.09283392637300818,0.09781330089905066,0.08634338323923796,0.0741811869564159
45,0.8,2000,0.867,0.03291495030063307,0.034345330509496536,0.0470387828028151,0.06760355132713733,0.08045080266222364,0.13702740804965058,0.15688939198439228,0.21024010116331424,0.2664046313797095
45,1.0,2000,0.877,-0.007589511769071717,0.17348709661738743,0.13748314638143352,0.13528899960869886,0.09670926972732331,0.11521816484471448,0.1199936614117419,0.13052704500963638,0.09129261629316462
45,1.2,2000,0.851,-0.0336293270495565,0.3468953303124493,0.17234622273349312,0.13237834378361132,0.0837478469217674,0.07874797006876945,0.06569503055941495,0.08557000906028706,0.03461924641657343
46,0.8,2000,0.851,0.040897443639299494,0.03185961891354444,0.05075872438971468,0.060862899181375094,0.049099107522882025,0.07761235652175058,0.14369873285318294,0.23379222666745697,0.3523163338132808
46,1.0,2000,0.875,-0.004161971843811049,0.11627403119867584,0.15393125241891162,0.14713547217835815,0.1275342337293962,0.12004692269810628,0.10420612681743824,0.12292976660937704,0.10794219423890357
46,1.2,2000,0.851,-0.03746247462210116,0.3367452657924393,0.19244440444954375,0.1472330658240477,0.09784441079748311,0.07872310822434503,0.06576230059228579,0.06630374827271641,0.014943695920448186
47,0.8,2000,0.8765,0.03016768820109979,0.06458485598915652,0.057177879317460135,0.07375676462751882,0.06933732107643115,0.10325407177267376,0.14398886755186688,0.19392276946761622,0.2939774700852016
47,1.0,2000,0.879,-0.005219908856950363,0.1675332744841566,0.113011463375273,0.1424985427868008,0.11258402229809429,0.12414908480410895,0.10853479823575263,0.1160888160019914,0.11559999791697187
47,1.2,2000,0.8645,-0.03121665214228739,0.31532256750047594,0.18529454156047004,0.1318347128028658,0.0857587969872887,0.09375655260081613,0.07325788088777119,0.06207999614146396,0.052694951396853616
48,0.8,2000,0.854,0.043202055693205586,0.022010731630547585,0.055097928856223895,0.04028750568128965,0.05897032186267465,0.09927751639423824,0.1188379621682467,0.2280236765147788,0.37749435676541343
48,1.0,2000,0.8715,0.006750034464433226,0.11458185900280746,0.12698130464221405,0.10931502790070441,0.08913905659918618,0.11842463449418242,0.12589801994172362,0.14233640199338374,0.1733236953225915
48,1.2,2000,0.8595,-0.022370151817772816,0.25595311334736276,0.18983154094320956,0.1311786169705128,0.08223992086255026,0.09194598709827223,0.07664489854569381,0.09490481018188465,0.07730111194056874
49,0.8,2000,0.872,0.030059623309560617,0.044609584598271475,0.045291671767700104,0.09961322506265541,0.06494015496225808,0.1342627708588966,0.14347459350349373,0.20591445309944922,0.26189354604472764
49,1.0,2000,0.879,-0.009931938917649898,0.18818267151584656,0.1320759970833824,0.12855454797817772,0.10765216771262295,0.13056493210912995,0.10438968991072889,0.13355116419964258,0.07502882939326747
49,1.2,2000,0.847,-0.035503148577123694,0.359139987817165,0.18993809850696872,0.1150154322400739,0.08619237183301537,0.07939436823866779,0.05303109862202386,0.07343178353066857,0.04385685908168021
50,0.8,2000,0.851,0.04540021126042423,0.04123561459329344,0.005550248805030598,0.02583156350177342,0.07155561751465375,0.10268376830754096,0.1642100512740041,0.21938863659708016,0.36954449927983757
50,1.0,2000,0.879,0.00684907751658482,0.1145648247256579,0.11666441997155373,0.10527846018862654,0.10994745922268721,0.10197378445824512,0.14849082796882096,0.14131330392422115,0.16176691944760735
50,1.2,2000,0.868,-0.022066478748265443,0.2706072707092329,0.14610037482058125,0.1095321244061974,0.11254321636521013,0.10916743241587949,0.12275745347797047,0.08508827145632035,0.04420385623794963
51,0.8,2000,0.8545,0.03004818978609307,0.05675121155536465,0.05371824771120451,0.08775927847167854,0.09305157906045236,0.0718816371867,0.15237962642851965,0.18700118840665905,0.29745723106361815
51,1.0,2000,0.8615,-0.009806563542659252,0.17362310359321323,0.163380011180788,0.1175921361822147,0.11607392318144573,0.10717506030457961,0.12129028228482466,0.09987175708296613,0.10099372608960858
51,1.2,2000,0.8395,-0.03383418539788576,0.34909614280106377,0.1813587444371423,0.09493884192466807,0.12435486066380956,0.0707374226844052,0.06921683518367364,0.06645072930122915,0.043846422866713516
52,0.8,2000,0.8545,0.035177962452347875,0.035648322450161446,0.06807575902336634,0.06324952607220649,0.05703250087783882,0.12167463479137627,0.13841884718983888,0.17829353259295197,0.33760687686199853
52,1.0,2000,0.876,0.007970551517699525,0.13556013816070828,0.09079756946509378,0.11009005287294418,0.09479626232883884,0.11768993830198494,0.11367177735320542,0.16148176869482286,0.17591249272130607
52,1.2,2000,0.862,-0.021528419317289736,0.23936086687923702,0.16007710252624838,0.1553676051372648,0.09846973861802079,0.1013162504255,0.09912853247218545,0.09528213121353081,0.050997772607666705
53,0.8,2000,0.844,0.04919555924065936,0.002743831231971395,0.01214500726554658,0.03677663423820263,0.07994949776689154,0.10633651763959569,0.14676934214291815,0.22548024978485864,0.38979891980796805
53,1.0,2000,0.8775,0.016422684864615726,0.08336721639037928,0.08282702604387411,0.0874548410782585,0.1087636510861829,0.13191335935459483,0.13899638679689758,0.1836529029774404,0.18302461618117363
53,1.2,2000,0.8695,-0.016760564941584986,0.20330350690575022,0.16754440112936678,0.14286546237923048,0.1067032074403841,0.09928120128445618,0.11046125777997973,0.11564651096655469,0.0541944520021217
54,0.8,2000,0.833,0.05427755092302087,0.009931435468543711,0.008678266994535949,0.022561604720053086,0.045742594437664444,0.09131752269693852,0.13400968577777705,0.2610028695281852,0.42675602024469544
54,1.0,2000,0.877,0.01294015979865717,0.09286921985685154,0.08416140917257713,0.09750449693092478,0.12204168687058083,0.13605384513811392,0.11959363997097154,0.17842224659209355,0.16935345537141536
54,1.2,2000,0.8725,-0.016266973549285565,0.22049580116326886,0.14052752144633107,0.13470897751305194,0.14378893361181205,0.09566597387376304,0.07687926454358093,0.10712007911869058,0.08081344861250836
55,0.8,2000,0.8545,0.04333973489256454,0.023117872670987763,0.033876980796319546,0.04146195787326369,0.08256245273978606,0.0628363966282799,0.17755357607406566,0.23346819827806772,0.3451225648246708
55,1.0,2000,0.8745,-0.0014718741251522414,0.1541156957302635,0.1348634879913339,0.11009703683798047,0.10544122708603117,0.10241805289616612,0.13545175433864368,0.12342015493957505,0.13419259007796075
55,1.2,2000,0.8615,-0.03015080817756652,0.30712131108514024,0.17461102658013034,0.13430775797031275,0.10282220113158369,0.08200688264425057,0.09211308621064059,0.05574419123446943,0.05127354302500666
56,0.8,2000,0.8615,0.04507708181536702,0.03373472634474816,0.01910790338245323,0.03398536469936425,0.05598594008520441,0.11382904059211552,0.12652434189594114,0.26756566920737485,0.34926701366897395
56,1.0,2000,0.8855,0.009809955498129474,0.11242869182998275,0.07561751254705251,0.12230712719569342,0.10176238192783446,0.13118773403417228,0.13020257473789215,0.17472243532113096,0.15177154229277548
56,1.2,2000,0.855,-0.02302205606293734,0.29266065301033894,0.1293820838310487,0.12295306783371698,0.10066064420401982,0.11375650343679038,0.09469470854562902,0.09394243671525722,0.05194990228515517
57,0.8,2000,0.8595,0.04035292782919022,0.00938302150617236,0.051382816280818436,0.030919828874254776,0.10447904231269371,0.10819526279377863,0.15655712593390717,0.22098362863551815,0.3180992735373778
57,1.0,2000,0.8755,0.0018246885714910499,0.14161747298008734,0.10405804363244503,0.11715412612501105,0.12081489042284364,0.11796577505311158,0.12337041643670137,0.13802415662156814,0.13699511862212926
57,1.2,2000,0.8555,-0.03131118982122211,0.30759339591584395,0.173503119336259,0.1215585358877578,0.12253275671225002,0.09973312989236766,0.09250435406156136,0.03876568051158177,0.04380902755001531
58,0.8,2000,0.857,0.026268853919854493,0.05293710571479091,0.07071891794725345,0.09277243491016424,0.11394322997431301,0.07061049627182438,0.1624279560851695,0.14551239170264366,0.29107746723883365
58,1.0,2000,0.8695,-0.00587488123922498,0.1721072241327887,0.14224282868325178,0.11414378205462945,0.11230816093151774,0.11155171543086943,0.11213046026431679,0.10966984969584777,0.12584597866331826
58,1.2,2000,0.856,-0.024659173569416954,0.29513498387461334,0.17437219977599674,0.11009532755865131,0.10406806316886742,0.0728216974925231,0.08125385167070374,0.07578551729846497,0.08646835900273063
59,0.8,2000,0.8525,0.044328221078764024,0.02636971397983,0.022024788844524513,0.04573299882308796,0.07026164508609697,0.09459915244402835,0.14196948413759622,0.24402998328126832,0.355012233284259
59,1.0,2000,0.8745,0.0029629032038986265,0.13429392600074314,0.0933616049445744,0.13479797533118348,0.10662106180949393,0.12187986969710217,0.13256523095802064,0.14408675850207078,0.13239357265386925
59,1.2,2000,0.8615,-0.02602210553250886,0.2874373189913815,0.15210099655807904,0.16485433759752832,0.09668742790618284,0.0706502723311572,0.07515874740961263,0.09497150820456807,0.058139390873607526
60,0.8,2000,0.8555,0.04285443733153085,0.020725203746017502,0.03359360693576945,0.06143705621515095,0.06344973324977268,0.09087127886234571,0.13025151289636488,0.2593744873516108,0.3402971206193275
60,1.0,2000,0.8795,0.010190786230719997,0.12253741094589397,0.07556755708810561,0.11294971050087979,0.10655998471201165,0.09522881389373453,0.15527293699477188,0.17359895178221188,0.15828463398111528
60,1.2,2000,0.8635,-0.018138116445918895,0.23400744472938056,0.16372557154572948,0.11788365939373509,0.12148894319104106,0.09232559429812598,0.08948064199268303,0.11008321129528426,0.07100493342811047
61,0.8,2000,0.8645,0.035848589876237444,0.04563175480156978,0.05082014170882465,0.05984610608441001,0.07617652760952939,0.10945554167807776,0.10935403279974337,0.21900475944429548,0.3297111357604331
61,1.0,2000,0.8765,0.009107322170822784,0.08748898073249739,0.12460490278507184,0.12436067153407221,0.11294187236742945,0.10796151297428266,0.1018948047871811,0.15619519100559603,0.1845520637153992
61,1.2,2000,0.8705,-0.00955921237340006,0.17486279586074485,0.16963878212374742,0.1146641684107525,0.12070264153555471,0.09727607227749377,0.09024297018030497,0.1311690901129738,0.10144347938041126
