g_mean,g_sd,g_hdi_lo,g_hdi_hi,g_rhat,g_ess,v_mean,v_sd,v_hdi_lo,v_hdi_hi,v_rhat,v_ess,a_bias_mean,a_bias_sd,a_bias_hdi_lo,a_bias_hdi_hi,a_bias_rhat,a_bias_ess,p_g_gt0,seed,gain,n_trials,secs
4.5458478927612305,0.23615722358226776,4.11397647857666,5.002986431121826,1.0015588998794556,2448.7282003937103,56.04552459716797,3.047917127609253,50.586734771728516,62.126808166503906,1.0008341073989868,2727.2411975765544,1.0648787021636963,0.5215588212013245,0.08853276818990707,2.0500195026397705,1.0001444816589355,2939.2604494491948,1.0,42,0.8,2000,11.563130855560303
2.7131593227386475,0.21713270246982574,2.279529333114624,3.0903480052948,0.9994009137153625,1938.57743921121,50.3785285949707,2.7741336822509766,45.27660369873047,55.535484313964844,0.9998574256896973,2027.6442838684222,-1.284456729888916,0.25475558638572693,-1.7860506772994995,-0.8349782824516296,0.9998911619186401,2083.5093859677245,1.0,43,0.8,2000,8.816338062286377
2.8628814220428467,0.24101406335830688,2.42006778717041,3.3135321140289307,0.9994617104530334,2060.4297691014617,41.534385681152344,2.0799973011016846,37.690269470214844,45.44648361206055,1.001076340675354,2423.285013018565,-1.3278627395629883,0.26047104597091675,-1.7981387376785278,-0.8462022542953491,0.9997649192810059,2101.1869339086493,1.0,44,0.8,2000,11.276094913482666
2.985170364379883,0.22201861441135406,2.5628058910369873,3.3876547813415527,1.0003132820129395,2782.2554937933214,45.74651336669922,2.3650107383728027,41.410770416259766,50.35970687866211,1.0007879734039307,2709.69232032475,-0.38557109236717224,0.21242845058441162,-0.7997762560844421,-0.003634611377492547,0.9996353983879089,3058.3857004160805,1.0,45,0.8,2000,9.355122327804565
4.039428234100342,0.23497122526168823,3.6216962337493896,4.492473125457764,1.001841425895691,1981.7952003358193,44.31475067138672,2.2657651901245117,39.99940872192383,48.52406311035156,1.0005943775177002,2017.3353115151413,-3.125720262527466,0.5114913582801819,-4.13210391998291,-2.2025187015533447,1.0013874769210815,1843.3891780997617,1.0,46,0.8,2000,11.55826187133789
3.074645519256592,0.23288655281066895,2.610487461090088,3.489691734313965,1.0006816387176514,2881.3509468047746,49.611968994140625,2.6680173873901367,44.89863204956055,54.85838317871094,0.9993854761123657,3329.2975911198732,-0.16823984682559967,0.23218858242034912,-0.6282152533531189,0.2532857656478882,0.9996507167816162,2764.7846052960213,1.0,47,0.8,2000,9.52547574043274
4.667418003082275,0.26364243030548096,4.2023797035217285,5.188475608825684,1.0002403259277344,2897.1849503035037,51.1439094543457,2.727025032043457,46.097801208496094,56.32255172729492,0.9992218017578125,2928.1854905227556,-1.6916418075561523,0.5283414721488953,-2.691056251525879,-0.6946853399276733,1.00030517578125,2983.5620934338735,1.0,48,0.8,2000,10.720629692077637
2.8310418128967285,0.2074888050556183,2.4132518768310547,3.198244571685791,0.9999305605888367,3173.1128319273757,53.73980712890625,2.9871580600738525,48.38901901245117,59.55593490600586,0.9996052980422974,2978.277271186087,0.3291480243206024,0.21510611474514008,-0.0702064037322998,0.7247347831726074,1.0007258653640747,3157.8642785220445,1.0,49,0.8,2000,9.488764762878418
4.489443302154541,0.23701702058315277,4.061552047729492,4.947902202606201,1.0014601945877075,2453.7901693713807,48.568878173828125,2.4843032360076904,44.08174514770508,53.2918586730957,1.0001064538955688,2788.4032783639104,-2.6000664234161377,0.5193266868591309,-3.5582523345947266,-1.608607530593872,1.000088095664978,2451.4836122554166,1.0,50,0.8,2000,11.464723348617554
2.8630170822143555,0.20874176919460297,2.437304735183716,3.223789691925049,1.0008147954940796,1268.147222175506,46.09111785888672,2.4790096282958984,41.568397521972656,50.69886779785156,1.002221941947937,1390.1497739487936,-2.860792398452759,0.39732226729393005,-3.564560651779175,-2.092778205871582,1.0015259981155396,1057.926092632927,1.0,51,0.8,2000,13.43834376335144
3.628269910812378,0.23989848792552948,3.155599594116211,4.055330276489258,1.0000401735305786,1697.2596815817406,41.22623825073242,2.082777738571167,36.934051513671875,44.80462646484375,1.001792073249817,1965.2228557178748,2.3197507858276367,0.418698251247406,1.5334978103637695,3.0912222862243652,0.9996387958526611,1746.8352893303872,1.0,52,0.8,2000,10.234647750854492
4.5561933517456055,0.22372564673423767,4.152496814727783,4.9902801513671875,0.9999887943267822,2557.6704039682127,52.29335021972656,2.743896722793579,47.086692810058594,57.45930099487305,0.9998360276222229,2854.084848327671,-3.194841146469116,0.5504887104034424,-4.240381717681885,-2.1642961502075195,1.0004527568817139,2411.711945881142,1.0,53,0.8,2000,10.276323080062866
5.227043151855469,0.24706986546516418,4.7603254318237305,5.6706342697143555,0.999963104724884,2955.617896197895,50.134544372558594,2.5634958744049072,45.22412872314453,54.82331848144531,1.0000195503234863,2952.6161953861642,-3.8992760181427,0.6642122864723206,-5.131082534790039,-2.672968864440918,1.0011534690856934,2760.690057327441,1.0,54,0.8,2000,9.01550006866455
4.452964782714844,0.23731446266174316,4.029271602630615,4.90988826751709,0.9998905658721924,3121.928276153145,55.51875686645508,2.957784414291382,49.967193603515625,60.98954772949219,0.9996944069862366,3231.2193811675074,-0.14474037289619446,0.48401111364364624,-1.0233681201934814,0.7936848402023315,0.9994112253189087,3045.786632847626,1.0,55,0.8,2000,9.683859825134277
4.702591896057129,0.23429328203201294,4.279702663421631,5.150516510009766,1.00043523311615,2516.448698103569,53.20793151855469,2.774526357650757,48.211151123046875,58.5186767578125,0.9998562335968018,2654.783730674267,2.073437452316284,0.575136661529541,1.0523065328598022,3.2225594520568848,1.001325249671936,2526.7178456778715,1.0,56,0.8,2000,9.187830209732056
3.866405487060547,0.24726928770542145,3.428576946258545,4.362982273101807,1.0008193254470825,2682.432366528362,47.28330612182617,2.4457132816314697,42.64462661743164,51.75754165649414,0.999979555606842,3154.5084181286907,-0.2902887463569641,0.3412587642669678,-0.9442062377929688,0.315786749124527,0.9999141693115234,2901.164811928588,1.0,57,0.8,2000,9.5086669921875
2.5412044525146484,0.26445624232292175,2.05645751953125,3.0364863872528076,0.9998177886009216,2544.491854522543,32.98806381225586,1.5896594524383545,29.86334228515625,35.87139129638672,1.0001273155212402,2439.785309030962,-0.5778428912162781,0.16158811748027802,-0.8731168508529663,-0.27552300691604614,1.0007820129394531,2107.6255045969497,1.0,58,0.8,2000,8.00399112701416
4.447994232177734,0.23222716152668,4.005180835723877,4.886188983917236,0.9997321367263794,3076.6676496998407,54.46672821044922,2.925334930419922,49.062034606933594,59.898094177246094,0.999948263168335,2844.1252254662504,-2.136063575744629,0.5125855207443237,-3.086422920227051,-1.1820348501205444,1.0008662939071655,3074.055001153962,1.0,59,0.8,2000,9.27503776550293
4.099676132202148,0.2187035232782364,3.714289665222168,4.535164833068848,0.9997228980064392,2399.127785632547,49.47773742675781,2.594425916671753,44.60680389404297,54.4771842956543,1.002070665359497,2382.9448994404825,-3.0288026332855225,0.5124342441558838,-3.972045421600342,-2.0916860103607178,0.9994961619377136,2190.682348508991,1.0,60,0.8,2000,10.542495012283325
3.672513961791992,0.21736450493335724,3.268112897872925,4.076234340667725,0.9996919631958008,2142.7412487930874,52.13331985473633,2.7392094135284424,47.46619415283203,57.57114028930664,1.0003962516784668,2691.396880406278,1.9173262119293213,0.40057477355003357,1.2073205709457397,2.689976215362549,1.0009779930114746,2287.1709881160637,1.0,61,0.8,2000,8.346226930618286
0.7609339356422424,0.1734107881784439,0.4377110004425049,1.0935304164886475,1.0000189542770386,2671.820401390114,51.90373611450195,3.027148485183716,46.07273864746094,57.36512756347656,1.0003297328948975,2594.8154455560125,-0.6915507912635803,0.09946886450052261,-0.8795587420463562,-0.5056576728820801,1.000961422920227,2422.043156027433,1.0,42,1.0,2000,6.195394992828369
-0.8726142048835754,0.21303564310073853,-1.2681291103363037,-0.4826037585735321,0.9992766380310059,3264.8233457367087,39.00952911376953,1.9372146129608154,35.54331588745117,42.69148254394531,1.0011078119277954,3075.147489967797,-0.09055878967046738,0.0377349816262722,-0.16180028021335602,-0.02085990458726883,0.9995051622390747,3451.710259400685,0.0,43,1.0,2000,5.031069040298462
0.2609856426715851,0.18480513989925385,-0.07964903861284256,0.6114561557769775,1.0000765323638916,3249.492095640744,45.98714828491211,2.4729526042938232,41.65205001831055,50.839481353759766,1.0013397932052612,3110.940301205212,-0.2853665053844452,0.06127156317234039,-0.3945966064929962,-0.16233177483081818,1.0009921789169312,2999.3787428462515,0.92725,44,1.0,2000,5.368683099746704
-0.5573054552078247,0.1915125995874405,-0.9197434186935425,-0.20449954271316528,0.9997425675392151,3238.2561868967714,42.57277297973633,2.2133827209472656,38.257415771484375,46.54802703857422,1.0006972551345825,3303.602292829019,-0.1643693596124649,0.043281495571136475,-0.24035736918449402,-0.080004021525383,1.00007963180542,3344.5953408882883,0.00025,45,1.0,2000,5.27093505859375
-0.2577363848686218,0.18687225878238678,-0.6290138959884644,0.0775236114859581,1.00007963180542,2752.9730706816385,42.54609298706055,2.2545104026794434,38.68938446044922,47.13970947265625,1.0000935792922974,2475.2231345216323,-0.4195316433906555,0.05666840448975563,-0.5247889161109924,-0.3117830157279968,1.0007027387619019,2328.312039387062,0.08225,46,1.0,2000,5.493288040161133
-0.26235079765319824,0.18693147599697113,-0.6010808348655701,0.09311418235301971,0.9993510246276855,4100.264991222287,46.198734283447266,2.413800001144409,41.65568542480469,50.620140075683594,0.9997296929359436,4102.312696122768,-0.11424216628074646,0.04803258180618286,-0.20492713153362274,-0.02576950192451477,0.9994745254516602,3871.139417992316,0.07925,47,1.0,2000,5.4253928661346436
0.6309508085250854,0.19507651031017303,0.2674510180950165,0.9879945516586304,0.9997179508209229,2904.358919950334,45.31816101074219,2.446286678314209,41.0410270690918,50.10487365722656,1.0014429092407227,2927.932801693648,-0.30007508397102356,0.07409437000751495,-0.44336938858032227,-0.16939309239387512,1.0018528699874878,2711.8687246033483,0.9995,48,1.0,2000,4.969399690628052
-0.7817484140396118,0.1844673901796341,-1.1581428050994873,-0.4552857279777527,0.9995522499084473,3570.1027469982896,47.092227935791016,2.5229592323303223,42.48377990722656,51.74440002441406,1.0002869367599487,3562.0219876573815,0.020193761214613914,0.040047433227300644,-0.05872378125786781,0.09068776667118073,1.001345157623291,3438.3887528028504,0.0,49,1.0,2000,4.558327913284302
0.6120439171791077,0.1864839643239975,0.2601591944694519,0.9526633620262146,0.9995620846748352,3056.881768193981,49.92449188232422,2.7333030700683594,44.368927001953125,54.67242431640625,1.0006122589111328,3017.25278830137,-0.44352442026138306,0.079669289290905,-0.5958767533302307,-0.30069902539253235,0.999761700630188,2545.569568325229,0.9995,50,1.0,2000,5.383558988571167
-0.8902356028556824,0.18734462559223175,-1.257110834121704,-0.5587872862815857,1.001590371131897,2358.8976171238355,47.56105041503906,2.646618127822876,42.59585189819336,52.33272171020508,1.0005309581756592,2392.2566780504326,-0.5245814323425293,0.0562458261847496,-0.6379949450492859,-0.42811116576194763,1.001526951789856,2262.346244387636,0.0,51,1.0,2000,6.877356052398682
0.7488037347793579,0.20123258233070374,0.3677411675453186,1.1170110702514648,1.0011072158813477,4206.591513246834,45.37831115722656,2.437495708465576,40.892242431640625,50.08732986450195,0.9999334216117859,4065.13587957403,-0.05258972570300102,0.07270197570323944,-0.18817850947380066,0.0812908485531807,0.9999337792396545,3977.3222305170393,1.0,52,1.0,2000,4.871090888977051
1.483266830444336,0.17348138988018036,1.1578789949417114,1.8207670450210571,1.001561164855957,2357.827511461663,55.843040466308594,3.316035032272339,49.88273239135742,62.18655776977539,1.0021953582763672,2371.1089000614143,-0.8915323615074158,0.13789547979831696,-1.1464725732803345,-0.6321966648101807,1.0001899003982544,2023.2769948904734,1.0,53,1.0,2000,5.702232122421265
1.2083745002746582,0.17572030425071716,0.8793035745620728,1.5323240756988525,0.9993817210197449,3577.4134950804128,50.81354522705078,2.8916163444519043,45.48866271972656,56.49394226074219,0.999546468257904,3552.4360045514136,-0.35709235072135925,0.09585264325141907,-0.5390357375144958,-0.17975863814353943,0.9998535513877869,2665.653769167021,1.0,54,1.0,2000,4.902300119400024
-0.04693444073200226,0.19027434289455414,-0.40204107761383057,0.30565258860588074,1.0000308752059937,4113.894056450005,44.452064514160156,2.282327175140381,40.28142547607422,48.825836181640625,0.999553918838501,3680.953796544072,-0.09080304205417633,0.049613066017627716,-0.18718014657497406,-0.001875877263955772,0.9998155236244202,3710.955807008753,0.40175,55,1.0,2000,4.80230975151062
1.0167524814605713,0.18874596059322357,0.6519115567207336,1.353415846824646,0.9997606873512268,2311.103902693229,41.75199508666992,2.1735587120056152,37.69966125488281,45.775917053222656,1.0010812282562256,2040.7877042723842,0.6838101744651794,0.10575757175683975,0.4988827109336853,0.8871305584907532,1.0009379386901855,2045.2021221258904,1.0,56,1.0,2000,6.063899040222168
0.26578474044799805,0.18743707239627838,-0.09528499096632004,0.6088376045227051,0.9994028806686401,3401.1880746666056,43.140960693359375,2.185642957687378,39.112064361572266,47.37318420410156,0.9993687868118286,3386.1983586104207,0.13910484313964844,0.057577598839998245,0.028760656714439392,0.24416962265968323,0.9994773268699646,3310.0829889167235,0.92125,57,1.0,2000,5.691070795059204
-0.6524422764778137,0.24440708756446838,-1.116190791130066,-0.21203911304473877,1.000948429107666,3087.183987993892,31.700775146484375,1.4743467569351196,28.958860397338867,34.467716217041016,1.000915765762329,2984.126629467061,0.033344537019729614,0.035517264157533646,-0.034743763506412506,0.09841132164001465,1.0003540515899658,2784.7382029049013,0.00425,58,1.0,2000,4.786478042602539
0.39094996452331543,0.18710924685001373,0.049917202442884445,0.7481417655944824,0.9997632503509521,3011.0925195030904,44.56661605834961,2.304976224899292,40.279380798339844,48.76981735229492,1.000360131263733,2913.1330478221257,-0.4099786877632141,0.0704367533326149,-0.5347332954406738,-0.2762755751609802,0.9998921751976013,2641.60633051705,0.98075,59,1.0,2000,4.975130319595337
0.943437397480011,0.19277724623680115,0.5906062722206116,1.3163292407989502,1.0005242824554443,2758.5924377365195,46.65045166015625,2.564246892929077,41.72932052612305,51.21572494506836,1.0008258819580078,2662.716702283421,-0.591824471950531,0.1002921313047409,-0.7774369120597839,-0.40996482968330383,1.0014493465423584,2170.5642415138336,1.0,60,1.0,2000,5.238374710083008
0.969504177570343,0.1818780153989792,0.6204190850257874,1.3077882528305054,1.0002002716064453,2565.2669610987996,48.61035919189453,2.664874315261841,43.6423454284668,53.637760162353516,1.0000275373458862,2683.5577450578735,0.535261869430542,0.09970914572477341,0.3587822914123535,0.7282178997993469,1.0002363920211792,2321.3124332519715,1.0,61,1.0,2000,5.397490739822388
-2.04001784324646,0.20026901364326477,-2.420870542526245,-1.664769172668457,1.00099778175354,2494.016744459007,50.304840087890625,2.7718770503997803,45.43519592285156,56.00626754760742,1.0003318786621094,2808.1594192953876,-0.30830907821655273,0.03624240681529045,-0.3783685863018036,-0.24311907589435577,1.0016816854476929,2471.8762981122636,0.0,42,1.2,2000,18.340838193893433
-5.163522243499756,0.31781110167503357,-5.754676818847656,-4.56077241897583,1.0000933408737183,2698.80050763994,45.848960876464844,2.3934123516082764,41.529762268066406,50.55305862426758,1.0003570318222046,2561.2079144688078,-0.07848014682531357,0.01661364734172821,-0.10919227451086044,-0.047327280044555664,0.9996851086616516,2932.4528568984406,0.0,43,1.2,2000,16.551203966140747
-2.012652635574341,0.20767316222190857,-2.4072070121765137,-1.6179888248443604,0.9996821880340576,3013.0564018631685,47.09992980957031,2.55250883102417,42.45348358154297,51.90522766113281,0.9999871850013733,2836.787631827725,-0.1904773861169815,0.03058142028748989,-0.24361789226531982,-0.13005243241786957,0.9997009634971619,2731.212041757042,0.0,44,1.2,2000,14.448683023452759
-4.06982421875,0.28254541754722595,-4.563412666320801,-3.4837656021118164,0.9999616146087646,2796.5196532429504,41.008445739746094,2.135805130004883,36.954734802246094,45.01742935180664,1.000463604927063,2801.3742793921,-0.01240029837936163,0.0169465783983469,-0.04260388761758804,0.020248716697096825,0.9998161196708679,3035.0629117801586,0.0,45,1.2,2000,16.343480825424194
-3.94173526763916,0.25774672627449036,-4.414762496948242,-3.4509289264678955,0.9999902844429016,2653.5568536468454,45.405452728271484,2.388958215713501,41.08692169189453,50.099082946777344,1.0007394552230835,2636.0291890365847,-0.1257023960351944,0.020574530586600304,-0.16371013224124908,-0.08704569190740585,1.001366138458252,3155.6636266986243,0.0,46,1.2,2000,15.023760795593262
-3.4366366863250732,0.2484433799982071,-3.891693115234375,-2.9766182899475098,1.0006974935531616,2921.142206166449,46.146602630615234,2.4288582801818848,41.73049545288086,50.73139190673828,1.0014753341674805,2654.075330173637,-0.037266992032527924,0.02049163170158863,-0.07652769237756729,-0.0007557235076092184,0.9999071359634399,3212.8449792263427,0.0,47,1.2,2000,13.200275897979736
-2.4242968559265137,0.22341488301753998,-2.8157763481140137,-1.9789390563964844,0.9995928406715393,3125.0921510658072,48.3601188659668,2.715068817138672,43.35273742675781,53.55485534667969,1.0035606622695923,2829.891917458197,-0.10253509879112244,0.02717662788927555,-0.15151111781597137,-0.04945247992873192,1.0005812644958496,2928.069301161642,0.0,48,1.2,2000,16.197105884552002
-4.308130741119385,0.2776443064212799,-4.803064823150635,-3.7709450721740723,1.000704050064087,2834.2272463029835,47.096553802490234,2.503028631210327,42.211753845214844,51.481224060058594,0.999638020992279,2757.729849245819,0.015584038570523262,0.017827922478318214,-0.016470015048980713,0.05111102759838104,1.0014046430587769,3272.504905016258,0.0,49,1.2,2000,15.741417407989502
-2.1628990173339844,0.22148707509040833,-2.5871570110321045,-1.755531907081604,0.9998316168785095,3015.94026275578,44.52826690673828,2.3402292728424072,40.03842544555664,48.62354278564453,0.9996704459190369,3156.5559054898235,-0.11508294194936752,0.027388932183384895,-0.16593699157238007,-0.06411316245794296,0.9991676211357117,2908.225923512302,0.0,50,1.2,2000,16.91709589958191
-4.023038387298584,0.2857193350791931,-4.566054821014404,-3.484609603881836,0.9995471835136414,2908.101392506083,42.90742492675781,2.336519479751587,38.501502990722656,47.24516296386719,1.0010054111480713,2771.7641780754925,-0.20539109408855438,0.02150004170835018,-0.24700453877449036,-0.16665759682655334,1.0010957717895508,2727.285222046584,0.0,51,1.2,2000,14.758387804031372
-2.1880674362182617,0.22686387598514557,-2.59173321723938,-1.7327589988708496,1.0001379251480103,3246.331017730236,41.19768142700195,2.1588728427886963,37.116031646728516,45.31554412841797,1.0001888275146484,3280.91256910155,-0.07419022172689438,0.02611861191689968,-0.12169922143220901,-0.024825988337397575,1.0009212493896484,3288.2356002019105,0.0,52,1.2,2000,15.682671070098877
-1.465773344039917,0.20015466213226318,-1.8532803058624268,-1.0990434885025024,1.000915288925171,3306.3734396836076,43.04090881347656,2.303173303604126,38.75728988647461,47.24620819091797,0.9995692372322083,2954.658343185959,-0.1938924342393875,0.03268137946724892,-0.25235891342163086,-0.1298881471157074,1.0010286569595337,3040.9559367144866,0.0,53,1.2,2000,15.462671279907227
-1.5136618614196777,0.205336794257164,-1.8976331949234009,-1.1232566833496094,0.9991744756698608,3975.1334158830764,41.13873291015625,2.091724157333374,37.133060455322266,44.923583984375,0.9992056488990784,3572.538921823811,-0.0805092304944992,0.030865151435136795,-0.13771572709083557,-0.022159181535243988,1.0003832578659058,3161.5314486608104,0.0,54,1.2,2000,14.901083946228027
-3.038501739501953,0.24002023041248322,-3.491149425506592,-2.5946812629699707,1.0000773668289185,3128.631754136278,43.8465461730957,2.2897167205810547,39.741905212402344,48.294105529785156,1.0004775524139404,2921.314092244022,-0.05743594840168953,0.021877530962228775,-0.09921489655971527,-0.01670963317155838,0.9998548626899719,2724.3640222248223,0.0,55,1.2,2000,15.329792022705078
-2.4279489517211914,0.2585207521915436,-2.8965892791748047,-1.9247275590896606,1.0002086162567139,2694.3722348050214,36.45088195800781,1.8079818487167358,33.083641052246094,39.816566467285156,1.000078558921814,2612.3618383130647,0.1920958310365677,0.026741575449705124,0.14052161574363708,0.24112485349178314,1.000306487083435,2770.4508954432567,0.0,56,1.2,2000,16.166460037231445
-3.1530885696411133,0.2589249312877655,-3.648613929748535,-2.655787944793701,1.0027661323547363,2637.8047256215723,40.52559280395508,2.116363286972046,36.48265838623047,44.50750732421875,1.0006144046783447,2925.278078172191,-0.006014422979205847,0.02037924714386463,-0.04320328310132027,0.03255131095647812,0.9995609521865845,3253.843780848901,0.0,57,1.2,2000,14.11415410041809
-2.9914422035217285,0.29442352056503296,-3.5374433994293213,-2.432785987854004,1.0012515783309937,2563.6574272987577,33.74325942993164,1.7123841047286987,30.794231414794922,37.11064147949219,1.0007902383804321,2683.81122594537,-0.015881136059761047,0.019459808245301247,-0.052697837352752686,0.021060585975646973,0.999584972858429,2914.9998301227347,0.0,58,1.2,2000,14.189931869506836
-2.825164794921875,0.24253125488758087,-3.2824110984802246,-2.376145601272583,1.0003191232681274,2697.9190825023857,40.74190139770508,2.1016898155212402,36.784393310546875,44.76249313354492,1.0006561279296875,2905.9884114759725,-0.16155977547168732,0.02361391671001911,-0.204544335603714,-0.1165766641497612,1.0005656480789185,2979.66365684039,0.0,59,1.2,2000,15.159936904907227
-1.9392755031585693,0.2331378161907196,-2.388676643371582,-1.5146070718765259,1.0001100301742554,2824.417720067674,39.59537887573242,2.0529205799102783,35.715946197509766,43.454532623291016,1.000507116317749,2795.6650928665017,-0.20129026472568512,0.03023643232882023,-0.2577696740627289,-0.14367327094078064,1.0004396438598633,2745.062087314444,0.0,60,1.2,2000,15.25888204574585
-0.9194926023483276,0.2087770700454712,-1.2845754623413086,-0.49123165011405945,0.9996861219406128,2276.0798768472014,38.348663330078125,1.8638906478881836,34.83222198486328,41.80769348144531,1.0004527568817139,2650.5065303465894,0.333678662776947,0.0446084700524807,0.25109878182411194,0.41721007227897644,0.9999426603317261,2455.5916263972513,0.0,61,1.2,2000,17.545655012130737
