g,v,a_bias,g_se,v_se,a_bias_se,nll,n,seed,gain,n_trials,secs,g_lo,g_hi,g_mean,g_sd,g_hdi_lo,g_hdi_hi,g_rhat,g_ess,v_mean,v_sd,v_hdi_lo,v_hdi_hi,v_rhat,v_ess,a_bias_mean,a_bias_sd,a_bias_hdi_lo,a_bias_hdi_hi,a_bias_rhat,a_bias_ess,p_g_gt0,secs_b,g_mle_minus_post,g_diff_in_se
4.5524046545077,56.1751872877018,1.4349203750261894,0.244089232087373,3.128130257712156,0.640718814837389,296.02821362290035,2000,42,0.8,2000,153.61068201065063,4.073989759616449,5.0308195493989505,4.5458478927612305,0.2361572235822677,4.11397647857666,5.002986431121826,1.0015588998794556,2448.7282003937103,56.04552459716797,3.047917127609253,50.58673477172851,62.126808166503906,1.0008341073989868,2727.2411975765544,1.0648787021636963,0.5215588212013245,0.088532768189907,2.0500195026397705,1.0001444816589355,2939.2604494491948,1.0,11.563130855560305,0.006556761746469242,0.026862150740521874
2.7175136131616706,50.53503221822095,-1.3309375108022854,0.2143128444716847,2.818435066576223,0.264208909818191,278.57232751864,2000,43,0.8,2000,146.19200921058655,2.2974604379971684,3.137566788326173,2.7131593227386475,0.2171327024698257,2.279529333114624,3.0903480052948,0.9994009137153624,1938.57743921121,50.3785285949707,2.774133682250977,45.27660369873047,55.53548431396485,0.9998574256896972,2027.6442838684225,-1.284456729888916,0.2547555863857269,-1.7860506772994995,-0.8349782824516296,0.99989116191864,2083.5093859677245,1.0,8.816338062286377,0.004354290423023155,0.020317449631902254
2.888292157988605,41.70014056441427,-1.3921707114051851,0.2501144658441001,2.169917218235524,0.2842316964748089,343.85340583020275,2000,44,0.8,2000,138.69594478607178,2.3980678049341693,3.378516511043041,2.8628814220428467,0.2410140633583068,2.42006778717041,3.3135321140289307,0.9994617104530334,2060.4297691014617,41.534385681152344,2.079997301101685,37.69026947021485,45.44648361206055,1.001076340675354,2423.285013018565,-1.3278627395629885,0.2604710459709167,-1.7981387376785278,-0.8462022542953491,0.999764919281006,2101.1869339086493,1.0,11.276094913482666,0.02541073594575849,0.10159642650016638
2.9515139477907972,45.563423877410806,-0.3934962155192502,0.2226398157850569,2.3968457711043,0.2156418303910393,317.74742945079583,2000,45,0.8,2000,138.52020406723022,2.5151399088520856,3.387887986729509,2.985170364379883,0.222018614411354,2.5628058910369873,3.3876547813415527,1.0003132820129397,2782.2554937933214,45.74651336669922,2.3650107383728027,41.410770416259766,50.35970687866211,1.0007879734039309,2709.69232032475,-0.3855710923671722,0.2124284505844116,-0.7997762560844421,-0.0036346113774925,0.9996353983879088,3058.3857004160805,1.0,9.355122327804564,-0.03365641658908558,-0.15116980074030642
4.45820552178619,47.25471225863253,-4.803203050673273,0.2730083129574142,2.554003197164277,1.003297001163322,350.7981894164828,2000,46,0.8,2000,154.15593600273132,3.923109228389658,4.993301815182722,4.039428234100342,0.2349712252616882,3.6216962337493896,4.492473125457764,1.001841425895691,1981.7952003358191,44.31475067138672,2.2657651901245117,39.99940872192383,48.52406311035156,1.0005943775177002,2017.3353115151413,-3.125720262527466,0.5114913582801819,-4.13210391998291,-2.2025187015533447,1.0013874769210815,1843.3891780997617,1.0,11.55826187133789,0.418777287685848,1.5339360298203517
3.043563017960336,49.38765671883658,-0.1795612976326281,0.2266399668200633,2.69930505741492,0.2313450932213729,294.9918997692446,2000,47,0.8,2000,145.15195512771606,2.599348682993012,3.4877773529276603,3.074645519256592,0.2328865528106689,2.610487461090088,3.489691734313965,1.0006816387176514,2881.3509468047746,49.611968994140625,2.6680173873901367,44.89863204956055,54.85838317871094,0.9993854761123656,3329.2975911198732,-0.1682398468255996,0.2321885824203491,-0.6282152533531189,0.2532857656478882,0.9996507167816162,2764.7846052960213,1.0,9.52547574043274,-0.03108250129625567,-0.1371448369516091
4.764280563523519,51.994857223081446,-2.4990124521879205,0.2741239098618402,2.826114684927411,0.7890722725880764,324.14374349636677,2000,48,0.8,2000,143.7391710281372,4.226997700194312,5.301563426852725,4.667418003082275,0.2636424303054809,4.2023797035217285,5.188475608825684,1.0002403259277344,2897.1849503035037,51.1439094543457,2.727025032043457,46.097801208496094,56.32255172729492,0.9992218017578124,2928.1854905227556,-1.6916418075561523,0.5283414721488953,-2.691056251525879,-0.6946853399276733,1.00030517578125,2983.5620934338735,1.0,10.720629692077637,0.09686256044124342,0.3533531988875491
2.8051299909967637,53.55400080110732,0.3378117977100004,0.2069654851523221,2.9871329594567593,0.2174704565801507,264.8880335194693,2000,49,0.8,2000,126.96253895759584,2.3994776400982123,3.210782341895315,2.8310418128967285,0.2074888050556183,2.4132518768310547,3.198244571685791,0.9999305605888368,3173.1128319273757,53.73980712890625,2.9871580600738525,48.38901901245117,59.55593490600586,0.9996052980422974,2978.277271186087,0.3291480243206024,0.21510611474514,-0.0702064037322998,0.7247347831726074,1.0007258653640747,3157.8642785220445,1.0,9.488764762878418,-0.02591182189996477,-0.12519875901479047
4.754245863862909,50.67576099831186,-4.031281615584441,0.267225923251858,2.729492864179954,0.9577553519441272,328.8085727041391,2000,50,0.8,2000,144.6957230567932,4.230483054289268,5.278008673436551,4.489443302154541,0.2370170205831527,4.061552047729492,4.947902202606201,1.0014601945877075,2453.7901693713807,48.568878173828125,2.4843032360076904,44.08174514770508,53.2918586730957,1.0001064538955688,2788.4032783639104,-2.6000664234161377,0.5193266868591309,-3.5582523345947266,-1.608607530593872,1.000088095664978,2451.4836122554166,1.0,11.464723348617554,0.26480256170836824,0.9909314129632335
3.1204726614578706,48.230982914227766,-3.5189562468521967,0.2436820753901723,2.7506445965060387,0.5941340125096102,305.1687554433522,2000,51,0.8,2000,148.00676202774048,2.642855793693133,3.5980895292226083,2.8630170822143555,0.2087417691946029,2.437304735183716,3.223789691925049,1.0008147954940796,1268.147222175506,46.09111785888672,2.4790096282958984,41.568397521972656,50.69886779785156,1.002221941947937,1390.1497739487936,-2.860792398452759,0.39732226729393,-3.564560651779175,-2.092778205871582,1.0015259981155396,1057.926092632927,1.0,13.43834376335144,0.25745557924351514,1.0565224333028571
3.845450026148415,42.455080232670056,2.9190850028976785,0.2763204381182649,2.177151440223943,0.6259209895408068,371.44577625957504,2000,52,0.8,2000,143.82069396972656,3.3038619674366165,4.387038084860214,3.628269910812378,0.2398984879255294,3.155599594116211,4.055330276489258,1.0000401735305786,1697.2596815817406,41.22623825073242,2.082777738571167,36.934051513671875,44.80462646484375,1.001792073249817,1965.2228557178748,2.3197507858276367,0.418698251247406,1.5334978103637695,3.0912222862243652,0.9996387958526612,1746.8352893303872,1.0,10.234647750854492,0.2171801153360371,0.785971956381613
4.9417063996370825,55.941085634445514,-5.645593553391204,0.2580369002205631,3.1215666940540134,1.2303954455811827,306.89757510637634,2000,53,0.8,2000,148.27146005630493,4.435954075204779,5.447458724069386,4.5561933517456055,0.2237256467342376,4.152496814727783,4.9902801513671875,0.9999887943267822,2557.6704039682127,52.29335021972656,2.743896722793579,47.086692810058594,57.45930099487305,0.9998360276222228,2854.084848327671,-3.194841146469116,0.5504887104034424,-4.240381717681885,-2.1642961502075195,1.000452756881714,2411.711945881142,1.0,10.276323080062866,0.385513047891477,1.4940229384322579
6.034096160584777,57.10072578401313,-12.517581945009644,0.2795609189716632,3.1029851395172696,2.9208779757881587,325.80222320635414,2000,54,0.8,2000,153.16470980644226,5.486156759400318,6.582035561769237,5.227043151855469,0.2470698654651641,4.7603254318237305,5.6706342697143555,0.999963104724884,2955.617896197895,50.134544372558594,2.5634958744049072,45.22412872314453,54.82331848144531,1.0000195503234863,2952.616195386164,-3.8992760181427,0.6642122864723206,-5.131082534790039,-2.672968864440918,1.0011534690856934,2760.690057327441,1.0,9.01550006866455,0.8070530087293086,2.886859192257531
4.418714357323743,55.29959219526413,-0.1752421746031837,0.2417710587427894,3.024040889965842,0.5444391561424178,292.4579883235342,2000,55,0.8,2000,148.6369652748108,3.9448430821878753,4.8925856324596095,4.452964782714844,0.2373144626617431,4.029271602630615,4.90988826751709,0.9998905658721924,3121.928276153145,55.51875686645508,2.957784414291382,49.967193603515625,60.98954772949219,0.9996944069862366,3231.219381167507,-0.1447403728961944,0.4840111136436462,-1.0233681201934814,0.7936848402023315,0.9994112253189088,3045.786632847626,1.0,9.683859825134276,-0.034250425391101125,-0.1416647036630583
4.854843563787745,54.55029358346224,3.2689610252520778,0.2505107306114182,2.9640264617866565,0.9104958989344576,310.73290418593666,2000,56,0.8,2000,152.87220406532288,4.363842531789365,5.345844595786125,4.702591896057129,0.2342932820320129,4.279702663421631,5.150516510009766,1.00043523311615,2516.448698103569,53.20793151855469,2.774526357650757,48.211151123046875,58.5186767578125,0.9998562335968018,2654.783730674267,2.073437452316284,0.575136661529541,1.0523065328598022,3.2225594520568848,1.001325249671936,2526.7178456778715,1.0,9.187830209732056,0.15225166773061627,0.607765054051847
3.837363579992278,47.09307677281966,-0.3078471123318368,0.2428812645893222,2.481457875372981,0.3578090216424707,329.44882039468894,2000,57,0.8,2000,140.19903779029846,3.3613163013972067,4.31341085858735,3.866405487060547,0.2472692877054214,3.428576946258545,4.362982273101807,1.0008193254470823,2682.432366528362,47.28330612182617,2.4457132816314697,42.64462661743164,51.75754165649414,0.999979555606842,3154.5084181286907,-0.2902887463569641,0.3412587642669678,-0.9442062377929688,0.315786749124527,0.9999141693115234,2901.164811928588,1.0,9.5086669921875,-0.029041907068268813,-0.11957244671537166
2.5051381060898525,32.88781854464369,-0.5766262119158346,0.2637508820331714,1.557223117235172,0.1597308498668078,422.2419673114832,2000,58,0.8,2000,129.283921957016,1.9881863773048367,3.022089834874868,2.5412044525146484,0.2644562423229217,2.05645751953125,3.0364863872528076,0.9998177886009216,2544.491854522543,32.98806381225586,1.5896594524383545,29.86334228515625,35.87139129638672,1.0001273155212402,2439.785309030962,-0.5778428912162781,0.161588117480278,-0.8731168508529663,-0.2755230069160461,1.0007820129394531,2107.6255045969497,1.0,8.00399112701416,-0.03606634642479589,-0.1367439841215769
4.584781019675774,55.89220213295238,-3.0978193549020383,0.250689216180943,3.145894455535751,0.7955456283556172,298.41049245365053,2000,59,0.8,2000,137.87593507766724,4.093430155961126,5.076131883390422,4.447994232177734,0.23222716152668,4.005180835723877,4.886188983917236,0.9997321367263794,3076.6676496998407,54.46672821044922,2.925334930419922,49.062034606933594,59.898094177246094,0.999948263168335,2844.1252254662504,-2.136063575744629,0.5125855207443237,-3.086422920227051,-1.1820348501205444,1.0008662939071655,3074.055001153962,1.0,9.27503776550293,0.13678678749803996,0.5456428863669577
4.429513750141033,52.43847257189526,-4.548568602880902,0.2501316887485385,2.9181821219639295,0.9364528890161656,315.4983744550079,2000,60,0.8,2000,140.69054174423218,3.939255640193897,4.919771860088169,4.099676132202148,0.2187035232782364,3.714289665222168,4.535164833068848,0.9997228980064392,2399.127785632547,49.47773742675781,2.594425916671753,44.60680389404297,54.4771842956543,1.002070665359497,2382.9448994404825,-3.0288026332855225,0.5124342441558838,-3.972045421600342,-2.0916860103607178,0.9994961619377136,2190.682348508991,1.0,10.542495012283323,0.32983761793888444,1.3186558631940297
3.7683376585616832,52.91005356798026,2.2865670042003705,0.2392104958461205,2.8553365331687273,0.5142597561861969,291.48463979847,2000,61,0.8,2000,140.57497906684875,3.299485086703287,4.2371902304200795,3.672513961791992,0.2173645049333572,3.268112897872925,4.076234340667725,0.9996919631958008,2142.7412487930874,52.13331985473633,2.7392094135284424,47.46619415283203,57.57114028930664,1.0003962516784668,2691.396880406278,1.9173262119293213,0.4005747735500335,1.2073205709457395,2.689976215362549,1.0009779930114746,2287.1709881160637,1.0,8.346226930618286,0.09582369676969105,0.40058316183305176
0.7470956083983521,51.79531201731543,-0.6860672851491117,0.1768217323130084,3.0118178991527955,0.099399395478591,246.01353073298003,2000,42,1.0,2000,123.15099906921388,0.4005250130648555,1.0936662037318483,0.7609339356422424,0.1734107881784439,0.4377110004425049,1.0935304164886477,1.0000189542770386,2671.820401390114,51.90373611450195,3.027148485183716,46.07273864746094,57.36512756347656,1.0003297328948977,2594.8154455560125,-0.6915507912635803,0.0994688645005226,-0.8795587420463562,-0.5056576728820801,1.000961422920227,2422.043156027433,1.0,6.195394992828369,-0.013838327243890336,-0.07826146177209621
-0.8938642336583872,38.89095204485501,-0.0892756240992458,0.2130255191295542,1.9470146871980447,0.0358371584680075,328.68138581013085,2000,43,1.0,2000,125.78992199897766,-1.3113942511523136,-0.4763342161644608,-0.8726142048835754,0.2130356431007385,-1.2681291103363037,-0.4826037585735321,0.999276638031006,3264.8233457367087,39.00952911376953,1.9372146129608152,35.54331588745117,42.69148254394531,1.0011078119277954,3075.147489967797,-0.0905587896704673,0.0377349816262722,-0.161800280213356,-0.0208599045872688,0.9995051622390748,3451.710259400685,0.0,5.031069040298462,-0.021250028774811747,-0.09975344203662412
0.2445692554244473,45.91119610233851,-0.2850642583838402,0.1860277875454609,2.488873673850968,0.0622032968603572,273.06025386838087,2000,44,1.0,2000,128.73510098457336,-0.1200452081646561,0.6091837190135507,0.2609856426715851,0.1848051398992538,-0.0796490386128425,0.6114561557769775,1.0000765323638916,3249.492095640744,45.98714828491211,2.4729526042938232,41.65205001831055,50.839481353759766,1.0013397932052612,3110.940301205212,-0.2853665053844452,0.0612715631723403,-0.3945966064929962,-0.1623317748308181,1.0009921789169312,2999.3787428462515,0.92725,5.368683099746704,-0.016416387247137787,-0.0882469627991786
-0.5649018386962753,42.484226196179605,-0.1628615603811847,0.1939948999750209,2.187277281719438,0.0431157123011943,294.2892933804867,2000,45,1.0,2000,124.27101588249208,-0.9451318426473164,-0.1846718347452343,-0.5573054552078247,0.1915125995874405,-0.9197434186935424,-0.2044995427131652,0.9997425675392152,3238.2561868967714,42.57277297973633,2.2133827209472656,38.257415771484375,46.54802703857422,1.0006972551345823,3303.602292829019,-0.1643693596124649,0.0432814955711364,-0.240357369184494,-0.080004021525383,1.00007963180542,3344.5953408882883,0.00025,5.27093505859375,-0.007596383488450598,-0.03915764532690664
-0.2649253725491629,42.44533137688952,-0.41701048091504,0.1810082795061803,2.253276014706248,0.056367266675114,299.86601550644576,2000,46,1.0,2000,121.49712586402892,-0.6197016003812763,0.0898508552829505,-0.2577363848686218,0.1868722587823867,-0.6290138959884644,0.0775236114859581,1.00007963180542,2752.9730706816385,42.54609298706055,2.2545104026794434,38.68938446044922,47.13970947265625,1.0000935792922974,2475.2231345216323,-0.4195316433906555,0.0566684044897556,-0.5247889161109924,-0.3117830157279968,1.000702738761902,2328.312039387062,0.08225,5.493288040161133,-0.007188987680541048,-0.039716347230931995
-0.2688203134802933,46.100495773256014,-0.1141338806926444,0.1823610627870089,2.460060053808926,0.0484169382801301,267.636396339865,2000,47,1.0,2000,135.50374007225037,-0.6262479965428307,0.088607369582244,-0.2623507976531982,0.1869314759969711,-0.6010808348655701,0.0931141823530197,0.9993510246276855,4100.264991222287,46.198734283447266,2.413800001144409,41.65568542480469,50.620140075683594,0.9997296929359436,4102.312696122768,-0.1142421662807464,0.0480325818061828,-0.2049271315336227,-0.0257695019245147,0.9994745254516602,3871.139417992316,0.07925,5.4253928661346436,-0.006469515827095096,-0.03547640997602244
0.608942473590208,45.20134254630123,-0.2973849223635417,0.1936808284292687,2.427629631665366,0.0712700202963256,279.5669767976027,2000,48,1.0,2000,122.85926604270936,0.2293280498688413,0.9885568973115748,0.6309508085250854,0.195076510310173,0.2674510180950165,0.9879945516586304,0.9997179508209229,2904.358919950334,45.31816101074219,2.446286678314209,41.0410270690918,50.10487365722656,1.0014429092407229,2927.932801693648,-0.3000750839710235,0.0740943700075149,-0.4433693885803222,-0.1693930923938751,1.0018528699874878,2711.8687246033483,0.9995,4.969399690628052,-0.022008334934877416,-0.11363197438467562
-0.7847047556488036,47.002919531504496,0.0203659776430561,0.1854179582384112,2.5398299115429843,0.0404146842699591,269.17213845131766,2000,49,1.0,2000,128.6890299320221,-1.1481239537960897,-0.4212855575015176,-0.7817484140396118,0.1844673901796341,-1.1581428050994873,-0.4552857279777527,0.9995522499084472,3570.1027469982896,47.092227935791016,2.5229592323303223,42.48377990722656,51.74440002441406,1.0002869367599487,3562.0219876573815,0.0201937612146139,0.0400474332273006,-0.0587237812578678,0.0906877666711807,1.001345157623291,3438.3887528028504,0.0,4.558327913284302,-0.0029563416091917816,-0.015944203232949556
0.5992663354198108,49.80742013133501,-0.4384217483693253,0.1855638842882283,2.7789694093436177,0.0798517252803492,249.73112867306105,2000,50,1.0,2000,125.4860019683838,0.2355611222148832,0.9629715486247384,0.6120439171791077,0.1864839643239975,0.2601591944694519,0.9526633620262146,0.9995620846748352,3056.881768193981,49.92449188232422,2.7333030700683594,44.368927001953125,54.67242431640625,1.0006122589111328,3017.25278830137,-0.443524420261383,0.079669289290905,-0.5958767533302307,-0.3006990253925323,0.999761700630188,2545.569568325229,0.9995,5.383558988571167,-0.012777581759296885,-0.06885812833843263
-0.8969935672376665,47.43769212585345,-0.5216534007457609,0.1831872563976371,2.6329098950790617,0.0558426106185141,270.5708859818666,2000,51,1.0,2000,132.8067271709442,-1.2560405897770353,-0.5379465446982978,-0.8902356028556824,0.1873446255922317,-1.257110834121704,-0.5587872862815857,1.001590371131897,2358.8976171238355,47.56105041503906,2.646618127822876,42.59585189819336,52.33272171020508,1.0005309581756592,2392.2566780504326,-0.5245814323425293,0.0562458261847496,-0.6379949450492859,-0.4281111657619476,1.001526951789856,2262.346244387636,0.0,6.877356052398682,-0.006757964381984172,-0.03689101804830208
0.7256809513295339,45.2380933456691,-0.053232415831081,0.1960209895812502,2.4039359736289385,0.0697790155418775,278.3497006933841,2000,52,1.0,2000,120.65714502334596,0.3414798117502833,1.1098820909087843,0.7488037347793579,0.2012325823307037,0.3677411675453186,1.1170110702514648,1.0011072158813477,4206.591513246834,45.37831115722656,2.437495708465576,40.892242431640625,50.08732986450195,0.999933421611786,4065.13587957403,-0.052589725703001,0.0727019757032394,-0.1881785094738006,0.0812908485531807,0.9999337792396544,3977.3222305170393,1.0,4.871090888977051,-0.02312278344982399,-0.11796075256644727
1.476765459601938,55.74956197005544,-0.8914212565836935,0.1740375767863136,3.3461895297398923,0.1406335276997105,234.8689909175481,2000,53,1.0,2000,135.72680187225342,1.135651809100763,1.8178791101031129,1.483266830444336,0.1734813898801803,1.1578789949417114,1.8207670450210571,1.001561164855957,2357.827511461663,55.843040466308594,3.316035032272339,49.88273239135742,62.18655776977539,1.0021953582763672,2371.1089000614143,-0.8915323615074158,0.1378954797983169,-1.1464725732803345,-0.6321966648101807,1.0001899003982544,2023.2769948904736,1.0,5.702232122421265,-0.006501370842397991,-0.03735613286767655
1.1931881976104288,50.70545366301509,-0.3544269194625842,0.1787588618140755,2.8907113721026767,0.0966200900782222,254.56271640080112,2000,54,1.0,2000,130.28995823860168,0.8428208284548407,1.5435555667660168,1.2083745002746582,0.1757203042507171,0.8793035745620728,1.5323240756988523,0.9993817210197448,3577.4134950804128,50.81354522705078,2.8916163444519043,45.48866271972656,56.49394226074219,0.999546468257904,3552.4360045514136,-0.3570923507213592,0.095852643251419,-0.5390357375144958,-0.1797586381435394,0.9998535513877868,2665.653769167021,1.0,4.902300119400024,-0.015186302664229379,-0.08495412484794422
-0.0587747817761832,44.27141302491744,-0.0908342205216936,0.1917637962143405,2.3316435825543658,0.0507233991377416,280.8049438813431,2000,55,1.0,2000,129.26785612106323,-0.4346318223562906,0.3170822588039242,-0.0469344407320022,0.1902743428945541,-0.4020410776138305,0.3056525886058807,1.0000308752059937,4113.894056450005,44.45206451416016,2.282327175140381,40.28142547607422,48.825836181640625,0.999553918838501,3680.953796544072,-0.0908030420541763,0.0496130660176277,-0.187180146574974,-0.0018758772639557,0.9998155236244202,3710.955807008753,0.40175,4.80230975151062,-0.011840341044180996,-0.06174440263451329
1.0139298217946748,41.75191921124381,0.6850028626133308,0.1901852220331704,2.1803886416673017,0.1081751998771206,310.16729642579446,2000,56,1.0,2000,116.16514086723328,0.6411667866096608,1.386692856979689,1.0167524814605713,0.1887459605932235,0.6519115567207336,1.353415846824646,0.9997606873512268,2311.103902693229,41.75199508666992,2.1735587120056152,37.69966125488281,45.775917053222656,1.0010812282562256,2040.787704272384,0.6838101744651794,0.1057575717568397,0.4988827109336853,0.8871305584907532,1.0009379386901855,2045.2021221258904,1.0,6.063899040222168,-0.0028226596658964542,-0.014841635095097722
0.2581580480312498,43.04475479780429,0.1388376680849972,0.1876486420629481,2.2290817036161745,0.057941505506883,289.4301656109013,2000,57,1.0,2000,117.39868021011353,-0.1096332904121284,0.6259493864746281,0.265784740447998,0.1874370723962783,-0.09528499096632,0.6088376045227051,0.99940288066864,3401.1880746666056,43.140960693359375,2.185642957687378,39.112064361572266,47.37318420410156,0.9993687868118286,3386.1983586104207,0.1391048431396484,0.0575775988399982,0.0287606567144393,0.2441696226596832,0.9994773268699646,3310.0829889167235,0.92125,5.691070795059204,-0.007626692416748182,-0.040643472464830056
-0.663779488563923,31.633546763322993,0.0319928185923253,0.2367186548655282,1.4449634086344356,0.0350383129865582,399.0480400285046,2000,58,1.0,2000,117.32467985153198,-1.1277480521003582,-0.1998109250274877,-0.6524422764778137,0.2444070875644683,-1.116190791130066,-0.2120391130447387,1.000948429107666,3087.183987993892,31.700775146484375,1.4743467569351196,28.958860397338867,34.467716217041016,1.000915765762329,2984.126629467061,0.0333445370197296,0.0355172641575336,-0.0347437635064125,0.0984113216400146,1.0003540515899658,2784.7382029049013,0.00425,4.786478042602539,-0.011337212086109272,-0.04789319241675125
0.3799443601294362,44.45966337102963,-0.4085657562597462,0.1868095039422318,2.373665419550583,0.0697992700538799,281.2320554950596,2000,59,1.0,2000,116.9204158782959,0.0137977324026618,0.7460909878562105,0.3909499645233154,0.1871092468500137,0.0499172024428844,0.7481417655944824,0.999763250350952,3011.0925195030904,44.56661605834961,2.304976224899292,40.27938079833984,48.76981735229492,1.000360131263733,2913.1330478221257,-0.4099786877632141,0.0704367533326149,-0.5347332954406738,-0.2762755751609802,0.9998921751976012,2641.60633051705,0.98075,4.975130319595337,-0.011005604393879154,-0.05891351436425034
0.9294434361710922,46.50788523735398,-0.5862719643008358,0.190917510700086,2.561346239132103,0.0965730836228796,275.5094739345176,2000,60,1.0,2000,118.0453519821167,0.5552451151989235,1.3036417571432608,0.943437397480011,0.1927772462368011,0.5906062722206116,1.3163292407989502,1.0005242824554443,2758.5924377365195,46.65045166015625,2.564246892929077,41.72932052612305,51.21572494506836,1.0008258819580078,2662.716702283421,-0.591824471950531,0.1002921313047409,-0.7774369120597839,-0.4099648296833038,1.0014493465423584,2170.5642415138336,1.0,5.238374710083008,-0.013993961308918834,-0.07329846936304377
0.9557544952903057,48.416186104417335,0.5286132086380794,0.1828561755592994,2.6752596456325057,0.0982887476894004,264.56726204029985,2000,61,1.0,2000,119.92462301254272,0.5973563911940787,1.3141525993865326,0.969504177570343,0.1818780153989792,0.6204190850257874,1.3077882528305054,1.000200271606445,2565.2669610987996,48.61035919189453,2.664874315261841,43.6423454284668,53.63776016235352,1.0000275373458862,2683.5577450578735,0.535261869430542,0.0997091457247734,0.3587822914123535,0.7282178997993469,1.0002363920211792,2321.3124332519715,1.0,5.397490739822388,-0.013749682280037367,-0.0751939727383088
-2.0414307627645902,50.16615745411869,-0.3074584554554387,0.2000011184843655,2.812213513100373,0.0363635254571507,273.3484039167645,2000,42,1.2,2000,122.32453608512878,-2.433432954993947,-1.6494285705352338,-2.04001784324646,0.2002690136432647,-2.420870542526245,-1.664769172668457,1.00099778175354,2494.016744459007,50.304840087890625,2.7718770503997803,45.43519592285156,56.00626754760742,1.0003318786621094,2808.1594192953876,-0.3083090782165527,0.0362424068152904,-0.3783685863018036,-0.2431190758943557,1.0016816854476929,2471.8762981122636,0.0,18.340838193893433,-0.0014129195181302734,-0.007064558082662544
-5.166209409270405,45.75993174994106,-0.0774375242285004,0.318650666993453,2.433719683906655,0.016119612321083,391.9197221873234,2000,43,1.2,2000,134.12585926055908,-5.7907647165775735,-4.541654101963237,-5.163522243499756,0.3178111016750335,-5.754676818847656,-4.56077241897583,1.0000933408737185,2698.80050763994,45.84896087646485,2.3934123516082764,41.529762268066406,50.55305862426758,1.0003570318222046,2561.207914468808,-0.0784801468253135,0.0166136473417282,-0.1091922745108604,-0.0473272800445556,0.9996851086616516,2932.4528568984406,0.0,16.551203966140747,-0.0026871657706495355,-0.008432951972150575
-2.0156913363889566,47.00016040577938,-0.1897888149737993,0.2107218979592459,2.5685385741028877,0.0308614465852522,290.88460197919517,2000,44,1.2,2000,123.92437314987184,-2.428706256389079,-1.6026764163888343,-2.012652635574341,0.2076731622219085,-2.4072070121765137,-1.6179888248443604,0.9996821880340576,3013.0564018631685,47.09992980957031,2.55250883102417,42.45348358154297,51.90522766113281,0.9999871850013732,2836.787631827725,-0.1904773861169815,0.0305814202874898,-0.2436178922653198,-0.1300524324178695,0.999700963497162,2731.212041757042,0.0,14.44868302345276,-0.003038700814615769,-0.01442043206730921
-4.068285444045607,40.93882907922526,-0.0123808654502962,0.2906507801312635,2.16183108107562,0.0175620901947536,398.7933409842959,2000,45,1.2,2000,120.1726417541504,-4.637960973102883,-3.4986099149883305,-4.06982421875,0.2825454175472259,-4.563412666320801,-3.4837656021118164,0.9999616146087646,2796.5196532429504,41.008445739746094,2.135805130004883,36.954734802246094,45.01742935180664,1.000463604927063,2801.3742793921,-0.0124002983793616,0.0169465783983469,-0.042603887617588,0.0202487166970968,0.999816119670868,3035.062911780158,0.0,16.343480825424194,0.00153877470439312,0.00529423903042056
-3.933961823703427,45.245602372478295,-0.1254836199952124,0.2588255325868727,2.4033654848716974,0.0202540831240126,351.6429778335917,2000,46,1.2,2000,128.4646987915039,-4.441259867573697,-3.4266637798331563,-3.94173526763916,0.2577467262744903,-4.414762496948242,-3.4509289264678955,0.9999902844429016,2653.5568536468454,45.40545272827149,2.388958215713501,41.08692169189453,50.099082946777344,1.0007394552230835,2636.0291890365847,-0.1257023960351944,0.0205745305866003,-0.163710132241249,-0.0870456919074058,1.001366138458252,3155.6636266986243,0.0,15.023760795593262,0.007773443935733315,0.03003352821508914
-3.4365502072289336,46.06346107969848,-0.0366756681848458,0.2462244555237883,2.480253173501578,0.0208517212428394,333.90119059389417,2000,47,1.2,2000,125.6737608909607,-3.919150140055559,-2.9539502744023083,-3.4366366863250732,0.2484433799982071,-3.891693115234375,-2.9766182899475098,1.0006974935531616,2921.142206166449,46.146602630615234,2.4288582801818848,41.73049545288086,50.73139190673828,1.0014753341674805,2654.075330173637,-0.0372669920325279,0.0204916317015886,-0.0765276923775672,-0.0007557235076092,0.99990713596344,3212.8449792263427,0.0,13.200275897979736,8.647909613967997e-05,0.0003512205802454299
-2.4312637177511016,48.276243977470926,-0.101798978263576,0.2197927996235402,2.708020976765649,0.0267022700144116,297.33057029414385,2000,48,1.2,2000,125.45311379432678,-2.8620576050132405,-2.0004698304889628,-2.4242968559265137,0.2234148830175399,-2.8157763481140137,-1.9789390563964844,0.9995928406715392,3125.0921510658072,48.3601188659668,2.715068817138672,43.35273742675781,53.55485534667969,1.0035606622695925,2829.891917458197,-0.1025350987911224,0.0271766278892755,-0.1515111178159713,-0.0494524799287319,1.0005812644958496,2928.069301161642,0.0,16.197105884552002,-0.006966861824587944,-0.031697406996592896
-4.301881513595134,46.96296971985437,0.0161236067439659,0.2761930859474104,2.543003235445178,0.0181274268104392,356.68242622331434,2000,49,1.2,2000,137.4535620212555,-4.843219962052059,-3.7605430651382097,-4.308130741119385,0.2776443064212799,-4.803064823150635,-3.770945072174072,1.000704050064087,2834.2272463029835,47.096553802490234,2.503028631210327,42.21175384521485,51.481224060058594,0.999638020992279,2757.729849245819,0.0155840385705232,0.0178279224783182,-0.0164700150489807,0.051111027598381,1.0014046430587769,3272.504905016258,0.0,15.741417407989502,0.0062492275242505,0.022626299651253432
-2.163488796923227,44.47169867079817,-0.1147370555942041,0.2199685944804081,2.3797087155934635,0.0276909826894452,312.19198624750373,2000,50,1.2,2000,139.10709404945374,-2.594627242104827,-1.7323503517416272,-2.1628990173339844,0.2214870750904083,-2.5871570110321045,-1.755531907081604,0.9998316168785096,3015.94026275578,44.52826690673828,2.3402292728424072,40.03842544555664,48.62354278564453,0.9996704459190368,3156.5559054898235,-0.1150829419493675,0.0273889321833848,-0.16593699157238,-0.0641131624579429,0.9991676211357116,2908.225923512302,0.0,16.91709589958191,-0.0005897795892426672,-0.0026811990622379366
-4.02619194958972,42.894590532672865,-0.2051914285638749,0.275536678568864,2.3053816735163,0.0214810814733367,380.3335344650979,2000,51,1.2,2000,140.53998613357544,-4.566243839584693,-3.486140059594746,-4.023038387298584,0.2857193350791931,-4.566054821014404,-3.484609603881836,0.9995471835136414,2908.101392506083,42.90742492675781,2.336519479751587,38.501502990722656,47.24516296386719,1.0010054111480713,2771.7641780754925,-0.2053910940885543,0.0215000417083501,-0.2470045387744903,-0.1666575968265533,1.0010957717895508,2727.285222046584,0.0,14.758387804031372,-0.0031535622911356143,-0.011445163335477512
-2.1956787809635276,41.13395935929955,-0.0741350197059671,0.2233994218542764,2.1529374018336944,0.0258493765713392,333.8009949691594,2000,52,1.2,2000,139.61304116249084,-2.6335416477979092,-1.757815914129146,-2.1880674362182617,0.2268638759851455,-2.59173321723938,-1.7327589988708496,1.0001379251480105,3246.331017730236,41.19768142700195,2.1588728427886963,37.11603164672851,45.31554412841797,1.0001888275146484,3280.91256910155,-0.0741902217268943,0.0261186119168996,-0.121699221432209,-0.0248259883373975,1.0009212493896484,3288.2356002019105,0.0,15.682671070098875,-0.007611344745265924,-0.034070565993813584
-1.468361301214884,42.966689650761055,-0.1932879216144302,0.2024649180570489,2.273217953831999,0.0338123459959874,308.4753350280041,2000,53,1.2,2000,137.69985103607178,-1.8651925406067,-1.071530061823068,-1.465773344039917,0.2001546621322631,-1.8532803058624268,-1.0990434885025024,1.000915288925171,3306.3734396836076,43.04090881347656,2.303173303604126,38.75728988647461,47.24620819091797,0.9995692372322084,2954.658343185959,-0.1938924342393875,0.0326813794672489,-0.2523589134216308,-0.1298881471157074,1.0010286569595337,3040.9559367144866,0.0,15.462671279907228,-0.0025879571749669594,-0.012782249882114127
-1.519270085462874,41.023584221890445,-0.0802783599831289,0.2056778276089625,2.1062374237340316,0.030604533858298,322.9049420925563,2000,54,1.2,2000,134.44996619224548,-1.9223986275764409,-1.1161415433493074,-1.5136618614196775,0.205336794257164,-1.8976331949234009,-1.1232566833496094,0.9991744756698608,3975.133415883077,41.13873291015625,2.091724157333374,37.133060455322266,44.923583984375,0.9992056488990784,3572.538921823811,-0.0805092304944992,0.0308651514351367,-0.1377157270908355,-0.0221591815352439,1.0003832578659058,3161.5314486608104,0.0,14.901083946228027,-0.005608224043196497,-0.027267032661677706
-3.0402319230666928,43.76517198923182,-0.0567926915908491,0.2436266196095393,2.2768274436242653,0.0221438896955986,332.375627950164,2000,55,1.2,2000,127.7091178894043,-3.51774009750139,-2.5627237486319956,-3.038501739501953,0.2400202304124832,-3.491149425506592,-2.5946812629699707,1.0000773668289185,3128.631754136278,43.8465461730957,2.2897167205810547,39.741905212402344,48.29410552978515,1.0004775524139404,2921.314092244022,-0.0574359484016895,0.0218775309622287,-0.0992148965597152,-0.0167096331715583,0.999854862689972,2724.3640222248223,0.0,15.329792022705078,-0.0017301835647396402,-0.007101783735753538
-2.436291561018986,36.426538119220176,0.1918452236827678,0.2615587654458665,1.8205288720618704,0.0264510742129337,390.75876155103583,2000,56,1.2,2000,121.43635416030884,-2.9489467412928843,-1.923636380745088,-2.4279489517211914,0.2585207521915436,-2.8965892791748047,-1.9247275590896609,1.000208616256714,2694.3722348050214,36.45088195800781,1.807981848716736,33.083641052246094,39.81656646728515,1.000078558921814,2612.3618383130647,0.1920958310365677,0.0267415754497051,0.140521615743637,0.2411248534917831,1.000306487083435,2770.4508954432567,0.0,16.166460037231445,-0.008342609297794734,-0.03189573587248546
-3.1323929244058264,40.32529057290156,-0.0058891827736817,0.2596150348212425,2.0826226214338304,0.020672177373778,368.8983517605425,2000,57,1.2,2000,115.63914608955383,-3.6412383926554615,-2.6235474561561913,-3.1530885696411133,0.2589249312877655,-3.648613929748535,-2.655787944793701,1.0027661323547363,2637.8047256215723,40.52559280395508,2.116363286972046,36.48265838623047,44.50750732421875,1.0006144046783447,2925.278078172191,-0.0060144229792058,0.0203792471438646,-0.0432032831013202,0.0325513109564781,0.9995609521865844,3253.843780848901,0.0,14.11415410041809,0.020695645235286886,0.07971666683147545
-2.9911560585846115,33.647429152319695,-0.0160528028395356,0.2862230874056777,1.687009072421565,0.0194186563185867,438.9185098979672,2000,58,1.2,2000,119.84584593772888,-3.55215330989974,-2.4301588072694833,-2.9914422035217285,0.2944235205650329,-3.5374433994293213,-2.432785987854004,1.0012515783309937,2563.6574272987577,33.74325942993164,1.7123841047286987,30.79423141479492,37.11064147949219,1.000790238380432,2683.81122594537,-0.015881136059761,0.0194598082453012,-0.0526978373527526,0.0210605859756469,0.999584972858429,2914.9998301227347,0.0,14.189931869506836,0.0002861449371169833,0.0009997269602204254
-2.827829844181799,40.68432252001612,-0.1612412056358955,0.2464086194391985,2.1255095493549767,0.023675825143882,357.5403721235233,2000,59,1.2,2000,112.13350105285645,-3.3107907382826283,-2.34486895008097,-2.825164794921875,0.2425312548875808,-3.2824110984802246,-2.376145601272583,1.0003191232681274,2697.9190825023857,40.74190139770508,2.10168981552124,36.784393310546875,44.76249313354492,1.0006561279296875,2905.9884114759725,-0.1615597754716873,0.0236139167100191,-0.204544335603714,-0.1165766641497612,1.0005656480789185,2979.66365684039,0.0,15.159936904907228,-0.002665049259924057,-0.01081556832707169
-1.9421519010839907,39.49447318172,-0.2004388488745696,0.2338617645361394,2.060320364109215,0.029652656600751,346.633752864855,2000,60,1.2,2000,108.1103937625885,-2.4005209595748243,-1.4837828425931574,-1.9392755031585691,0.2331378161907196,-2.388676643371582,-1.514607071876526,1.0001100301742554,2824.417720067674,39.59537887573242,2.0529205799102783,35.715946197509766,43.454532623291016,1.000507116317749,2795.6650928665017,-0.2012902647256851,0.0302364323288202,-0.2577696740627289,-0.1436732709407806,1.0004396438598633,2745.062087314444,0.0,15.25888204574585,-0.0028763979254216032,-0.012299564792589701
-0.927559077930511,38.27797098587702,0.3309013383371205,0.2093963251593122,1.8814873949363995,0.0445010135562403,331.8910579055122,2000,61,1.2,2000,97.76517915725708,-1.337975875242763,-0.5171422806182588,-0.9194926023483276,0.2087770700454712,-1.2845754623413086,-0.4912316501140594,0.9996861219406128,2276.0798768472014,38.348663330078125,1.8638906478881836,34.83222198486328,41.80769348144531,1.000452756881714,2650.5065303465894,0.333678662776947,0.0446084700524807,0.2510987818241119,0.4172100722789764,0.999942660331726,2455.5916263972513,0.0,17.545655012130737,-0.008066475582183319,-0.03852252696434004
