seed,gain,slope_net,slope_route1,acc_net,acc_route1,wnet0,wnet1,wnet2,wnet3,wnet4,wnet5,wnet6,wnet7,w1_0,w1_1,w1_2,w1_3,w1_4,w1_5,w1_6,w1_7,slope_route2,acc_route2,w_route2_0,w_route2_1,w_route2_2,w_route2_3,w_route2_4,w_route2_5,w_route2_6,w_route2_7,slope_route2hit,acc_route2hit,w_route2hit_0,w_route2hit_1,w_route2hit_2,w_route2hit_3,w_route2hit_4,w_route2hit_5,w_route2hit_6,w_route2hit_7,slope_route2term,acc_route2term,w_route2term_0,w_route2term_1,w_route2term_2,w_route2term_3,w_route2term_4,w_route2term_5,w_route2term_6,w_route2term_7
42,0.8,0.0442374650869408,0.03883759249644373,0.859,0.8645,0.024428429635609986,0.03791035125568902,0.039422580143872274,0.03837158405720406,0.10531571584577545,0.17801475301353123,0.22098946043829726,0.3555471254916726,0.04644704575087383,0.04067304691532617,0.062053551983206674,0.0657129994600028,0.08099388626356648,0.13225997177696447,0.21903215291269534,0.3528273448265296,0.03934416301232452,0.868,0.04405315254343726,0.0384753076524702,0.05092953471609587,0.0685419072711162,0.09214254194076253,0.14087775678170422,0.2213227973354947,0.34365700165110386,-0.017815899082718748,0.867,0.2175257362588854,0.19859569023595924,0.1384358683581546,0.09744801878804953,0.09270590533854145,0.06092391191299646,0.05207650890086427,0.14228836004632556,0.026638605082487988,0.8475,0.08193170048434473,0.03615665516845484,0.06233117730676668,0.1198861847534514,0.107341273283691,0.14786752643456136,0.18175725318301578,0.26272822919042516
43,0.8,0.027984826914530067,0.03020807278749178,0.8805,0.885,0.06710771203806697,0.04995467581364031,0.07213297906750626,0.09040433396691676,0.09986756164813423,0.1594049558606433,0.2144604021967531,0.24666737930154314,0.026046109126849425,0.05524790449293762,0.09158756957366432,0.10654239747044292,0.1107796596772743,0.1653682227190247,0.1702678894682603,0.2741602473596757,0.030072850379765675,0.883,0.0445476499653869,0.04371552991560147,0.07245273359882191,0.09890895325195902,0.1333273507901086,0.15039492914648733,0.20414216279485806,0.25251069044008523,-0.020074145124802354,0.871,0.20288946959405535,0.21820244227472513,0.1337410535225658,0.10889715838786329,0.08564960862067052,0.09457829510830211,0.0632738366435688,0.09276813569153634,0.019316960264895534,0.853,0.058467452985154045,0.09469564849458183,0.09491748836540781,0.10626079466584026,0.12933602288958593,0.13397793303559144,0.1556470511692099,0.2266976082199809
44,0.8,0.029737221928812427,0.03257785512430039,0.8705,0.8725,0.04755204855431179,0.050030913180648624,0.09143219051384088,0.09710243041520282,0.10191777537487905,0.1423435423433258,0.181975774529666,0.2876453249581727,0.03778143470835264,0.05060132572499724,0.07165132464646046,0.08317596715481869,0.10786216660722424,0.1826485658080563,0.18380796371394909,0.2824712515025357,0.03228278983727825,0.8755,0.019130192594434537,0.04684928923739344,0.10021078829550331,0.09667620164201988,0.13358398872682245,0.12087194871960373,0.19886113115405404,0.28381645950742984,0.00431136667700942,0.8785,0.12380302175082551,0.10926593019435411,0.13956200629994203,0.109306063630327,0.10946353800422179,0.11293760614974313,0.10740575331907827,0.18825608051109294,0.021560073087523786,0.857,0.038230018487462686,0.07928109578347231,0.1374907569970383,0.10406428516949523,0.10372505821954073,0.1273906994427671,0.18151272642862992,0.22830535930731669
45,0.8,0.032916193091738474,0.0316955646138901,0.873,0.878,0.03433632720608053,0.04703888933193336,0.06760353580180298,0.08045321494944538,0.1370250030285701,0.1568923248201875,0.21024206575552978,0.2664086389851908,0.03514447647563687,0.04572496735629591,0.08455483712570003,0.0730275536913356,0.14570331118489294,0.1507702801927373,0.19489025199779966,0.2701843218562913,0.0339947883231733,0.88,0.032855782409798036,0.03917515511349786,0.06453487692090615,0.09770879434917111,0.12110118882769404,0.1614147392091445,0.20753487559347222,0.27567458746743345,-0.019480491544479225,0.8635,0.2107944529583,0.1820200216656424,0.1398032556178511,0.12311826014220725,0.10143681295849508,0.09980239518546322,0.055094795722218794,0.08793000559569118,0.014710147087836248,0.866,0.06826909168433128,0.087758739821491,0.11192473940949381,0.12407353779270358,0.12074530154155672,0.15793995047550113,0.1437040871899102,0.18558455191137038
46,0.8,0.04089848948748474,0.04238230239552904,0.861,0.869,0.031854442420092756,0.050758718306603466,0.060858518252238716,0.04910109549230762,0.07761193333901233,0.1437025457843845,0.23379216945031506,0.35232057681823836,0.01208714044103709,0.036807322232055406,0.0715055800405433,0.06533233709891435,0.08870100118007952,0.15546514463307368,0.21859884102300597,0.3515026332140272,0.0438386385808321,0.8645,0.035000152490963,0.02398023373201968,0.05086867488073475,0.06639799481353625,0.06162003741944499,0.14826801681820112,0.2685632098319649,0.3453016799012291,0.0012843304062286301,0.876,0.14780149553217126,0.12438480060279462,0.13024842337128972,0.11533450986275537,0.07173955699735014,0.10626532047435719,0.12480938185091733,0.17941651116628465,0.013273147053918289,0.8605,0.0868764542096113,0.11009963305459752,0.10863501429318857,0.09729942884906065,0.10035426714513299,0.11720948261992159,0.20594029180487256,0.17358542785268127
47,0.8,0.030167879765426675,0.030535885224676648,0.8815,0.8765,0.0645737721192164,0.057181945785005295,0.07375983623811247,0.06934305725624525,0.10325173428123283,0.14399365856255766,0.19392703973089617,0.293968955914654,0.06568462917640173,0.05213722571851756,0.06411589523035902,0.06821545776425753,0.11374929095124738,0.14823355220673817,0.21372077715581433,0.2741431716864342,0.03309357387739079,0.8725,0.033420834526950945,0.0660950564630964,0.04960074845572187,0.07714473804604707,0.13626430258554953,0.1489465987895205,0.21628491651547505,0.2722428045123846,-0.013279360837954767,0.8685,0.17652894925777296,0.1724615871158582,0.16327259184741716,0.12131426996341454,0.07911373641223281,0.09445659432014121,0.05938655020661678,0.133465720727918,0.013954162539965525,0.864,0.08257241674050679,0.11589076467483085,0.06670464734020855,0.11200687839365142,0.13813244683502987,0.1425493124072287,0.1595269519045949,0.18261658153562751
48,0.8,0.043202365258196936,0.04584314316756489,0.861,0.8605,0.02200173842216408,0.05510255950146255,0.04028605285304399,0.05897958631401504,0.09927207095779601,0.11884353152969143,0.22802124729470077,0.3774932130005396,0.04115352113094373,0.011716596348970211,0.030562535239247592,0.06761570418515508,0.09849943208540751,0.14036839138077545,0.21670318854978995,0.3933806309518747,0.04169283084765134,0.869,0.052097933845413474,0.01564092728147278,0.03911602866814134,0.07308892206527066,0.07168595776171191,0.17776286810222047,0.23185056231052914,0.33875679985380674,-0.002178757155006549,0.8675,0.142265356773373,0.1435999564530051,0.1415636715746782,0.11629295654831479,0.1040010233396697,0.0887081978001485,0.07164091407934875,0.19192792325622526,0.0203405559647994,0.855,0.11284043329402357,0.06106880221739953,0.08834382498874122,0.07080135503782718,0.08859152952345713,0.15278594382394214,0.19312978116098165,0.23243832977031012
49,0.8,0.030059328997432473,0.032179073194118876,0.876,0.8765,0.04460147827509745,0.04529703041547307,0.09961921133814433,0.06494276562402856,0.1342583222029283,0.14347743484215508,0.20591869585046352,0.2618850613491609,0.02747110248214133,0.033805129040654566,0.07653277230859974,0.10946548531551505,0.13201245908496034,0.17671640590899143,0.1833544419860749,0.26064220376903624,0.028088826796085143,0.879,0.04418519286958255,0.05172971422161234,0.07676104301643932,0.10138678290216532,0.14789861177109856,0.13807153880981796,0.19140337918473466,0.24856373712764993,-0.026248744202411398,0.855,0.2735075022828773,0.19307279068925617,0.11598141849177108,0.11002216039126655,0.09462423643460767,0.08459585900666765,0.05639783445567126,0.07179819807963943,0.012077058046394097,0.8605,0.08231966533812494,0.09685475611747543,0.09612463014237187,0.12214390391299877,0.1502893234520171,0.14041555134740724,0.1344995279749794,0.1773526415460477
50,0.8,0.0454005104476537,0.04626363982341952,0.861,0.8615,0.04122832186871881,0.005556915499337988,0.025825960261229623,0.07156251298340366,0.1026824580136643,0.1642118053157013,0.21938797676557628,0.3695440491655822,0.008119319493175011,0.02297221490691473,0.058936621956026704,0.0555992131468861,0.09682123823507367,0.162224165430843,0.23026659311042755,0.3650606335841807,0.04865286710466855,0.86,0.008145925094358098,0.023424658351748433,0.036974533462842726,0.06077500999093502,0.10548349347265773,0.12557579796512328,0.26343537178192994,0.37618520975902764,-0.014830011533540447,0.875,0.1635249303814205,0.1843380028173342,0.1800997182260057,0.12141233081890021,0.08388341024899955,0.08571494627738395,0.0629299166097889,0.11809674447229108,0.028615473121850154,0.828,0.04346272538362217,0.0876181413774986,0.06880585580781048,0.07448488942722668,0.13177572902367282,0.08482680799508889,0.26125256233138033,0.2477732884275826
51,0.8,0.030048562548587808,0.03171609038293217,0.8735,0.871,0.0567427274558891,0.05372709681870417,0.08775934894957751,0.09304851554628009,0.07188363261640186,0.15237594016660058,0.18700511433513517,0.29745762399560777,0.04778465826465002,0.040395627162284495,0.07045549062821212,0.11340813830135969,0.08762310278274793,0.15709021079250826,0.2080980963869737,0.27514467556016137,0.033744714503362264,0.8785,0.03672889576891723,0.06106327248819942,0.060745208183031994,0.07300991481892986,0.11671887664313574,0.15043532787980585,0.21244709928517708,0.2888514048236337,-0.006488214897378271,0.876,0.14489516232074146,0.15553272672334986,0.15421526740045227,0.11347466306792435,0.10179253872577783,0.09943657600509026,0.09581677108399214,0.13483629451291956,0.008096084859521865,0.871,0.10621380690201485,0.11845712346216376,0.09806681769594157,0.10810324365012786,0.11687518541545143,0.12296181549210379,0.18642879587578834,0.1428932113274296
52,0.8,0.03517876503186766,0.038119046397450305,0.8435,0.849,0.03563935392935173,0.06807777334411426,0.06324903085053404,0.057039231088910736,0.12166948346630183,0.138421890842128,0.17829543990902513,0.3376077964293742,0.03466287668762253,0.055362264372357216,0.04802213650639127,0.053190477470548087,0.10326070021157667,0.16472451895023862,0.23208259679902402,0.3086944288561827,0.04070555352156222,0.8585,0.015834968757730557,0.045097774024359244,0.049407535902993766,0.0920814155021539,0.08730337058918733,0.14546163180178723,0.2407386093120659,0.32407469398477057,-0.0030877081583137807,0.862,0.1736127370424403,0.15019314471722853,0.09995729665174617,0.10054512370629654,0.10761917677359106,0.10040203139600484,0.08760714323435903,0.18006334630185733,0.02896749162872438,0.858,0.04997187922045579,0.07486183397100535,0.059629669749826975,0.10646786226211305,0.08106047160723885,0.15394306884369882,0.20930384237327337,0.26476137181685105
53,0.8,0.04919538075639779,0.047177531266882816,0.858,0.863,0.002738320344321163,0.012142525504502425,0.03678254909582921,0.07995889563901813,0.10633641437531176,0.14676799118450412,0.22547705883669394,0.3897962448977696,0.01758754846153438,0.02730516429740422,0.03525135435314408,0.06474240937152044,0.09384031964795965,0.14247895972898433,0.22989457373156277,0.3888996702963065,0.05044427771413092,0.8685,0.009025129319176144,0.032199120349831876,0.03226709413257404,0.031379281041878065,0.09497288714649245,0.14637804009375854,0.26044237185552055,0.3933360759578028,-0.005203904542683748,0.87,0.14622750751820798,0.15588869473328446,0.14895533994769894,0.12266418685998828,0.09377629377460661,0.08707120394053025,0.06873453284690532,0.1766822402258292,0.029122150929478684,0.854,0.047224656106866374,0.07933243870164533,0.09328153308349299,0.04694275176554364,0.1067072759751749,0.14812095525219293,0.199760024457855,0.2786303644753564
54,0.8,0.054277077858641026,0.05438264588727423,0.846,0.8495,0.009924571292494248,0.008682784450122343,0.02256705988810347,0.04575081668231264,0.09131370698342524,0.1340087786023367,0.26099677940353305,0.42675550256606304,0.01507070938451254,0.005667018193299813,0.009946167363586783,0.05681659783112509,0.09729928089268267,0.12894685014598406,0.24964302633203717,0.4366103497314554,0.053567842450589494,0.8605,-0.0026205786561266453,0.02489230928899128,0.030038429588314562,0.04709243349352123,0.09162587681782905,0.11645875612714787,0.2544397363053024,0.43283187960489566,-0.0025591446218570365,0.8705,0.14079962787612738,0.1457250605330867,0.13320984045803844,0.118023520787441,0.10398391985572265,0.09877526237432688,0.09989074545044169,0.15959202249899695,0.030096775473807024,0.8525,0.040899773336512464,0.05808229716266669,0.06454516098169882,0.09504591111800637,0.1386822602359208,0.13677633395209715,0.2086343350728728,0.2573339279393197
55,0.8,0.04333981064174317,0.047612251566974434,0.8675,0.854,0.023110581011385026,0.033882841258592845,0.04146670399380781,0.08256157568812464,0.06283701232684956,0.1775501258415635,0.23346572662936274,0.34512543313575433,0.008534574784210968,0.025877166561566887,0.03529740236940469,0.06072463610522056,0.08068484881354682,0.19376042844430136,0.23631945129728477,0.3588014915005321,0.04300732716941402,0.8685,0.017631816273901934,0.0320535461300882,0.052198778095782175,0.0649748461910482,0.1267304630665591,0.1377822686156671,0.20129906614627882,0.36732921537599617,-0.009367827912761289,0.867,0.12351170757652263,0.18405148643347424,0.16425616300909882,0.13172494054765374,0.12968524812240798,0.06391072553893591,0.05950012745849347,0.14335960115347826,0.026191487540589847,0.8555,0.03342492784965479,0.07367787163770714,0.09488882603096803,0.10406338961419895,0.1294798880254763,0.1431265381812039,0.15852536890037766,0.262813189597399
56,0.8,0.04507720848644313,0.04039155377958059,0.8605,0.8605,0.033722310026834124,0.019105304836069016,0.03399188828708403,0.05599565985481149,0.11383429257067951,0.1265305757424275,0.2675631338801923,0.34925683467807817,0.046193834112766695,0.027227879046182502,0.034377863747380076,0.08332560958408543,0.08628537140927665,0.1646434030630754,0.22349595033032907,0.3344500885830181,0.04568762398458832,0.8625,0.022542888145066272,0.03620943991984908,0.028680541586198656,0.06073555897498138,0.08590213393801327,0.16849522523065713,0.22502113961639209,0.3724130724773944,-0.020480987387630864,0.858,0.21153980891472657,0.202586525451064,0.1487131275426258,0.08906395954887884,0.10174238815139991,0.11048967718224946,0.037875659903966255,0.09798885315088425,0.02123210617155636,0.8405,0.07629887012866736,0.06886656423161369,0.08906189067972516,0.08821394161124543,0.12925337919814733,0.159809363321746,0.15541597968829649,0.23308001093071826
57,0.8,0.0403541951808006,0.04207627932910154,0.8715,0.865,0.009374180505921452,0.051383685468100695,0.030919833950828462,0.10448079207711358,0.10819026819623719,0.15655727798871547,0.22099472698841402,0.31809923469919277,0.032822869588157444,0.028891710902938912,0.059416366976095765,0.04195067878746817,0.10355418419891316,0.155151413985443,0.24383598458891076,0.33437679084175514,0.042235150335207194,0.867,-0.024543228512058687,0.03328001799798899,0.08038946073564918,0.07705810943543387,0.0961256235440654,0.15950459491112043,0.2088777756984561,0.32022118906223046,-0.019352824853225144,0.8625,0.18837789256863302,0.19174944195473165,0.16044067406889587,0.14435147147797478,0.07928203312110566,0.08473420961089788,0.05675296871748444,0.0943113083180882,0.016576450237528392,0.842,0.057181499763836394,0.08867679798686671,0.12085951588865843,0.1147255087589249,0.11509483739695733,0.14749131391503756,0.1679910486011004,0.1879794775015574
58,0.8,0.026269095623447605,0.02415255532114872,0.874,0.8725,0.052932100648547996,0.07072162094274999,0.09276932013396225,0.1139440470771143,0.0706134760292952,0.16243416172370365,0.14551201256277138,0.2910732607268461,0.060187926690144146,0.08280613690340702,0.06409728544792656,0.09268327973734629,0.14142180495477433,0.12509056690286646,0.2017742729304372,0.23193872629858622,0.027999240861117,0.874,0.050727970022283915,0.042299770942660096,0.08795418426232222,0.10300408926509708,0.117712003773168,0.15329582712441972,0.2036225236041532,0.2413836308697124,0.00017893041328906491,0.8535,0.16248738047604624,0.10902066782855956,0.08695856310778156,0.15249076567853756,0.08430469904143023,0.13351805985794382,0.1362431566756559,0.134976707171392,0.017641972519114937,0.8615,0.08294590359526925,0.07513979728385753,0.09409582520237754,0.13604675488324505,0.08788787847207959,0.12653647414485208,0.1961743154383733,0.20117305079767178
59,0.8,0.04432795918794291,0.04179041565733794,0.8645,0.874,0.026362091467000488,0.02203415790794886,0.0457286856142435,0.070265620492978,0.0946018699393041,0.14197313219691682,0.2440283417172342,0.3550061005450622,0.04899480032981363,0.01673680372425708,0.05074920219979983,0.0504194576212447,0.10574410854678228,0.14552776495888065,0.2377064202809997,0.34412144221979857,0.04438534389973998,0.8735,0.02126506380759142,0.0161912754400857,0.03746477230484186,0.09896142946667578,0.0825339543807452,0.1632253713339809,0.23259027138468033,0.34776786178669133,-0.006028941854498919,0.864,0.16924603414652098,0.15868930923575744,0.10308132431351862,0.12588274264504168,0.10723418759795308,0.1022244347550897,0.07126843843224082,0.16237352871252794,0.026347820529324512,0.8595,0.05805090020219587,0.03853105594643165,0.07696687660597508,0.11811569521033462,0.12265225776083409,0.15569929198549912,0.21919637891227833,0.21078754319433224
60,0.8,0.042855099277720035,0.03946000947470877,0.8705,0.8715,0.020715650920237944,0.03359360229426699,0.06144072933816621,0.06345606883238174,0.09086952238873086,0.13025342649057994,0.25937131752803777,0.34029968208395794,0.043269587370617445,0.03898569670906621,0.0384694977501173,0.07174603505976539,0.116459985962463,0.12568267973092226,0.22580136346413537,0.33958515383562865,0.0417095300394134,0.8695,0.018724630353250962,0.04557341679987956,0.038327804030554906,0.07311184862875207,0.09340654397111256,0.16939815985434978,0.2405844584287969,0.3208731378321645,-0.008181350776635775,0.871,0.16904652815314508,0.14550591160360235,0.1422713146991335,0.1471532982973528,0.08842218626708155,0.07101577403336001,0.07998769181765354,0.1565972949702778,0.02146071726480709,0.858,0.06658273733820316,0.08881300447542217,0.08410229052003405,0.0889759096821522,0.09348201738010081,0.17575731144446172,0.19131691966718006,0.21096980931159953
61,0.8,0.035849051685413545,0.03499884947331824,0.8645,0.866,0.04562785199403891,0.050818507012222736,0.05984745430721839,0.07617911386780606,0.10945567092744601,0.10935231456331604,0.21900845386883638,0.32971063334600137,0.035765610926415295,0.04033524869146687,0.0738345421006295,0.09508506628874981,0.08429081421224582,0.15547266541119223,0.22434680399042084,0.29086924827052646,0.03745227163106267,0.871,0.03285119319390917,0.04378802598456073,0.06850048946813399,0.06872307812674931,0.09331266824804366,0.1640639871025887,0.20885734407931394,0.3199032136954578,-0.004386433469398732,0.8645,0.16676362429596914,0.15320047419639646,0.13078560657759308,0.11285931176133816,0.06293024701589053,0.11612065759578277,0.07128465371742126,0.18605542467543484,0.019546853204474076,0.8595,0.09006370663877687,0.09086362517335939,0.1208238324479793,0.046154296580367134,0.08306342492998081,0.1469799035811479,0.17151803687265074,0.250533173628812
42,1.0,0.007771059743242274,0.00640180346359743,0.888,0.904,0.1035631324068225,0.11095851898846522,0.11208112682546828,0.0956075365001744,0.12381250201999439,0.1515243916748514,0.16560038014461606,0.1368524113473407,0.11032212208984878,0.1163779297041551,0.09667393928488915,0.13346716436489536,0.12067289439550385,0.12042079234586357,0.14050319960965674,0.1615619581185836,0.010113220129402245,0.897,0.09561908221089807,0.09006465984642348,0.11692862315172046,0.13168170400620924,0.11020145730984529,0.1413313476074391,0.14088622077653298,0.17328690500353364,,,,,,,,,,,,,,,,,,,,
43,1.0,-0.009891962669604093,-0.011743206038763932,0.8855,0.893,0.19698900688008977,0.15621041828606402,0.11208718795082873,0.0944432232066503,0.10772894810464097,0.0962897057713359,0.14530178540362046,0.09094972428094135,0.17080843649965455,0.14732291528527902,0.15382748456982048,0.12333184188742342,0.11450288165117066,0.11326644328935233,0.08111178407242893,0.09582821262618815,-0.011150107011747424,0.8865,0.1654953759520029,0.16082596527792709,0.12713597979936572,0.13447155135709746,0.10519764725466238,0.13426821687203283,0.08718559085267052,0.08541967252685041,,,,,,,,,,,,,,,,,,,,
44,1.0,0.0025946170875529384,0.00016909976727061312,0.897,0.893,0.12845806423354672,0.10795281037603761,0.12455596243374917,0.12959801339388338,0.10472194572933789,0.1267529554959058,0.13525915615155984,0.1427010920842483,0.13619859970384435,0.11827916183027441,0.1351316643106053,0.10251652789196396,0.11201436968162923,0.1436030752583275,0.12085894783506095,0.1313976533886967,0.0017698386257503386,0.8925,0.11275131204808798,0.1179961981399756,0.13838762250506187,0.1269108852690805,0.11902584808093142,0.12173880259881967,0.12829360116069968,0.13489573010041425,,,,,,,,,,,,,,,,,,,,
45,1.0,-0.007589016729392944,-0.008425368547904483,0.892,0.8905,0.17348750519887832,0.13747953403962282,0.13528925138528014,0.09670974047661521,0.11521680661486625,0.11998801541098987,0.13053729213452692,0.09129185463331999,0.16536327269393258,0.14372787606783352,0.12794587253690037,0.12419294398536637,0.1152314710843567,0.1146028465580649,0.12255406838044604,0.08638164858685778,-0.005837586617087775,0.89,0.14609737715839327,0.14714834250399564,0.13298808423840877,0.1362184659897215,0.08974780344492485,0.13136842716329722,0.09781239256694935,0.1186191068183916,,,,,,,,,,,,,,,,,,,,
46,1.0,-0.004161029228997998,-0.0020659670626438325,0.89,0.892,0.11627392337779036,0.1539280335529072,0.14712971376272224,0.1275373128792349,0.12004394382558133,0.1042048084025843,0.12293829365555865,0.10794397043278715,0.13167758215279374,0.09926899370342691,0.1529559382438241,0.12125885137546386,0.139839961647248,0.1430141364912859,0.11405032433341215,0.09793421194905394,-0.0005148068007694887,0.8965,0.1332701196920791,0.129194077739465,0.14536870001077512,0.0997505463868282,0.10023982584302249,0.11113635507061516,0.16472870774035295,0.11631166741996594,,,,,,,,,,,,,,,,,,,,
47,1.0,-0.005219375348654753,-0.006917688662419068,0.89,0.8925,0.16753025343998038,0.11300637407455277,0.14250189942439342,0.11258545082175916,0.12414974447945064,0.10853508623383519,0.11609303946231422,0.11559815196686256,0.15803134732138036,0.1374425460692292,0.1303981624342604,0.1399313013707841,0.11610482763248299,0.10540506047120873,0.08882759433780403,0.12385916027014883,-0.004538713172345056,0.8975,0.1503492476365411,0.1434314492132126,0.11290489045051254,0.11990092975777801,0.1318515319616104,0.10714117155684597,0.1236274138876161,0.1107933654405647,,,,,,,,,,,,,,,,,,,,
48,1.0,0.006751230685906008,0.0088409457579117,0.8825,0.896,0.114576830121019,0.12698271767974278,0.10931281006591227,0.08914027522165352,0.1184183051931278,0.1258936330504166,0.142346861008741,0.17332856755617984,0.1064296494082154,0.08959676635165804,0.10348738099834967,0.12239798064351341,0.12714494020094638,0.1578018434823357,0.14202479870180912,0.1511166401088492,0.006389384845211024,0.895,0.09903989194304606,0.10061911229560876,0.1393377569523145,0.1095097257226038,0.12366358982665722,0.1420477881071567,0.14483788542401363,0.1409442496269206,,,,,,,,,,,,,,,,,,,,
49,1.0,-0.009932205084176022,-0.012303874819173275,0.887,0.887,0.1881844685697579,0.13207222368386673,0.12855962815247815,0.10765086510124,0.13056482087759202,0.10438825583068737,0.13355541564218612,0.07502432204499172,0.17752861129403688,0.14134682982205396,0.1473319164129202,0.1338429719341603,0.11305693547798773,0.11412415664889625,0.08653089453132862,0.0862376837785105,-0.010758963384333069,0.877,0.17085228832005564,0.154903108354869,0.13008917830016004,0.12685995484164064,0.1275683938735372,0.09290005062405636,0.10010079960350794,0.09672622595851858,,,,,,,,,,,,,,,,,,,,
50,1.0,0.006849436883067153,0.007724167752854455,0.892,0.8935,0.1145649239155214,0.11666267722057283,0.10527759354646693,0.10994616177294723,0.10197516464245056,0.1484873757371431,0.14132025962929753,0.1617658434430193,0.09563959381096049,0.1046415037877692,0.12196447892611392,0.12488349639128594,0.12346645868955163,0.13717438879706634,0.12415424079215262,0.1680758387119225,0.007472951487574304,0.898,0.09323470042861348,0.11943892362925147,0.108555177328442,0.1250252521179239,0.11913011828891876,0.12671553037058725,0.1631612817062962,0.14473901603912587,,,,,,,,,,,,,,,,,,,,
51,1.0,-0.00980678721189566,-0.008380663841652137,0.8835,0.8915,0.17362397869959365,0.16338265637412616,0.11758670381721117,0.11607721536075144,0.10717565533840526,0.12128820206602368,0.09987552273012584,0.10099006551340409,0.15676960074032217,0.12701209475039227,0.13976610449724106,0.15798993655261617,0.10556242230952309,0.11748586573663206,0.11007884023568233,0.08533513508313484,-0.012485530746847303,0.898,0.17075375271208146,0.16722370545315365,0.13250470255402227,0.12037753370301352,0.12042205835106622,0.11633796173546854,0.08779804319263784,0.08458224219422625,,,,,,,,,,,,,,,,,,,,
52,1.0,0.007971409756540303,0.0063568163585985445,0.888,0.887,0.13555366881893882,0.09079917058534523,0.11009214352378459,0.09479624220652322,0.11768776074906648,0.11366526450080489,0.16149058693300242,0.17591516258143816,0.08929189133829257,0.10532908620421538,0.14233503097616573,0.11668939572217939,0.11967415255223113,0.15033321572791383,0.1378743290888326,0.13847289828313475,0.008552939896112971,0.889,0.09440145265688636,0.09652691317672499,0.11751393705969419,0.13598554021412865,0.11523468501467987,0.1376704155809286,0.14824814397548752,0.1544189122162324,,,,,,,,,,,,,,,,,,,,
53,1.0,0.01642209963040887,0.01675115701761835,0.8905,0.889,0.08336316100686371,0.08283134978009218,0.08745632689253581,0.10876430093072299,0.13192004373779306,0.13899406367166423,0.1836544927327448,0.18301626115638173,0.08567376933967169,0.0816172302759098,0.08745510573948946,0.09321134957858863,0.1383338973009501,0.1476208095839712,0.18666739981424907,0.1794204382728772,0.017176372105181623,0.9005,0.06537864131078222,0.08920981403842414,0.10762549991215331,0.1020664955274948,0.12005154491478982,0.15609048429841238,0.16695391286325242,0.1926236070486455,,,,,,,,,,,,,,,,,,,,
54,1.0,0.012940684803345549,0.014535198261666443,0.891,0.8925,0.09286441307008045,0.08415598340597412,0.09751027632346365,0.12204468369690877,0.13605509394794446,0.1195905962676007,0.17842785521144822,0.1693510979801103,0.08366390958452848,0.08612603216297292,0.09566466759991309,0.12710481927496955,0.12655126547307932,0.13376951319213298,0.1531826746879849,0.1939371179245501,0.015165113559601052,0.8955,0.0715516679799843,0.08622493287984784,0.10946569263495459,0.10593498482459172,0.14633365456889458,0.1311454564667254,0.17249367792833326,0.1768499326263337,,,,,,,,,,,,,,,,,,,,
55,1.0,-0.0014716042507557632,-0.0023118174319921025,0.8905,0.889,0.15411389997300032,0.13486268565794277,0.11009982914166953,0.10543832661299452,0.10241995873277582,0.1354433464898771,0.12343494307752614,0.1341870102121709,0.1306585466322841,0.15560394391813756,0.11937088658677192,0.11322970704166282,0.11088585181818655,0.12226883164053863,0.12189436202640168,0.12608787023707232,-0.0020588059652600875,0.8885,0.12753104547702665,0.12426980171860834,0.13645771978869822,0.15634412353626023,0.10837706946989836,0.09597504321697016,0.12338733362307071,0.12765786307379615,,,,,,,,,,,,,,,,,,,,
56,1.0,0.009810520088881695,0.01167134660976153,0.8775,0.8615,0.11242122202446983,0.07561772493298573,0.12231162229592085,0.10176361733954872,0.13118817780293743,0.13019909197462248,0.17472795390477022,0.1517705896112764,0.08896986780943017,0.07942429347401926,0.11248708357496134,0.11737648666500618,0.13849972613215888,0.16366374562762587,0.13570057229313717,0.16387822430932053,0.011875171379309109,0.872,0.09684814873186769,0.08238776529273117,0.10121199686082048,0.09803718831470748,0.1557145237554807,0.16802184808576082,0.12758316380747695,0.1701953650422451,,,,,,,,,,,,,,,,,,,,
57,1.0,0.001826154075466066,0.00030384392115954966,0.8825,0.8865,0.14161185193304088,0.10405681636102376,0.11715228628479946,0.12081183098934234,0.11796405873373281,0.1233687741278969,0.13803918692327827,0.13699519454078285,0.12125597025678539,0.11938546882073896,0.13353674175679234,0.12606548785648247,0.12432333943868538,0.1254255732956492,0.12636712509246287,0.12364029337392952,0.008693046254616518,0.8755,0.07291509856330483,0.09639747695790495,0.13392725989934773,0.1289796330894176,0.1391163112421207,0.14123137271339914,0.160734994197006,0.12669785322007981,,,,,,,,,,,,,,,,,,,,
58,1.0,-0.00587495044512864,-0.007559500246667791,0.8775,0.868,0.17211141349944192,0.1422427323392083,0.11414336134656139,0.11230674612504014,0.1115449187316456,0.11212633135017956,0.10968041953368711,0.1258440769307761,0.16494875282044325,0.14998623793367902,0.12496998681733311,0.13105637605366438,0.10926969435727556,0.08033497038438088,0.1253858503913972,0.11404813110423748,-0.007318410036831996,0.861,0.1779833053253594,0.11267667954257868,0.1453273790831657,0.12310918502724336,0.1127640140820662,0.1114247008892244,0.1052149269416495,0.11149980895932496,,,,,,,,,,,,,,,,,,,,
59,1.0,0.0029641342573542323,0.007142089925587086,0.8875,0.899,0.13428576845995854,0.09335839330885828,0.13479834757228062,0.1066220556248974,0.1218839044209162,0.13256599873362715,0.14409195066696462,0.13239358110955357,0.09908293508174754,0.10723758146884674,0.11290669091317834,0.10974100657189048,0.14152903272872905,0.14610081972496708,0.1427399699011863,0.14066196350966365,0.004116423437193484,0.896,0.14318686045001663,0.09838857284797821,0.1108158801243978,0.11212551726888345,0.1087897367570174,0.13149530755795008,0.1425294599727558,0.15266866492309858,,,,,,,,,,,,,,,,,,,,
60,1.0,0.010191404054571486,0.009360054361083935,0.8955,0.8985,0.12253087066545677,0.07556213771311371,0.1129574834328016,0.10656277752061506,0.09522871453668146,0.1552723382004886,0.17360276115916046,0.15828291667040584,0.11202051006062341,0.0912861070382111,0.10613337871559948,0.11023774822897776,0.135143700444342,0.12062532411501348,0.15671786777786387,0.16783536352050626,0.013300274933411209,0.894,0.082028807573603,0.09152513001919566,0.11220823469882682,0.0991219645502542,0.12750383347108168,0.1559140553115415,0.1661673765716489,0.16553059770007492,,,,,,,,,,,,,,,,,,,,
61,1.0,0.009107444989117605,0.008128594871430826,0.8775,0.879,0.08748756410898058,0.12460077243751255,0.1243677101185699,0.1129429509043592,0.1079583118771915,0.10189265182206565,0.1561991332384941,0.18455090539435928,0.10065950652583414,0.1029446044548928,0.12046695519388001,0.10033701559861742,0.11622618865463957,0.16100137618757668,0.16195068596794407,0.13641366732552274,0.009220565661438992,0.8845,0.10212646411704324,0.11229592146537472,0.1387912076277332,0.08169338007276067,0.09961978605847065,0.12686238554460152,0.1507617765842065,0.187849078435672,,,,,,,,,,,,,,,,,,,,
42,1.2,-0.02151859515137629,-0.023554005003389163,0.8815,0.8865,0.2519189071910179,0.1561469752084782,0.13290601458102763,0.11183687245438706,0.10037550996060272,0.10133703587961485,0.0877886300550794,0.057690054569504746,0.22802554668661387,0.196167350234821,0.1300868562824306,0.1342723909081571,0.09432905887486223,0.08754558782220213,0.0704830842525886,0.05909012483524981,-0.02614349301936389,0.8875,0.24427700278278294,0.1977503947643156,0.1475933019172692,0.11951999002171428,0.08346468916391413,0.08901004279694374,0.0571246956087324,0.06125988283565783,-0.05741237892433499,0.8145,0.47814982212219215,0.24575315481046,0.1028106063892607,0.042679588488236934,0.06573449001358753,0.007367044871247338,-0.03217388080288984,0.025331412329520245,-0.02900850769602706,0.8735,0.2545139008187878,0.2031963086734721,0.15792421642387253,0.11485477391446404,0.08951444227139808,0.07080515678970341,0.058388346797149326,0.05080285417034688
43,1.2,-0.03839006961717072,-0.050346863531978744,0.8505,0.8495,0.39015420875994233,0.17633425551770182,0.1258892900862278,0.06676321590845573,0.09415652677423374,0.04930496830427328,0.04571909798972823,0.05167843651388691,0.37275540569620164,0.23016818502107625,0.19860922698277803,0.09581931693189344,0.057554780956807945,0.03727526774862162,0.0007330368386113097,0.007084779682439062,-0.04589363758903136,0.85,0.37833423908662656,0.23664522790775439,0.13435709259725068,0.09464521377171535,0.05493331581741755,0.0637260422238316,0.01670338724027167,0.02065548121995979,-0.0631602316893539,0.8025,0.5831689118400494,0.1989105832680188,0.09174140290687986,0.05212954054935922,0.01578405978575861,0.029006347441567323,-0.017415632811217056,0.011843521218619108,-0.04290908330729714,0.8455,0.32237595846468386,0.2411631098311422,0.1620821012759903,0.10949762663553289,0.06837041448681895,0.06235778286866782,0.02034330798006998,0.013809698295123895
44,1.2,-0.0203586008367107,-0.023491786075017545,0.884,0.8875,0.24175074976326588,0.17018002980274521,0.1336752698146292,0.1032174112573346,0.09283395609638094,0.09781030674708088,0.08635733172152434,0.07417494468983789,0.24150431130722724,0.17301204950791643,0.16482055330939538,0.10883886006901942,0.07506365055259144,0.0961510360777873,0.08110130793680731,0.05950823113084486,-0.023277333840146575,0.88,0.21407528913269028,0.18750999158947051,0.15520399381524422,0.13035926001894652,0.0972356632147266,0.10127545734478512,0.062346133952893366,0.05199421082214308,-0.04417381150164802,0.855,0.3669749716372425,0.23469310148058525,0.1355084124689682,0.08300806048633269,0.07023414916500656,0.06672194927696519,0.024596021849478393,0.018263333482161536,-0.028114560037135517,0.8645,0.23926837267745987,0.19605273174849203,0.17033101984703689,0.11999329287445473,0.08484116745594043,0.09145218403129139,0.06056038068662299,0.03750085054256134
45,1.2,-0.033627891876647185,-0.04085730072144873,0.856,0.859,0.3468937292345817,0.17233969791070627,0.13237859684171724,0.08374849147780684,0.07874251069043932,0.0656920143702128,0.08557865527858699,0.03462630405231206,0.35076411988334877,0.22144941663222473,0.13876075284852382,0.1019272183488948,0.05834348842676627,0.052916509369846335,0.04958516916443194,0.026253325182695828,-0.03907384109430924,0.85,0.3310656400525303,0.20907660808650622,0.15473474901926557,0.1149276703995498,0.05008514210247126,0.07537600282242185,0.03479033790546954,0.029943849462646773,-0.062227578361992206,0.8045,0.5357792258517663,0.25405078581879054,0.08607688561134692,0.08107696614388299,0.005796386214820382,0.030233193744717137,0.006251155888470024,0.0007354005336527987,-0.03805374662299756,0.848,0.322773553357444,0.212499978036444,0.15596540926950256,0.11327202395472055,0.05153108545102428,0.06946760399419183,0.0373990093902582,0.0370913363901242
46,1.2,-0.03746265829407482,-0.04197410160031471,0.865,0.8585,0.3367491989640767,0.19244544815130543,0.14723178937423376,0.09784151381484468,0.07871757887071332,0.06576551590873049,0.06630579569121302,0.014943159098193064,0.3022981971181968,0.19908825739040384,0.19392626069388932,0.1102628291479701,0.08942804245854293,0.06543631929464777,0.022410783303757054,-0.017149310468382035,-0.040301701362985054,0.868,0.31927762940005416,0.2379709228861999,0.16821386768410862,0.08711602840224991,0.058067171913726574,0.0611032133966766,0.04396111915423542,0.024290047045753476,-0.05959735991484754,0.8285,0.47384178059973864,0.26952411535802423,0.15186925562285497,0.05274178325157239,0.012441683851836614,0.02484038136457764,0.01173273414210528,0.003008265657876768,-0.03808231290103271,0.8655,0.29493048034177,0.23800925263170122,0.16357343876677607,0.09612647796052787,0.07066996771498738,0.07374614172200088,0.04501297091707502,0.017931269808376823
47,1.2,-0.031216684872771294,-0.0383607154023197,0.8695,0.8645,0.31532526521374554,0.18529359960099287,0.13183164041539125,0.08576010178198343,0.0937505684201531,0.07326314159979928,0.06208571246228998,0.0526899703836499,0.30318054438273573,0.2233639267910589,0.1461280778134425,0.14449627121427397,0.06136316526427115,0.07032929245205469,0.015329120434873124,0.035809601528484045,-0.03839186559125091,0.867,0.3240435555812393,0.23384822029363497,0.1296308932600011,0.09523002429443973,0.08547268129372834,0.06294566606979611,0.029680204063826106,0.039148755017709806,-0.05613017292296447,0.8305,0.5029231144607796,0.2356709844569768,0.08128764970976039,0.08622398767261538,0.025388309047425252,0.0414213067225704,0.01263781440521356,0.014446833363144968,-0.031213522122399258,0.863,0.2765308992126317,0.23787755365417743,0.11595493104570063,0.09841160030159617,0.09380523372383295,0.07486286408618542,0.04342382638195212,0.0591330914320455
48,1.2,-0.02236952913676013,-0.028837385775082585,0.8685,0.882,0.25595216180305624,0.18983055137043883,0.13117739552055582,0.08223856490071554,0.09194276963447183,0.07664293603619259,0.09491636433364446,0.07729925629097814,0.2504943949993411,0.1822378459267312,0.17099644469942102,0.10854260966695849,0.10843011337600454,0.09884028672523403,0.05215878588072961,0.028299518618853114,-0.022261219918916667,0.8775,0.21900493170984117,0.1783754939737003,0.15276030683837577,0.1349818386156894,0.09317494289617541,0.08505181852972722,0.07832639598541005,0.05832427133811402,-0.04932081505864411,0.824,0.4361711661099696,0.2154916204652381,0.13069351361538942,0.10456432598235627,0.0434074477702758,0.0064611786097108145,0.010456773700234586,0.052753973556830494,-0.024054802984155396,0.866,0.23791918334157464,0.17898587677296734,0.15393756775906858,0.12998093940129637,0.08353143496018946,0.0824513144670909,0.06584365062610219,0.06735003253904753
49,1.2,-0.03550302191526896,-0.04252326322263788,0.851,0.856,0.3591382435658953,0.18993479936798435,0.11501547306696748,0.08619660572857729,0.07939294163761772,0.053036169272179884,0.07343546711168093,0.04385030011935881,0.3348261232673444,0.23269806873075108,0.15089042787408108,0.09577696365592234,0.0902480068473269,0.05518061312721939,0.027340538826633003,0.013039257534228058,-0.04510456137479505,0.842,0.3556202165804074,0.23970915450668318,0.14784723512409584,0.09303654144512714,0.06180984659668975,0.05652276247169521,0.04354032898947964,-0.0019139141468968457,-0.06435054382181586,0.799,0.5507574683952549,0.256051981311515,0.08081199447966653,0.03653927329123972,0.012421988347462571,0.04363668691157253,-0.0021119807815147334,-0.017668626307506263,-0.043109143836482414,0.8405,0.3443181722923869,0.23420366266951306,0.1513731037149238,0.10019209880822685,0.05802551402513468,0.05943485686120026,0.044554688949557206,0.007897902532317803
50,1.2,-0.022066456657766163,-0.02279152422384428,0.88,0.8785,0.2706087432181812,0.1460971150242675,0.10953521091138464,0.11254331833123439,0.10916360853325709,0.12275761370572084,0.08509190567294293,0.04420248449235721,0.2094858478574552,0.16367877375016773,0.17393463020090813,0.13740079430847427,0.12688317368565258,0.0815626679510336,0.04571925428804854,0.06133485784032972,-0.025599258446211814,0.8815,0.21820947128273843,0.20976567084768954,0.15149407142811916,0.13857123414992434,0.0915991237122521,0.06436314118771629,0.07382958302311408,0.0521677042541617,-0.059087459296501124,0.826,0.49244214659285024,0.24492545207093308,0.1293631997032419,0.07377723474619752,0.019048268062541274,-0.008909529951166367,0.021408159827710854,0.010126008872406679,-0.02162280720332907,0.865,0.20780972674875609,0.1924511301561774,0.15241719762902772,0.13684366908235823,0.08546089616075897,0.07254224090101938,0.0878551990774567,0.0646199400944111
51,1.2,-0.03383495323956071,-0.03917694327242416,0.8635,0.858,0.3491005959431568,0.18136161474089632,0.09493507259751809,0.12435512270472461,0.07073730479838276,0.06921796205005568,0.06645048323181175,0.04384184379616395,0.34493696029960935,0.20915189446003943,0.1443110388817726,0.10966667617643937,0.0595724274728457,0.04148759663018404,0.05404715328782484,0.03682625264758089,-0.04144276702287812,0.8665,0.316023561412808,0.23791168457206327,0.17229291829583482,0.09893319250734708,0.06410173394047494,0.04811073129114543,0.05523715125208391,0.007389026592675452,-0.057416670471491786,0.8305,0.45759726267743683,0.24338609697593339,0.127103782544039,0.0897024390255993,0.02891459783481187,0.019264286556396885,0.018303172719991826,-0.015728361489976295,-0.03575177107676527,0.8685,0.28508747332596385,0.2192524329531436,0.16566153411671097,0.1118475255612269,0.07683648419840745,0.0650500527918306,0.05414014268416004,0.0221243542165488
52,1.2,-0.02152735176447405,-0.02721700249442122,0.878,0.8735,0.23935754237151716,0.160080019471089,0.15536090030719132,0.09846812796051031,0.10131727797781895,0.09912361086107098,0.09528979122595473,0.051002729704503195,0.2360772349305462,0.19140326385750178,0.1661960849796146,0.1440775095743151,0.07145871020700538,0.08728180941471288,0.045923664018403636,0.057581722891420925,-0.024135178065655082,0.876,0.21657550994834143,0.18585981835327223,0.1567194932162275,0.13215195123338003,0.10718776295232924,0.08753691646947538,0.07364760576227684,0.04032094194280645,-0.04639218139869571,0.8305,0.36229514218696973,0.26840895558223854,0.12480197317114343,0.10196784856842715,0.06215203793796828,0.03290516326653431,0.017804188879192186,0.02966469023969487,-0.029718211951806135,0.8695,0.23648699741404783,0.20764582762348535,0.16134056609704625,0.1311988569031423,0.09856132512840492,0.07956100570432413,0.06057670897686024,0.024628712018949714
53,1.2,-0.01676113000285927,-0.018101759474484152,0.8845,0.88,0.20330243937052428,0.16754693387279315,0.14286479089515675,0.10670722223366416,0.09928272279693433,0.11045804494647232,0.11565167920293133,0.054186166569368886,0.18373929260362573,0.18196853125223117,0.1604275880529792,0.1265151076208448,0.10474927556003204,0.08734317547634873,0.08515511342585257,0.07010191589875815,-0.012166461869815641,0.8955,0.1711655801085925,0.16646308963846684,0.14468766078509757,0.12187627793508245,0.09521422477785713,0.11974271357162256,0.07798228240618901,0.10286817066495321,-0.056240637945873716,0.8255,0.4960572649466499,0.2319981515736881,0.12028330365360661,0.07248637968121084,0.0048255913829384,0.03233767750992923,0.02720286287245892,0.01480876820122934,-0.017345732812991524,0.8695,0.2025052330364641,0.16045701099079945,0.15279687944611817,0.12761552502947168,0.09256537431478945,0.11382697368384023,0.06844551270608118,0.08178749062700959
54,1.2,-0.016266710373273936,-0.016096613105325744,0.8795,0.8785,0.22049822690094736,0.1405233645126439,0.1347084479543577,0.14379210999042388,0.09566495403164715,0.07687221916436135,0.10712407972838263,0.08081659760024174,0.19167950220055696,0.1680012904583781,0.14526144353027728,0.13330181573781646,0.09521569004270125,0.09417882068826389,0.0927742997572173,0.07958713746907069,-0.017318812993501482,0.8815,0.18837136161583193,0.16429933011810352,0.16158783537619217,0.12492756456916163,0.10252932030404581,0.11051658111660691,0.08672407501536473,0.06104393177346627,-0.05598031876014772,0.821,0.4468621915932772,0.25184099338836674,0.11584154621852968,0.10201218726581718,-0.009624412017787189,0.049712762703130194,-0.014485405364487041,0.009620501270657328,-0.02009647995107825,0.864,0.19055965803260458,0.18348640184776074,0.17258884362715063,0.12693557922745993,0.08883923086124378,0.10531479772894677,0.061382316959678024,0.07089317154841428
55,1.2,-0.030150337392477286,-0.027894918571543033,0.8705,0.8715,0.30711756092912956,0.1746110649632389,0.1343097517580014,0.10281967590796864,0.0820078968915706,0.09210799360197704,0.0557577134855352,0.05126834234411461,0.25201098233390623,0.20737803506587627,0.14417247464458516,0.1195627973057467,0.07964238021966165,0.07880966126299499,0.06758146720511025,0.050842201837487666,-0.03440823112734707,0.859,0.2718505105670321,0.21914489354310734,0.17993438806215875,0.1188269851642712,0.07043306371129485,0.04461669568749737,0.05181030821594683,0.0433831549264046,-0.0583581198738898,0.824,0.4731267236260202,0.2516105365950625,0.12173531649534801,0.07688585686627601,0.04523680081428615,0.011126837290475044,-0.00921777703304286,0.011060151111790154,-0.03742604201661474,0.8505,0.2908811345870748,0.22743673649789703,0.1748120739825938,0.11788399049933589,0.06894845676925834,0.03873151373234693,0.04120067341391848,0.04010542037351367
56,1.2,-0.023021566015062105,-0.02476555166206241,0.851,0.851,0.2926593548047972,0.12938340959985423,0.12295526640968515,0.100655911348653,0.1137540380100769,0.0946893792956691,0.09394898085214108,0.051953659541078806,0.23084781711949906,0.180877353295749,0.1524822715491355,0.1327048425512151,0.11459416180308082,0.06529192499904704,0.07135726635497103,0.051844362189362746,-0.03227533572822792,0.8455,0.25852563437710874,0.19451365042645138,0.170700234126458,0.11926669275875054,0.10831890613477599,0.10093062580988146,0.021416845186146324,0.026327411034834925,-0.061853880013964795,0.7945,0.5672844564541117,0.23283858674699523,0.05609348383729171,0.0687944680485313,0.024617105419876394,0.036662015904071144,0.011491596489113581,-0.0022182868966484394,-0.032703919602973607,0.8455,0.2595558881338104,0.19250798408765035,0.17151899180863966,0.11050067285021543,0.12686880854558694,0.09355850011349576,0.03430442496954225,0.011184729323926897
57,1.2,-0.03131090739818102,-0.03297493752429533,0.8585,0.8565,0.30759456779096717,0.1734999736259727,0.1215580104894252,0.12253500634040757,0.09973006311307868,0.09250204184397828,0.03877194313177545,0.04380839353203132,0.2845190758375808,0.18866884247145874,0.15279084682157665,0.13630188101224444,0.07040111275838015,0.09714461718031064,0.046646459045890126,0.023527164732537378,-0.03633285602740785,0.855,0.2684089170866904,0.23885115343200986,0.1629317871801497,0.10820293018753747,0.10093125814853733,0.06701497669195317,0.029716227980136473,0.02394274915250394,-0.06288693621880646,0.802,0.5587642599868253,0.21901399202203437,0.11168557717228869,0.06616108911299802,0.01860903296500123,0.0017496423335837778,-0.005569820426717217,0.018446585776557063,-0.03427358649542144,0.8425,0.280805703702559,0.222916143171593,0.15554744046028313,0.09721860929071967,0.10005051887372565,0.06611067937003076,0.03736929245968373,0.03998161250711544
58,1.2,-0.02465945519323324,-0.03243199816641416,0.866,0.8475,0.29513755086864835,0.17437266197333715,0.11009277775016901,0.10407335037423698,0.0728155105078517,0.0812529752433413,0.07578851738613972,0.08646665573882852,0.2977199430383298,0.20005514156760051,0.1420891570204356,0.12448717695727468,0.07151610473398916,0.05612375623261364,0.04258315216487019,0.06542556812713178,-0.03730431588364959,0.85,0.3058978907673097,0.1933029861286889,0.17137408929253714,0.09999557150462497,0.11362745632437464,0.05916859803547537,0.049605816866842525,0.007027590915038353,-0.0035847055187300456,0.818,0.19582611324564883,0.09645861907374081,0.10897573801173709,0.12718697750399494,0.10218950904208024,0.10629710569204522,0.1282337850937043,0.1348321520667699,-0.0239427337985696,0.795,0.24007763583546712,0.18005759245006567,0.13449580374515624,0.152903055487411,0.08547716291201811,0.06987752521917402,0.06442803324409982,0.07268319085022734
59,1.2,-0.026022020854387835,-0.030432410908201944,0.8725,0.8715,0.28743687589695455,0.15209968802969967,0.16485667593908362,0.09668568712531339,0.07064995622472924,0.07515667880136688,0.09497926150622332,0.05813517634874555,0.2548989317827222,0.1998339562337357,0.16382922099645925,0.12255487550802116,0.09135859253415796,0.0890899652521727,0.03324368268701105,0.04519077487577648,-0.030739827340206735,0.8795,0.30611890098626887,0.191598633945727,0.1214021034733469,0.11172491892905556,0.07952691346570515,0.06820345963297234,0.06975078455166016,0.0516742848973319,-0.05889578910550592,0.8295,0.5125726534023769,0.23626061150471983,0.11545896059910715,0.06452719170338406,0.025514204321462716,0.020684672829189652,0.014735370528070637,0.010246334932722605,-0.0355228850341115,0.8645,0.3269860480169717,0.20208455908321732,0.12957448383479844,0.115273522106669,0.07562055443962873,0.04752196276212326,0.0596793838512542,0.043259485756902284
60,1.2,-0.018137955954441086,-0.024002952327078705,0.8815,0.8805,0.23401035041492665,0.1637213850140271,0.11788638582038459,0.12148909034679448,0.09231821400734992,0.08948019122425427,0.1100900716975271,0.07100431134882436,0.21040566840856298,0.18290572215825887,0.14358176089692098,0.14657126010369637,0.12439921705180827,0.0904770322237438,0.07950442497950647,0.022154914050072624,-0.023104052455082357,0.878,0.22879400426533283,0.16037965959028985,0.16435743720954557,0.12372976094988677,0.10871494539996628,0.09426135001619619,0.0751604491790636,0.04460239325950146,-0.06027370070973085,0.8205,0.4802571455927144,0.25316149154960216,0.12092162579261857,0.09137441814820257,0.027200485954644364,0.013894909978997548,-0.011871563554522168,0.0013183592409500367,-0.025908782600126662,0.868,0.24196929289941893,0.16686666026224264,0.1728996092332397,0.12457123969820894,0.09560567300355448,0.08607004260424671,0.07144374762104123,0.040573734524704586
61,1.2,-0.009558233268307612,-0.014768453658543105,0.8675,0.8615,0.17485690942297327,0.16963524105349878,0.1146665903295024,0.12070460742086732,0.09727395641974668,0.09024299712704449,0.1311767397297437,0.10144295837860609,0.18914586579408685,0.15106483297902482,0.16078134495104643,0.1101455504237825,0.09510039301032183,0.130368634776193,0.09933761978028863,0.06405575816752676,-0.009921563099060985,0.859,0.19570409717222537,0.1686785914370401,0.13111467689007647,0.08671055301176456,0.07513610724398072,0.10357481990577881,0.0997318628378895,0.13934929137155488,-0.03988500224983571,0.833,0.3328292336918227,0.24339148529641474,0.14010061252800365,0.10822606497829446,0.039357347686752225,0.06403549139564196,0.005466197849117283,0.06659356639738166,-0.011914948995267962,0.844,0.1845978491644042,0.18790367545642253,0.12361524503880413,0.1064248428336242,0.07260416533910388,0.11011013034652439,0.09901250716174062,0.11573158451329837
