seed,gain,hit_mode,g,g_lo,g_hi,B,v,a_bias,nll,r1_g,r1_g_se,model_hit_frac,net_hit_frac,acc_model,acc_net,prof_edge,prof_better,M,n_trials,minutes
42,0.8,bern,6.588230385729737,5.699823718896688,7.39490040894863,0.8189817615543387,38.308441240669104,0.01690667024245352,912.3403567897888,4.552404563292733,0.24408924568187565,0.8751366666666667,0.9275,0.907,0.859,True,-0.17928469833145755,300,2000,18.333718037605287
43,0.8,bern,3.4480538041683637,3.4480538041683637,3.7090074684169947,0.9690477189818604,40.666982879668076,-0.19700987188379185,794.1362136513653,2.7175136197138916,0.214312849796919,0.8986283333333334,0.934,0.9035,0.8805,True,-3.719699206914015,300,2000,21.14821046590805
44,0.8,bern,4.1921360554291125,3.905823594991518,4.762533874791451,1.2030218809652933,43.61956320130693,-0.3434435960935431,983.1277833985332,2.888292194623296,0.250114452998862,0.75544,0.7835,0.904,0.8705,False,-0.0442749581247881,300,2000,19.014210975170137
45,0.8,bern,4.549856413547475,3.8054781765197405,5.091660184649254,0.9191221873674031,39.31653591200614,-0.09364182456606392,877.5925439370617,2.951513923185407,0.22263981305086208,0.8719649999999999,0.9185,0.907,0.873,False,-0.12100758299050085,300,2000,17.918225264549257
46,0.8,bern,5.78728115234148,4.934422017054954,6.483375419284368,1.0360288465800533,45.01034357700462,-0.3296192187125988,1011.2770220170567,4.458205560902983,0.2730082681856943,0.8197883333333335,0.8605,0.9015,0.861,False,0.0,300,2000,18.83445485830307
47,0.8,bern,5.223276173238296,4.588591971803343,5.53500779072583,1.1125026824672202,48.60725589177068,-0.18047447750765855,875.7789240767875,3.043563038556134,0.22663996290229382,0.8397866666666667,0.873,0.906,0.8815,True,-1.91875527224704,300,2000,18.045061326026918
48,0.8,bern,6.698463259102764,5.51952948401206,7.450005169880893,0.9432360580213254,40.885728522397166,-0.21550722784447598,1035.2055259644303,4.764280587865889,0.2741239178163253,0.8018066666666667,0.84,0.9025,0.861,True,-0.19914388542565575,300,2000,19.246493788560233
49,0.8,bern,4.565332256777536,3.565332256777536,5.506509885874187,1.0239773977320779,46.66320819931239,0.015916299091315138,803.847471634548,2.805129943615167,0.20696551614813588,0.8815183333333332,0.9225,0.903,0.876,True,-0.00927559411513812,300,2000,17.9993417541186
50,0.8,bern,7.383382387366378,6.664226908834379,8.186706178160291,0.8651650625691948,41.45446223996844,-0.22679352715820655,977.0103726330444,4.754245793112315,0.26722589990502654,0.85575,0.903,0.907,0.861,True,-0.0847882864014764,300,2000,26.079424520333607
51,0.8,bern,5.4818715931572255,5.1487029461541285,6.155751926627552,0.9987757252657453,41.5273245679562,-0.4467520611181383,955.7499019194181,3.1204726575797284,0.24368207625642532,0.8232849999999999,0.8575,0.902,0.8735,False,0.0,300,2000,20.44204315741857
52,0.8,bern,8.994917984915961,7.954569637954921,9.624898083413427,0.9400978089561394,44.91458208742774,0.22736762356615586,1059.7223245644764,3.8454500770461975,0.2763204650167255,0.7871266666666668,0.816,0.896,0.8435,True,-0.31231394863129935,300,2000,18.561359516779582
53,0.8,bern,7.179674248536951,7.179674248536951,9.179674248536951,0.974207969381141,45.63282050337598,-0.23795876548284176,1005.9613617138517,4.9417063716923915,0.25803688631568084,0.82062,0.8755,0.9015,0.858,True,-0.7188043564609643,300,2000,28.360927311579385
54,0.8,bern,8.193788301208173,8.053337843794152,8.3400049914523,0.8411280938762536,37.73704089778343,-0.2379844888244696,1114.1069975070673,6.034096169294042,0.2795609252513051,0.8047616666666667,0.852,0.9045,0.846,False,-2.6796451540124053,300,2000,17.26231845617294
55,0.8,bern,6.020093819259273,5.4918349900727685,6.808471616734365,1.0510300380265178,46.78513836121815,0.03590473442793822,957.9886450207473,4.418714350859815,0.2417711047217544,0.8203733333333332,0.865,0.902,0.8675,False,-0.7054682329696789,300,2000,18.1433665116628
56,0.8,bern,8.22831087689391,7.228310876893911,9.22831087689391,0.7957579193155508,38.80032289680008,0.09692000800027521,966.0860466974178,4.854843524576434,0.25051066745646855,0.8597016666666667,0.916,0.901,0.8605,True,-0.005809524971596147,300,2000,18.534281504154205
57,0.8,bern,6.628480740230682,5.716044703302527,7.0581446911770165,0.849428907501003,40.32259824131813,0.028960946964306462,921.0257135014185,3.8373635839314995,0.24288125183123668,0.8677249999999999,0.9215,0.908,0.8715,True,-0.7818206547657383,300,2000,15.000555487473806
58,0.8,bern,1.3140885746341002,1.2289763642272682,1.421102846976609,1.948809502921544,26.63216152661642,-1.4512251415593274,1365.3405197231782,2.505138119144469,0.2637508881732163,0.4556383333333333,0.5005,0.8725,0.874,False,0.0,300,2000,20.79377116759618
59,0.8,bern,5.711117231768435,5.183284861361565,6.252790713144913,1.0131862239550313,43.84630160874782,-0.18635611146300943,982.9520142598545,4.584781061866709,0.2506892459927806,0.8154566666666667,0.863,0.9025,0.8645,True,-1.363500680637685,300,2000,19.557918838659923
60,0.8,bern,6.021051595568337,5.863689170162274,6.274673125908416,0.9167615531095155,40.05627569891908,-0.3007876608636123,961.819685540821,4.42951368586437,0.250131709898164,0.8339816666666667,0.8865,0.903,0.8705,True,-3.7857781968535846,300,2000,22.858348313967387
61,0.8,bern,4.541744283437236,4.270645531744401,5.276183874848858,1.1693848932896052,46.09377547784642,0.39027919811500666,953.5708821167725,3.7683376529888672,0.2392105290582117,0.7959649999999999,0.8405,0.8905,0.8645,False,-0.04118369746367989,300,2000,18.70424903233846
42,1.2,bern,-3.1212297873050034,-3.5488894623067666,-2.5937658663908536,1.366193758979754,51.150456691596276,-0.18010353830289927,384.35036765697174,-2.0414307806071976,0.20000112230286332,0.9744033333333334,0.9995,0.884,0.8815,False,-1.5957455584438662,300,2000,16.75714830160141
43,1.2,bern,-6.38351679525428,-6.996043693243402,-5.891134874907387,1.627138624407568,49.998691206676696,-0.07933386526796989,430.0445139634116,-5.166209334805237,0.3186506704312754,0.99173,0.999,0.8605,0.8505,False,0.0,300,2000,17.105944474538166
44,1.2,bern,-2.5244919792970237,-3.136497709202395,-2.0539986217562594,1.3981097732161907,48.43528424847483,-0.15753692766033867,473.17497529817524,-2.0156913165409076,0.2107218939558792,0.9614033333333334,0.9805,0.8915,0.884,False,-0.15946678815936366,300,2000,17.434879140059152
45,1.2,bern,-4.823436836782959,-5.6534159182299275,-4.151839347116765,1.2750865154866413,45.086832587231754,-0.018260881844261365,467.6261875820463,-4.068285300984553,0.2906507716483225,0.9879383333333333,0.9965,0.863,0.856,False,0.0,300,2000,18.028648455937702
46,1.2,bern,-4.314723806753958,-4.732631599138993,-3.658429970290733,1.4721718422320957,58.03592104986197,-0.12135999786384896,400.8956192046635,-3.9339617912571234,0.25882553818508897,0.9875116666666668,0.998,0.8725,0.865,False,-0.05001091767678645,300,2000,17.39699195623398
47,1.2,bern,-3.41302780525214,-3.5340392878807654,-2.9015560666512394,1.2087926098579753,48.533201682840684,-0.050719981319499036,415.83378367550694,-3.436550156381007,0.24622445171909157,0.9843500000000001,0.9965,0.872,0.8695,False,0.0,300,2000,19.214575493335722
48,1.2,bern,-3.439567478834186,-3.8839020138885747,-3.085374419207298,1.5018101719326717,52.25043298552601,-0.08584065465586954,440.2652983188516,-2.4312637207050765,0.2197927909428922,0.9736766666666666,0.99,0.881,0.8685,False,-0.03191362431107336,300,2000,20.108031074206036
49,1.2,bern,-4.836603701962098,-5.535047084834286,-4.159969960972494,1.4046063879336184,49.17401143735153,0.005854327740793326,437.1421090197919,-4.30188156861927,0.2761930789981047,0.9869166666666667,0.994,0.858,0.851,False,0.0,300,2000,15.152121849854787
50,1.2,bern,-3.5781484179606258,-4.0975941549454005,-3.192879421754742,1.426700636433538,48.299605771258584,-0.10483104813059166,429.39008938826856,-2.163488797596602,0.21996857795021163,0.975005,0.9965,0.8775,0.88,False,-0.271741703677435,300,2000,16.682684981822966
51,1.2,bern,-4.350949536201634,-4.634512658850824,-3.964837842661927,1.4045956760934286,46.402631738386134,-0.1924626404631249,485.9853742791685,-4.0261919431251725,0.2755366733624823,0.9817116666666665,0.9895,0.879,0.8635,False,-0.22541818901657962,300,2000,15.099460331598918
52,1.2,bern,-1.5835321816661518,-2.249268612163608,-0.6182863692147598,1.1323911600481977,46.29746262324815,-0.07931990795149002,461.9890392475454,-2.195678812911331,0.22339943028225984,0.9715266666666666,0.988,0.884,0.878,True,-0.06808514449937775,300,2000,18.12667758067449
53,1.2,bern,-3.060277291650179,-3.5552200574823885,-2.26732523399555,1.4153569671000186,49.8260646690172,-0.1359931127987096,465.85576102406037,-1.4683612918865543,0.20246491753395443,0.97073,0.9955,0.8835,0.8845,False,0.0,300,2000,17.388868192831676
54,1.2,bern,-2.5266552155829864,-2.5266552155829864,-1.1493345925998695,1.1154232071940648,42.4231297567224,-0.06619626181450036,466.44468086304573,-1.5192700645173862,0.20567784683700163,0.975525,0.997,0.884,0.8795,True,-0.05137383121672201,300,2000,17.223012407620747
55,1.2,bern,-4.093269047159615,-4.546856362922641,-3.263453310340765,1.5016961824555202,53.6157266692872,-0.06007683441519757,408.6234858076476,-3.040231930313885,0.24362662881422603,0.9813716666666666,0.9955,0.8725,0.8705,False,-0.04457674143145596,300,2000,20.933217811584473
56,1.2,bern,-4.353555480208966,-5.0291995072149245,-4.075484109019675,1.219898484474914,38.438087844156634,0.12073803373981443,482.76320460120814,-2.436291581407624,0.26155878080234685,0.98124,0.9995,0.8495,0.851,False,0.0,300,2000,18.547771581013997
57,1.2,bern,-4.178426648239366,-4.9810790070400515,-3.7084568422021307,1.2786640601706014,46.03721090157573,-0.019003511675717247,436.6018996579073,-3.132392993724506,0.2596150473542682,0.9842716666666667,0.9985,0.8695,0.8585,False,0.0,300,2000,18.167887500921886
58,1.2,bern,-2.6352379502080505,-3.4528999994655445,-1.6352379502080505,2.591199760662954,19.30741420915711,-0.2609270661395423,1686.1183200871933,-2.991156044456701,0.28622310137892143,0.6941433333333333,0.697,0.8805,0.866,True,0.0,300,2000,20.545866481463115
59,1.2,bern,-3.780892872873331,-4.117917290881808,-3.6116389468032297,1.1597697676623258,43.47691088990532,-0.11222178934508507,455.57412349714224,-2.8278298062063145,0.24640861359157237,0.9845466666666666,0.9965,0.876,0.8725,False,0.0,300,2000,15.02050062417984
60,1.2,bern,-3.4061284444643363,-4.012138117313597,-2.820989705260932,1.2443356286838985,43.56259726906992,-0.13323426053459037,472.8844657869913,-1.9421518950948888,0.23386175146862398,0.9769083333333333,0.9955,0.883,0.8815,False,-0.010040705943879402,300,2000,17.417558260758717
61,1.2,bern,0.615080662787002,-0.384919337212998,1.615080662787002,1.126872402119423,48.440322036315365,0.23649333845403253,541.9406772228233,-0.92755907421955,0.20939631871913236,0.9492666666666667,0.977,0.8755,0.8675,True,0.0,300,2000,18.411318504810332
42,0.8,cross,10.482617290067491,10.203472618959356,10.852181109532486,0.8582605307573773,52.306161921095345,0.09088107016089073,2760.6232417084057,4.552404563292733,0.24408924568187565,0.90846,0.9275,0.8955,0.859,False,0.0,300,2000,19.700164365768433
43,0.8,cross,7.653403126813514,6.982147018065178,8.01457191523604,0.8742742991761602,49.3337167050386,-0.06509660814506027,2826.959290530451,2.7175136197138916,0.214312849796919,0.9300766666666667,0.934,0.899,0.8805,False,-0.5354417162716345,300,2000,20.36360501050949
44,0.8,cross,5.826529599322022,5.638515555595665,6.500653574441831,1.1755226935421696,50.39523546269538,-0.24875478192827266,2522.8578600000787,2.888292194623296,0.250114452998862,0.7807183333333334,0.7835,0.9035,0.8705,False,-1.3339691488467906,300,2000,20.15781749486923
45,0.8,cross,8.443062693189512,8.043703936278852,9.100280786981314,0.8785220964855422,49.995194066462275,0.12511778493683406,2797.7186337622006,2.951513923185407,0.22263981305086208,0.9122983333333334,0.9185,0.8925,0.873,False,-0.9703768460467472,300,2000,25.94045636256536
46,0.8,cross,7.567684533151435,7.198779466306449,8.217357072340779,0.9976646751115005,49.68285955840811,-0.078141121823613,2657.509154571046,4.458205560902983,0.2730082681856943,0.8406633333333333,0.8605,0.906,0.861,False,0.0,300,2000,19.22608448266983
47,0.8,cross,7.136486341548426,6.993755322380472,7.304730691381161,0.9838234063699671,50.657917316484244,-0.09563159560785142,2685.642643191169,3.043563038556134,0.22663996290229382,0.87539,0.873,0.9055,0.8815,False,-0.23325757359361887,300,2000,11.444956529140473
48,0.8,cross,8.890996124937516,8.715244484344234,9.291917574863563,0.9485397866157387,48.69606054269144,-0.14257925045811512,2727.9313389178924,4.764280587865889,0.2741239178163253,0.8268166666666666,0.84,0.8995,0.861,False,-1.1175085926447537,300,2000,22.12600920200348
49,0.8,cross,7.372563410176781,6.838107263053782,7.633340378190892,0.9037646862487589,50.138419103858055,0.026379990387965114,2740.4373612141812,2.805129943615167,0.20696551614813588,0.9177933333333332,0.9225,0.899,0.876,False,-0.8245191353539667,300,2000,19.608670357863108
50,0.8,cross,8.758549465181643,8.49594864315357,8.922522292487649,0.9394458476303726,52.17091742183454,-0.08769668492381738,2802.489240628012,4.754245793112315,0.26722589990502654,0.8852049999999999,0.903,0.91,0.861,True,-17.2056400175652,300,2000,11.890131465593974
51,0.8,cross,8.255206105445486,7.642859588252855,8.538903793081788,0.9314848741077535,48.17356056288857,-0.13690419594671102,2818.4111905526247,3.1204726575797284,0.24368207625642532,0.8594866666666667,0.8575,0.906,0.8735,True,-0.7287854413852983,300,2000,15.840565450986226
52,0.8,cross,10.898239328164816,10.4870338799029,11.639577745616352,0.9080411982454644,48.68325788695843,0.2226348986021801,2695.419991597799,3.8454500770461975,0.2763204650167255,0.8098516666666666,0.816,0.8935,0.8435,False,-0.04222452702197188,300,2000,16.71396349668503
53,0.8,cross,10.491059527615773,10.217489275042619,10.491059527615773,0.9717005364142905,55.55146452966583,-0.06421934931643572,2687.128697032604,4.9417063716923915,0.25803688631568084,0.851615,0.8755,0.904,0.858,True,-5.098101896695425,300,2000,17.91926871140798
54,0.8,cross,9.201448950278795,8.999739178999574,9.365349409524178,0.9416844854836482,48.67805716196466,-0.2553561900563004,2884.709403765597,6.034096169294042,0.2795609252513051,0.8281133333333334,0.852,0.9005,0.846,False,0.0,300,2000,16.91465420325597
55,0.8,cross,9.520811669373535,8.920896356662977,9.872514299263853,0.9203041460239947,50.49613372716419,-0.005019258997315516,2743.01869787938,4.418714350859815,0.2417711047217544,0.8597266666666666,0.865,0.9015,0.8675,False,-0.42225739578452703,300,2000,21.60291269222895
56,0.8,cross,8.17396034397662,7.440747523207768,9.122485703087216,0.9238792934869857,51.91028207154748,-0.020635962572158835,2790.551790241964,4.854843524576434,0.25051066745646855,0.9025799999999999,0.916,0.9045,0.8605,False,-0.004268263431185915,300,2000,18.695072281360627
57,0.8,cross,8.304243804624377,8.031025474258874,8.628031168779229,0.8866854282736955,49.30069518333781,0.060081621013488226,2795.304609296144,3.8373635839314995,0.24288125183123668,0.901435,0.9215,0.905,0.8715,False,0.0,300,2000,18.319338297843935
58,0.8,cross,1.1331846278988436,1.0822261701366684,1.1636644987608993,2.217744239746576,31.88085392375589,-1.6561914074828707,2476.995148571981,2.505138119144469,0.2637508881732163,0.4800083333333333,0.5005,0.8725,0.874,False,0.0,300,2000,19.69778105020523
59,0.8,cross,8.46054095431335,7.950591412425576,8.615156812306225,0.9575854143071303,48.940377488711505,-0.1440343259328723,2720.742211399523,4.584781061866709,0.2506892459927806,0.8376816666666667,0.863,0.9005,0.8645,True,-2.0305448161152526,300,2000,19.481050117810568
60,0.8,cross,8.195620492908755,7.980944106695253,8.554562616488592,0.9690465558059103,51.79856322254757,-0.21484266591359436,2712.1461415790914,4.42951368586437,0.250131709898164,0.8727283333333332,0.8865,0.9035,0.8705,False,-3.527283177864774,300,2000,18.284184273084005
61,0.8,cross,7.88504343774371,7.486923673670584,8.068507385903823,1.0079461035060941,50.9085886997913,0.28304120180770787,2658.4157273606966,3.7683376529888672,0.2392105290582117,0.841235,0.8405,0.8935,0.8645,False,-0.0806576914942525,300,2000,19.200600250562033
42,1.2,cross,0.371480069209929,-0.04261580788561581,0.8571588059514477,0.7676798099532953,52.124616140514846,0.023887744916350012,2687.65148279421,-2.0414307806071976,0.20000112230286332,0.9979883333333334,0.9995,0.8355,0.8815,False,-0.2989378408083212,300,2000,21.93621701002121
43,1.2,cross,-4.978470126417987,-5.342927610687645,-4.542005350448799,0.8598917091709554,54.662616923681355,-0.030297598224915123,2713.6631680436462,-5.166209334805237,0.3186506704312754,0.9994316666666667,0.999,0.8285,0.8505,False,-0.15037936295448162,300,2000,18.057581222057344
44,1.2,cross,-0.4687430217857983,-0.8413774652079359,-0.25438863221133284,0.998696395446685,51.190259099110165,-0.1279230112209192,2836.5324106874473,-2.0156913165409076,0.2107218939558792,0.984655,0.9805,0.877,0.884,False,0.0,300,2000,11.41027444601059
45,1.2,cross,-2.275316292403562,-3.3455673395189707,-1.8265433516661989,0.7831203984329256,48.532237262494945,0.05089142200699587,2906.478496539628,-4.068285300984553,0.2906507716483225,0.998575,0.9965,0.8275,0.856,False,-0.9718763085074897,300,2000,17.902860208352408
46,1.2,cross,-3.037265192111402,-3.232614612582751,-2.4315372988782493,1.0004220173240992,57.49905641772327,-0.053513296476650804,2608.390261550931,-3.9339617912571234,0.25882553818508897,0.9967333333333334,0.998,0.8525,0.865,False,0.0,300,2000,18.616443439324698
47,1.2,cross,-2.4200404671578624,-2.666736661589952,-1.7357661515488372,0.9079428559304578,54.28792713816647,-0.01886557342929135,2701.5602427787167,-3.436550156381007,0.24622445171909157,0.9972866666666667,0.9965,0.8395,0.8695,False,-0.33645766309700775,300,2000,18.236915679772697
48,1.2,cross,1.5155688325412873,0.5122879194101311,1.5155688325412873,0.7967234134029225,49.31788641499723,-0.06230506354652421,2798.7566852625587,-2.4312637207050765,0.2197927909428922,0.9940166666666667,0.99,0.858,0.8685,True,-1.8721860130508503,300,2000,14.935560548305512
49,1.2,cross,-3.229621984362039,-3.701408813172602,-3.229621984362039,0.8686859417080419,53.19495988777194,0.03592569929229744,2789.905611901046,-4.30188156861927,0.2761930789981047,0.9989616666666666,0.994,0.8275,0.851,True,-1.1588729276490994,300,2000,21.03269229332606
50,1.2,cross,-1.7296412953615317,-2.1023832383554346,-0.7519423396597016,0.884472967746749,56.831740499802066,-0.03518243859561683,2679.1042052796656,-2.163488797596602,0.21996857795021163,0.9973283333333333,0.9965,0.845,0.88,True,-1.3960195646409375,300,2000,22.977086957295736
51,1.2,cross,-0.6288279778065475,-1.441657837188347,-0.6288279778065475,0.8207392568271837,47.805173006903075,-0.06126261129395465,2917.5038530242846,-4.0261919431251725,0.2755366733624823,0.996155,0.9895,0.852,0.8635,True,-6.193027225236619,300,2000,18.629060677687328
52,1.2,cross,3.797614069834963,3.6497298346628044,3.797614069834963,0.829854098889693,52.71260182254687,0.08943132656581208,2741.376694373421,-2.195678812911331,0.22339943028225984,0.9885983333333334,0.988,0.862,0.878,True,-1.7627163347424357,300,2000,10.648451892534892
53,1.2,cross,-1.1336537243122042,-1.435859750139818,-0.36321016369617887,0.8227049483343293,49.66531951809174,-0.03597617603676198,2861.4960661139257,-1.4683612918865543,0.20246491753395443,0.9968833333333333,0.9955,0.844,0.8845,True,-1.4159119103087505,300,2000,17.910473823547363
54,1.2,cross,0.3001839088176408,-0.09604880383246192,0.5255960079991077,0.80786508116533,48.70374909017622,-0.0812836530352287,2837.4079232948034,-1.5192700645173862,0.20567784683700163,0.9950399999999999,0.997,0.86,0.8795,False,-2.274467862761412,300,2000,17.92884952624639
55,1.2,cross,-1.2484074622736618,-1.423150836197319,-0.7414160582766143,0.8982218277349608,54.87787045035523,-0.027315182880109125,2727.913895798512,-3.040231930313885,0.24362662881422603,0.99636,0.9955,0.8475,0.8705,False,0.0,300,2000,18.31603021621704
56,1.2,cross,-4.572291901671252,-5.510409861517596,-4.393987447285906,0.8289948190739254,51.166226180129456,0.02492420987329099,2771.784314176546,-2.436291581407624,0.26155878080234685,0.99932,0.9995,0.8205,0.851,False,-0.5830750911040923,300,2000,21.51246400674184
57,1.2,cross,-2.434755201678569,-2.822787291033867,-2.122955020319297,0.8138024519667629,52.11413511385176,-0.007127021431074593,2752.027871877179,-3.132392993724506,0.2596150473542682,0.9986199999999998,0.9985,0.832,0.8585,False,-0.8789393500637743,300,2000,18.242057343324024
58,1.2,cross,3.1692394214581605,3.044243240767999,3.63006260554092,0.8987256610027309,22.35375522965093,-0.5445091176998088,3752.3724798382095,-2.991156044456701,0.28622310137892143,0.7523833333333334,0.697,0.889,0.866,False,0.0,300,2000,20.159737821420034
59,1.2,cross,-2.4255265944424824,-2.7612325178993133,-2.082507234671617,0.8529077539789254,48.181103382784514,-0.0799030376491843,2824.3884046815583,-2.8278298062063145,0.24640861359157237,0.9966416666666666,0.9965,0.852,0.8725,False,-0.007371490380137402,300,2000,18.498644137382506
60,1.2,cross,-0.8553069253620614,-0.9874944591025964,-0.35937628211793454,0.788639529133079,49.015187525095826,-0.1115414864897385,2824.739381704277,-1.9421518950948888,0.23386175146862398,0.9971116666666667,0.9955,0.851,0.8815,True,0.0,300,2000,18.007725401719412
61,1.2,cross,4.0194462209648485,3.8385496741222926,4.1765442255346565,0.8391464391633277,48.94814150077184,0.20174064244225853,2831.9485296373714,-0.92755907421955,0.20939631871913236,0.9769983333333333,0.977,0.862,0.8675,False,0.0,300,2000,19.296040097872417
42,0.8,none,4.531380141387881,4.066411675498138,5.008089854061805,3.980733227202928,63.454201892706834,1.5756800900269674,298.19046948299535,4.552404563292733,0.24408924568187565,0.008533333333333332,0.9275,0.874,0.859,False,-8.090716391961905e-06,300,2000,16.392961084842682
43,0.8,none,2.7435244904767058,2.3374308924138094,3.174447577526252,6.038090127802798,54.423127836496725,-1.427615424242193,278.7765127113361,2.7175136197138916,0.214312849796919,4.999999999999949e-06,0.934,0.9025,0.8805,False,-2.8151929427622235e-06,300,2000,15.308545931180317
44,0.8,none,2.85225247684388,2.3694225129922732,3.341376561979931,6.5404833583273305,44.858135757366426,-1.4567595113382965,344.13774773489575,2.888292194623296,0.250114452998862,0.0,0.7835,0.898,0.8705,False,0.0,300,2000,16.05588715871175
45,0.8,none,2.977427652749716,2.5632997365519232,3.4043162382597814,5.738385139959179,49.717468971084116,-0.43289394956074645,318.56913519217596,2.951513923185407,0.22263981305086208,0.0,0.9185,0.8885,0.873,False,0.0,300,2000,15.48604971965154
46,0.8,none,4.468133880567287,3.941417435240437,5.007781811231318,21.891440642419848,53.61716004657484,-5.400036952645129,350.7104400078897,4.458205560902983,0.2730082681856943,0.0,0.8605,0.8815,0.861,False,0.0,300,2000,16.286336227258047
47,0.8,none,3.025798914879932,2.5885315790706622,3.471401849955688,5.553985753359641,53.78893136212736,-0.15010933768520013,294.5139088316556,3.043563038556134,0.22663996290229382,8.333333333333303e-06,0.873,0.887,0.8815,False,-3.830024297712953e-07,300,2000,12.314041225115458
48,0.8,none,4.576049198251287,4.266188348496185,5.107863364195656,3.474791924590299,57.93173240387196,-2.5056515141099274,324.1520655057872,4.764280587865889,0.2741239178163253,0.0,0.84,0.8795,0.861,False,-1.168417118015384,300,2000,13.493938259283702
49,0.8,none,2.8170616219720106,2.418219207456654,3.22702860962005,5.497816559371341,57.89110918781789,0.3554631677270405,266.76011087802726,2.805129943615167,0.20696551614813588,0.00035666666666666664,0.9225,0.8865,0.876,False,0.0,300,2000,12.549359806378682
50,0.8,none,4.858427597345155,4.355241591917219,5.371208680088052,56.43227348721626,58.89916672734955,-5.082793436335717,328.97234275175697,4.754245793112315,0.26722589990502654,0.0,0.903,0.884,0.861,False,0.0,300,2000,11.355492305755615
51,0.8,none,3.155534357159448,2.5855002311097146,3.6284049478288427,29.083822025643297,52.79003528711999,-3.9145069012689113,305.65787363393076,3.1204726575797284,0.24368207625642532,0.0,0.8575,0.893,0.8735,False,0.0,300,2000,9.204045796394348
52,0.8,none,3.859389870107631,3.3371952612105615,4.416820325417261,4.983796962499502,46.96521959404211,3.235543607456294,373.1825207512927,3.8454500770461975,0.2763204650167255,6.666666666666654e-06,0.816,0.872,0.8435,False,-2.131923679371539e-06,300,2000,10.07092265288035
53,0.8,none,4.954556747334898,4.465875735241034,5.459588829980532,19.057837716296444,63.356436587969505,-6.504020846522183,307.04328706751346,4.9417063716923915,0.25803688631568084,0.0,0.8755,0.879,0.858,False,0.0,300,2000,9.821711917718252
54,0.8,none,6.042704851808004,5.508495834010339,6.550603638476962,429.5630914055068,67.5238123231727,-14.971479509364531,327.7766947937606,6.034096169294042,0.2795609252513051,0.0,0.852,0.8705,0.846,False,0.0,300,2000,11.116483716169993
55,0.8,none,4.381908501745466,3.9224909395777336,4.8585836768857,6.16357582640099,62.59687349670059,-0.2865073619003995,292.50950995211997,4.418714350859815,0.2417711047217544,0.0,0.865,0.8775,0.8675,False,0.0,300,2000,13.310013457139332
56,0.8,none,4.8886176310135605,4.4194437691479935,5.371433175329697,9.069406257146758,62.33276333284908,3.7707045283348446,311.88942939968535,4.854843524576434,0.25051066745646855,0.0,0.916,0.8675,0.8605,False,0.0,300,2000,10.94720458984375
57,0.8,none,3.883626485593833,3.419269895799277,4.362804269861814,6.637240941120092,51.96307266525464,-0.43920196867068356,333.4023908922261,3.8373635839314995,0.24288125183123668,0.0,0.9215,0.884,0.8715,False,0.0,300,2000,16.596580584843952
58,0.8,none,2.684362080862569,2.1527799996406562,3.210583185592072,7.639816630174114,37.05132491190921,-0.7316437158325935,424.36941139358356,2.505138119144469,0.2637508881732163,0.0,0.5005,0.9015,0.874,False,0.0,300,2000,15.928225290775298
59,0.8,none,4.580339312187807,4.104656202385456,5.07310560008416,9.603459347738225,63.69872951951037,-3.5377888128953865,299.0034591970852,4.584781061866709,0.2506892459927806,0.0,0.863,0.8855,0.8645,False,0.0,300,2000,15.39163691997528
60,0.8,none,4.439749630777467,3.964719398089298,4.928184413878767,45.194012269145574,59.328035117262594,-5.1006443717595085,317.4210490338252,4.42951368586437,0.250131709898164,0.0,0.8865,0.8845,0.8705,False,0.0,300,2000,23.582359381516774
61,0.8,none,3.7888762468180537,3.378096581616627,4.176377743658077,3.671429862735284,60.03814087704313,2.4355465440468342,288.46268617083655,3.7683376529888672,0.2392105290582117,0.06929,0.8405,0.8805,0.8645,False,0.0,300,2000,19.01284774939219
42,1.0,none,0.7378881391856857,0.4080472064656243,1.0848642223080813,6.460131892838754,53.75861400909699,-0.7078489624020168,247.08927968545424,0.7470955851801174,0.17682175357695598,0.02849166666666667,0.989,0.914,0.888,False,-6.29024157206004e-08,300,2000,16.499280015627544
43,1.0,none,-0.9894705284616947,-1.438419526617563,-0.657739691347841,7.704284320410737,40.31302365363675,-0.0966461542321046,329.2683038931329,-0.8938642395867179,0.21302544772652154,0.09682833333333332,0.992,0.9065,0.8855,False,-4.887595935088029e-06,300,2000,15.955575605233511
44,1.0,none,0.2639668224724356,-0.08338299747254671,0.5976097135711511,6.458862121362814,48.89324978451688,-0.3128682274572045,273.7191693480073,0.24456927092972913,0.1860277743509519,0.045191666666666665,0.9445,0.9145,0.897,False,0.0,300,2000,12.265227119127909
45,1.0,none,-0.49326019959779194,-1.0948563708264138,-0.23460133380229245,9.894871686652428,43.22483681197667,-0.1735286651568152,298.68977408520715,-0.5649018465022189,0.1939946998733354,0.0021499999999999996,0.986,0.9095,0.892,False,0.0,300,2000,15.39110422929128
46,1.0,none,-0.04217913442824007,-0.4985792974205455,0.6004871404881867,2.0522929854290224,43.50628328523587,-0.43980403858974415,301.899839467072,-0.2649253586611163,0.18100873835484213,0.7200583333333334,0.977,0.9135,0.89,False,-0.012440771480498825,300,2000,16.87584550778071
47,1.0,none,-0.47530985404214965,-0.8413719659856028,-0.15768989503902703,3.133444414273612,52.688239011005024,-0.1473788082505953,265.2939918037624,-0.26882028799027247,0.18236153194214852,0.6470666666666666,0.9775,0.9085,0.89,False,0.0,300,2000,17.376840273539226
48,1.0,none,0.6727759419240293,0.32084380386297756,1.0237401144204852,6.0647295425339225,47.2383262475344,-0.29739407464316747,278.42222329852757,0.6089424587024168,0.19368078075980263,0.018449999999999998,0.963,0.914,0.8825,False,0.0,300,2000,18.075781667232512
49,1.0,none,-0.707841212940671,-1.1138930699124692,-0.39115381156488693,3.5124339451313946,46.04637439595051,0.010118463813290218,269.8380207354404,-0.7847047589320186,0.18541793037673354,0.5666766666666667,0.9895,0.9025,0.887,False,-1.2834276560624858e-05,300,2000,16.016984581947327
50,1.0,none,0.62187099315951,0.31872007885367115,0.9496013587369809,6.165645951471475,51.71579453084226,-0.46361009311543167,248.50248074699226,0.5992663413950069,0.18556383401482962,0.04052833333333333,0.9845,0.9175,0.892,False,0.0,300,2000,18.15196245511373
51,1.0,none,-1.0264398423845336,-1.3452705089171353,-0.6674180502857292,7.733746028313684,47.870006709877444,-0.5111067579932989,271.8668213836042,-0.8969935731688501,0.1831872543787351,0.2030816666666667,0.967,0.912,0.8835,False,0.0,300,2000,13.547651863098144
52,1.0,none,0.718584471198638,0.3216817405686536,1.1117706033419554,7.59730159671727,44.634380775988554,-0.05710122314352688,279.726822110376,0.7256809472789286,0.19602098677276114,0.00010666666666666663,0.9495,0.911,0.888,False,-1.011035823239581e-05,300,2000,17.65602509180705
53,1.0,none,1.5026697219854137,1.1776718488310414,1.8423229049873564,5.508565344340662,57.74848168013587,-0.9700396350388195,236.80744691519376,1.4767654587598134,0.17403757613463408,0.034153333333333334,0.978,0.908,0.8905,False,0.0,300,2000,13.334889022509257
54,1.0,none,1.2604069316972621,0.9309664894498852,1.5845842797472638,6.4340433608422,53.46717879346226,-0.3937732585481544,254.57741775724773,1.1931882145545656,0.17875885857189025,0.004103333333333333,0.966,0.9075,0.891,False,0.0,300,2000,15.311719326178233
55,1.0,none,-0.11046825853017292,-0.4206464352641898,0.17846038498663513,6.0182844290474655,47.436387140595016,-0.11657590147742228,285.4337309289111,-0.058774784963550916,0.19176183296095245,0.12728166666666665,0.973,0.909,0.8905,False,-3.234247287764447e-07,300,2000,17.703605365753173
56,1.0,none,1.019989020227532,0.5286704878787636,1.5039320939577654,5.8403863767420425,44.393834388387454,0.7092173770765791,313.7561692573679,1.0139297998667338,0.1901851940843357,0.0030516666666666665,0.9895,0.891,0.8775,False,-0.05850101074918257,300,2000,17.835337539513905
57,1.0,none,0.4960038230702992,-0.1999571228426788,0.8094408934566276,6.660737625377089,42.16006404867504,0.17284500245550774,291.65876057049024,0.2581580454397993,0.18764918605318584,0.0029383333333333327,0.9865,0.9015,0.8825,False,-2.963039491987729e-06,300,2000,16.449040174484253
58,1.0,none,0.5444043743982957,-0.7209859366622298,0.5444043743982957,1.2757008186514862,33.45867032618236,0.09080284720215893,396.94886036712194,-0.6637794301427682,0.23671870486623584,0.774135,0.5965,0.9045,0.8775,True,-0.5646059564812731,300,2000,16.47426645755768
59,1.0,none,0.31731605972013516,-0.009318382665772756,0.6514796815526824,5.886526913039545,44.45373033308598,-0.3948806858206049,280.64372730708203,0.37994436018099303,0.186809360858226,0.04326666666666667,0.9715,0.9135,0.8875,False,0.0,300,2000,13.618188512325286
60,1.0,none,0.9474787983948685,0.5950324304270973,1.2999132336541153,5.583686502453708,47.43972049937378,-0.5980241864721151,277.79066313562976,0.929443427017746,0.19091752777266904,0.02164,0.9735,0.9125,0.8955,False,0.0,300,2000,15.400316723187764
61,1.0,none,1.0113896225461323,0.5795096995411737,1.6463722816524016,2.50428898533181,50.40279373963082,0.5186569851195071,266.0716972642232,0.9557545008073834,0.18285620493480767,0.5612433333333333,0.945,0.8945,0.8775,False,-0.0007543735034687415,300,2000,13.721278667449951
42,1.2,none,-2.0452033392591185,-2.3745851605158452,-1.6420863935677936,10.640042335097075,50.71007256674274,-0.31732764175775474,273.2926154208559,-2.0414307806071976,0.20000112230286332,0.314075,0.9995,0.9055,0.8815,False,0.0,300,2000,19.082069023450217
43,1.2,none,-5.527760782299237,-6.060738864638885,-4.91715634096979,5.994787526982544,50.49140805049652,-0.08588330091604743,393.0074716594303,-5.166209334805237,0.3186506704312754,0.9350116666666666,0.999,0.87,0.8505,False,-3.26518488691363e-06,300,2000,16.68993490934372
44,1.2,none,-2.130462435600627,-2.52458180834331,-1.7037635400049969,6.539513422676077,46.77448028175705,-0.18421473283234704,291.74798620654815,-2.0156913165409076,0.2107218939558792,0.55072,0.9805,0.904,0.884,False,-1.4752322385902517e-07,300,2000,16.026229957739513
45,1.2,none,-4.317342422185051,-4.719286134347565,-3.447252155250954,6.205836379684394,40.9315298851433,-0.026214972913699567,398.8521460835053,-4.068285300984553,0.2906507716483225,0.8371333333333333,0.9965,0.8755,0.856,False,0.0,300,2000,17.529212486743926
46,1.2,none,-3.9721483461175167,-4.410664290475312,-3.268344734543522,1.781930303366415,51.168331340895776,-0.12542364916313598,348.77033858906947,-3.9339617912571234,0.25882553818508897,0.96674,0.998,0.8845,0.865,False,0.0,300,2000,9.399079938729605
47,1.2,none,-3.736734670359679,-3.9581528365636487,-3.1510619551661287,7.7680945244564805,46.67417875485156,-0.03436258368146536,336.191830788813,-3.436550156381007,0.24622445171909157,0.7557883333333334,0.9965,0.883,0.8695,False,-3.2608326137051336e-06,300,2000,15.880057489871978
48,1.2,none,-2.3501244240367374,-2.7836404166016684,-1.97446282112484,6.624907917371297,47.31795838236368,-0.10050655859780142,298.5443602667216,-2.4312637207050765,0.2197927909428922,0.5924100000000001,0.99,0.9,0.8685,False,-2.170224092878925e-06,300,2000,8.757822493712107
49,1.2,none,-4.298486786489544,-4.817109083102014,-3.8059674440619045,7.0772005185445535,47.587071855901215,0.020547405383513316,354.99406464026197,-4.30188156861927,0.2761930789981047,0.838455,0.994,0.872,0.851,False,-2.926512252088287e-06,300,2000,10.623564755916595
50,1.2,none,-2.3803491134830472,-2.820117573243537,-2.0024984071296745,6.559600659705918,47.36196175504509,-0.10099172801612306,314.92295233388177,-2.163488797596602,0.21996857795021163,0.6023516666666667,0.9965,0.8985,0.88,False,0.0,300,2000,17.38077573378881
51,1.2,none,-3.8709908326505555,-4.3529685901569275,-3.259181610934182,2.1194507118263086,42.7484064716908,-0.2082458558186464,379.4321618623919,-4.0261919431251725,0.2755366733624823,0.9396166666666667,0.9895,0.89,0.8635,False,0.0,300,2000,13.768711908658345
52,1.2,none,-2.252927974787462,-2.653616890984195,-1.785638054498726,5.811867582799119,41.60887784977861,-0.08271712048080992,332.2917832062701,-2.195678812911331,0.22339943028225984,0.57629,0.988,0.8995,0.878,False,0.0,300,2000,13.58275370200475
53,1.2,none,-1.362135584209983,-1.6731448572182688,-1.055173881247927,7.276933340373367,41.01416603424827,-0.19072052633752704,312.7185338490252,-1.4683612918865543,0.20246491753395443,0.23100333333333334,0.9955,0.906,0.8845,False,-1.151872970694967e-05,300,2000,13.586970392862955
54,1.2,none,-1.5957810220149575,-1.9618695414173497,-1.224402030404779,6.49021677264066,42.71594408651655,-0.0757832712548428,327.62589356409404,-1.5192700645173862,0.20567784683700163,0.3845916666666667,0.997,0.9045,0.8795,False,0.0,300,2000,8.53673589626948
55,1.2,none,-3.297464628524531,-3.740797415002884,-2.9347852805576555,6.079490511385531,48.88254243477033,-0.059044315463334905,323.4622528928295,-3.040231930313885,0.24362662881422603,0.772165,0.9955,0.8905,0.8705,False,0.0,300,2000,15.52870480219523
56,1.2,none,-2.377576096016391,-2.8223570723514357,-1.9307084759424105,6.3758998909517075,36.101519326348026,0.19381816391218934,390.1842504259738,-2.436291581407624,0.26155878080234685,0.4976116666666667,0.9995,0.88,0.851,False,0.0,300,2000,16.917366194725037
57,1.2,none,-3.3138653050485942,-3.771037482072521,-2.9996386819182947,5.76515710926223,42.59278143532015,-0.014104657910820799,360.78337434742593,-3.132392993724506,0.2596150473542682,0.7541566666666667,0.9985,0.8875,0.8585,False,0.0,300,2000,18.130413011709848
58,1.2,none,-3.287817136559226,-3.712287270156637,-2.6452389924312953,6.378204458528532,34.84397743655825,-0.013741120661671621,439.0997594202811,-2.991156044456701,0.28622310137892143,0.6650016666666667,0.697,0.886,0.866,False,0.0,300,2000,16.923660043875376
59,1.2,none,-2.8026442721050886,-3.2380812066893476,-2.4008021200218495,2.962814101637198,44.170537678215,-0.18178101881361927,359.29327242983845,-2.8278298062063145,0.24640861359157237,0.84939,0.9965,0.8975,0.8725,False,0.0,300,2000,15.543689958254497
60,1.2,none,-2.0148847330249167,-2.4203982137159454,-1.4832614888873918,7.197334774437934,39.13224799292179,-0.19436313658498083,345.8109275420621,-1.9421518950948888,0.23386175146862398,0.387865,0.9955,0.904,0.8815,False,-8.102734341264295e-07,300,2000,15.502588280042012
61,1.2,none,1.0553250767742555,0.6385340418181045,1.0553250767742555,1.5017972114430311,46.5258714169431,0.5443555858602738,329.4451169402727,-0.92755907421955,0.20939631871913236,0.8295933333333334,0.977,0.894,0.8675,True,-2.090630935515037,300,2000,17.485309994220735
42,0.8,term,3.245024628355228,2.8282195714046447,3.5470974991044324,1.4242858861324525,30.125605070981063,-0.22732612427714327,1400.3046080102383,4.552404563292733,0.24408924568187565,0.411055,0.428,0.891,0.859,False,0.0,300,2000,19.98668163617452
43,0.8,term,2.1347051425355077,1.95576789009633,2.427137518575436,1.3713279662090982,28.01505144062756,0.25437688224816146,1431.7234125925113,2.7175136197138916,0.214312849796919,0.5265566666666666,0.5495,0.8945,0.8805,False,0.0,300,2000,19.099364093939464
44,0.8,term,2.6036055594139325,2.2566171572891447,3.0033815998267612,1.493762028651914,32.38611508025106,0.2693327590048963,1327.5916829073315,2.888292194623296,0.250114452998862,0.48907000000000006,0.4945,0.8945,0.8705,False,0.0,300,2000,20.32090053955714
45,0.8,term,1.7425638322902595,1.3146684908386657,2.0065938647206263,1.3797185740014999,27.85672540594318,-0.06748506233007684,1438.9325473362833,2.951513923185407,0.22263981305086208,0.557775,0.572,0.904,0.873,False,0.0,300,2000,16.26310378710429
46,0.8,term,1.8822611904954605,1.6462988776609984,2.0832589686649583,1.5503665683405632,28.568769050342688,-0.7779664898880332,1434.7285314566661,4.458205560902983,0.2730082681856943,0.5014433333333334,0.5215,0.903,0.861,False,0.0,300,2000,23.490003832181294
47,0.8,term,1.8707824401795405,1.456009007783626,2.4495265718430415,1.5157383113168825,29.230941052268342,-0.514475892258976,1354.9056877742423,3.043563038556134,0.22663996290229382,0.5114966666666667,0.5235,0.9075,0.8815,False,0.0,300,2000,19.74352932771047
48,0.8,term,3.2741367421019145,2.6727561409965785,3.788238086540149,1.402628473840976,30.22210444621365,-0.40076123452795054,1428.7215849753866,4.764280587865889,0.2741239178163253,0.434865,0.4465,0.896,0.861,False,0.0,300,2000,21.273214634259542
49,0.8,term,1.646347167896642,1.2806067432322337,2.3299457537136923,1.4614442008237376,30.454039580730267,-0.08999214651155485,1335.8888175414634,2.805129943615167,0.20696551614813588,0.5703299999999999,0.5875,0.901,0.876,False,-0.354146813640682,300,2000,21.98486832380295
50,0.8,term,3.2740202252591315,2.6700874970148325,3.807513952108473,1.296277468345567,25.444936430793067,-0.2582935453801918,1585.4781825448172,4.754245793112315,0.26722589990502654,0.3967866666666666,0.409,0.893,0.861,True,-0.8238110548106761,300,2000,20.188671592871348
51,0.8,term,1.4088102476873807,1.0909789593349062,1.9581950383108324,1.530057677174407,26.70053422753587,-0.5202839988029107,1436.7190695400122,3.1204726575797284,0.24368207625642532,0.5323533333333333,0.546,0.906,0.8735,False,-0.07804672253723766,300,2000,19.386962393919628
52,0.8,term,3.017051803955237,3.017051803955237,4.079556439352249,1.4251647915316363,31.92531601723018,0.04487855675339855,1373.9655945217319,3.8454500770461975,0.2763204650167255,0.4835083333333334,0.493,0.89,0.8435,True,-1.26299906081249,300,2000,15.523257052898407
53,0.8,term,3.1823425487889607,2.511300044066443,3.394609801442669,1.5178300293750544,29.73139004130657,-0.36603800860168195,1411.6958765452187,4.9417063716923915,0.25803688631568084,0.34965166666666664,0.364,0.892,0.858,False,0.0,300,2000,20.470282932122547
54,0.8,term,3.0325705484671857,2.4160158333760124,3.3310263794450337,1.423928398084818,26.60410162592749,-0.49907480601863485,1510.2786197424034,6.034096169294042,0.2795609252513051,0.3648516666666667,0.384,0.898,0.846,False,0.0,300,2000,19.12318999369939
55,0.8,term,3.1388867672547907,2.694483164332474,3.32183084875241,1.4524630348669276,33.521508261296994,0.29746296390124105,1344.0744785802076,4.418714350859815,0.2417711047217544,0.48286833333333334,0.5095,0.891,0.8675,False,0.0,300,2000,19.450997217496237
56,0.8,term,2.94924612379687,2.405474163145839,3.2078056068768124,1.3355677419826182,25.899147668785528,-0.12514416022862143,1556.4800370053617,4.854843524576434,0.25051066745646855,0.4039416666666666,0.416,0.8925,0.8605,False,-0.02218936007739103,300,2000,20.85449352264404
57,0.8,term,2.3857880752721927,2.144291783673038,2.6912332408170982,1.4324373361786085,27.57881997142404,0.51711980825769,1525.426098854117,3.8373635839314995,0.24288125183123668,0.466815,0.478,0.89,0.8715,False,-1.1509785276223283,300,2000,18.545989855130514
58,0.8,term,1.6890169067423457,1.5862276118601577,1.9451867827760296,2.1293014369534777,25.85755621570692,-1.2266272125435727,1195.7414997689407,2.505138119144469,0.2637508881732163,0.23188166666666665,0.2435,0.893,0.874,False,-0.00022181534700393968,300,2000,19.868444335460662
59,0.8,term,2.413074586014837,2.0775927418209856,2.9334122499626387,1.537472973545817,26.55032366815327,-0.2599227188108948,1492.9519622877633,4.584781061866709,0.2506892459927806,0.369535,0.381,0.901,0.8645,False,-0.14027999533982438,300,2000,23.184332692623137
60,0.8,term,2.6285483953848368,2.3497700105504715,3.0891135199287296,1.4150570882930882,27.20839201086965,-0.33440803004324415,1479.6041111920551,4.42951368586437,0.250131709898164,0.42375166666666664,0.4435,0.897,0.8705,False,-0.5344781561452692,300,2000,23.146968893210094
61,0.8,term,2.0243989303955403,1.7550740643375584,2.366453332746118,1.7558812998609852,33.579895203367755,0.7145880366657119,1281.8238708599647,3.7683376529888672,0.2392105290582117,0.45633999999999997,0.4735,0.8865,0.8645,False,0.0,300,2000,18.74072426557541
42,1.2,term,-2.2033201997284935,-2.4747634684602606,-1.9168446206719423,1.7591156366171614,37.26852745457143,-0.19929099720755417,858.6080423205058,-2.0414307806071976,0.20000112230286332,0.8861700000000001,0.899,0.904,0.8815,False,-0.18267107302062868,300,2000,15.51203493674596
43,1.2,term,-4.551900462891995,-4.9030210467870186,-4.281956347878198,2.5443120614226404,37.93280547376713,-0.028396590642662124,810.1156214761194,-5.166209334805237,0.3186506704312754,0.9395216666666667,0.938,0.8735,0.8505,False,0.0,300,2000,17.828576286633808
44,1.2,term,-2.486573112852991,-2.6777742914918927,-2.3163828506510487,1.8064356399683623,39.21903520115734,-0.0773022207842903,841.5458613079213,-2.0156913165409076,0.2107218939558792,0.8909600000000001,0.906,0.8965,0.884,False,-0.4282055606144013,300,2000,17.884453948338827
45,1.2,term,-4.1793493413668195,-4.360863183337186,-4.011666589544121,2.2200173599135105,38.14140108248776,-0.004458230792512669,810.5423131041764,-4.068285300984553,0.2906507716483225,0.9363916666666666,0.938,0.874,0.856,False,0.0,300,2000,16.661978983879088
46,1.2,term,-3.8262044338109495,-3.985946176805801,-3.5826789272507504,2.517698574898119,40.50433035514298,-0.15333417629335733,861.1152883812366,-3.9339617912571234,0.25882553818508897,0.9182299999999999,0.915,0.8875,0.865,False,0.0,300,2000,18.120596941312154
47,1.2,term,-3.0589703318701815,-3.369400514938275,-2.6000856836145925,1.7033511292646768,35.03593286758269,-0.08256327463418278,871.9607385556876,-3.436550156381007,0.24622445171909157,0.9151816666666666,0.916,0.8915,0.8695,False,0.0,300,2000,21.35881119966507
48,1.2,term,-2.5271725852820763,-2.768987584315424,-2.3349541303501793,1.8000287875233987,41.38674777415888,-0.11087969892223073,811.8279306937984,-2.4312637207050765,0.2197927909428922,0.9063333333333333,0.91,0.897,0.8685,False,-0.004165917878253822,300,2000,21.023380513985952
49,1.2,term,-4.070344697625031,-4.333868261620976,-3.8612570500441334,2.4043662304553446,43.89155922134145,0.02672994214978424,751.2612964676532,-4.30188156861927,0.2761930789981047,0.9367333333333333,0.9385,0.876,0.851,False,0.0,300,2000,19.868870357672375
50,1.2,term,-2.1364115333474567,-2.3578981147038873,-1.9559900582444818,1.707873720147507,33.80851417923502,-0.05405216778459608,1002.2926270453493,-2.163488797596602,0.21996857795021163,0.865655,0.8725,0.9015,0.88,False,0.0,300,2000,21.712401350339253
51,1.2,term,-3.1804691589023073,-3.346695800637488,-2.9970122063797304,1.810396513238137,35.82976605127316,-0.22874027661970342,848.0161197798292,-4.0261919431251725,0.2755366733624823,0.9280366666666666,0.9225,0.8915,0.8635,False,-0.5483314697488595,300,2000,17.59953134059906
52,1.2,term,-2.02189421853871,-2.4055520290178802,-1.193078955551444,1.4474438657290905,38.960179471956764,-0.04453310504169469,774.1676996065995,-2.195678812911331,0.22339943028225984,0.9143049999999999,0.9215,0.9,0.878,False,-1.0761112601662717,300,2000,14.198700674374898
53,1.2,term,-1.599763522582158,-1.8895677318854864,-0.935083040772786,1.579320033214942,29.52598214231385,-0.0936918897611986,1127.4153795043985,-1.4683612918865543,0.20246491753395443,0.8247916666666666,0.8405,0.9035,0.8845,False,-0.009376691452871455,300,2000,13.782247678438823
54,1.2,term,-1.6574509740693804,-2.273540737784808,-1.288170203775286,1.433710458015708,30.927317847242353,-0.0794887172299398,1025.2597511089184,-1.5192700645173862,0.20567784683700163,0.8649616666666667,0.88,0.903,0.8795,False,0.0,300,2000,10.558464765548706
55,1.2,term,-3.381328260221772,-3.625394620248238,-2.9489848259437754,1.9468128952119728,41.86441549609913,-0.044938523414139786,772.330987859603,-3.040231930313885,0.24362662881422603,0.9291866666666667,0.934,0.8885,0.8705,False,-0.020364348000157406,300,2000,10.452421963214874
56,1.2,term,-2.384318439396331,-2.51791656556889,-2.2071798721165514,1.6934600315125479,29.69805794615624,0.05803467658235783,1119.3874455484035,-2.436291581407624,0.26155878080234685,0.8599666666666667,0.8685,0.89,0.851,False,0.0,300,2000,20.735292462507882
57,1.2,term,-3.000903813850406,-3.15919567804625,-2.754196643007856,1.8153353707502016,35.255266175579436,0.0465185614043796,885.9308008212485,-3.132392993724506,0.2596150473542682,0.9046916666666666,0.9135,0.8865,0.8585,False,0.0,300,2000,17.495736547311147
58,1.2,term,-2.5409302580442783,-2.9067762815290594,-2.101058250019801,4.746363746108609,20.68784876328145,-0.40641681171913047,1584.2034118491122,-2.991156044456701,0.28622310137892143,0.4754666666666667,0.476,0.846,0.866,False,-0.19398426151337844,300,2000,23.111282189687092
59,1.2,term,-2.827292493843778,-3.029691877821264,-2.576941775193102,1.9615569349633426,35.03569800182497,-0.11249002090964608,997.4653516278656,-2.8278298062063145,0.24640861359157237,0.8842450000000001,0.8905,0.899,0.8725,False,0.0,300,2000,17.598747452100117
60,1.2,term,-2.2080285361598198,-2.5885056445056076,-1.8513880633545865,1.5395428601879337,34.055674211471825,-0.17283165774883436,905.3068119918611,-1.9421518950948888,0.23386175146862398,0.8857533333333333,0.903,0.9035,0.8815,False,-0.41389206038627435,300,2000,22.858997944990794
61,1.2,term,-0.3612242329156674,-0.501130778886536,-0.18514590366655945,1.517213320807249,34.87871856283371,0.48114273566279353,1035.4226235950496,-0.92755907421955,0.20939631871913236,0.80629,0.826,0.8695,0.8675,False,-0.0461167565863434,300,2000,20.96572953859965
